free_text,label_id
mẹ hết sắp 2024 r mà vẫn sống ở 2022 thật à ? tội dữ v,1
mình thích sống nhanh còn đâu kệ mọi người sống chậm,0
các cậu đừng cực_kì thuyết_phục nữaa 😞 độ chưa đủ thuyết_phục hay sao ?,0
vợ nhìn cái không dám quẩy,0
dân bà rịa khi biết tin,0
cung chi vi đong tien ma mot so người da ban re luong tam,2
"già rồi bà_già . bớt cái mồn lại tính_chuyện đất_đai nằm ở đâu và đi về đâu đi bà_già . trẻ trâu làm gì nó làm , mình quất già cần_cẩu rồi mà tào_lao .",1
nhà bao việc còn bắt đi đóng mv,0
ô này xin làm vl lảnh đạo chỉ tốn thù_lao 1 1 năm đở nhận lắm đó nhe .,1
thoi bot xam lom di_nhin cach beo mac an qua dzo,1
"còn nhớ vụ gài đổi 100usd để tịch_thu cả tiệm vàng nhà người_ta năm 2014 ! làm cho những ai biết chuyện đều liên_tưởng đến chiến_dịch đánh tư_sản x1 , x2 , x3 của ông nào đó không đáng nhớ . .",1
"bọn chó sư khởi_nghiệp này , chúng lợi_dụng sự thiếu hiểu_biết và tư_duy kém_cỏi của tầng_lớp lao_động phổ_thông , kém tri_thức để trục_lợi",2
con dĩ nào bên có gì chị ba có đó đẳng ngang với di_kk,2
chết cho bớt chặt đất . ăn_học mà nói ngu như con bò . mà nghỉ tội cho con bò,1
chưa chiếu đã quảng_cáo cmnr . . lại cắt cmn hết để có thời_gian đọc slogan,1
"mong_muốn khởi_nghĩa để đất_nước giống ukranie , syria , iraq là ước_mơ cháy mỏng của quản_trị",2
diệp đình huy phục cái địt_mẹ mày,2
phải chi nhật có một vị cha già dân_tộc như ông hồ thì_giờ đã phát_triển ngang ngữa đông lào cmnr ! tội_nghiệp,2
nguyễn trọng thái khoảng thời_gian trống còn lại đó nó dành sự quan_tâm cho thằng khác rồi,0
trần thảo thoáng thôi ư ? cũng đặc đặc đấy !,0
fan mềm đâu vào điểm_danh rồi tự an_ủi nhau đi mấy thằng cười,1
đụ má coi ứa gan không,1
tôi không tin chị này là con_người đâu .,2
from quang ninh with lovee 3,0
ai giết được con linh cá_lóc tôi ủng_hộ 100usd,2
cái bọn trẻ trâu miền bắc hô hô miệng việt kiều hàn mang bịnh dìa . r bảo viết thì nói_chung_chung việt_kiều .,2
không thấy con lươn con vào nào bình_luận cụ tổ của bó mãi đỉnh,1
phim công_nhận cuốn vl,0
vì dân thôi,0
ơ cái đ ịt đang ngủ_mê bị mẹ chửi bỗng zưng facebook thế_nào kêu mở za xem thấy cái page chửi thuê đọc vài tí nghe vui_tai rất lìu tóm lại là à xẽ đưa thắm zô idol,1
trung trần vcc,1
chụp xong chưa ông eii,0
đúng rồi chị iu . dạy . họ nó bài_học đi chị con linh lóc này nó bị khùng nhũn_não c tự_nhiên hi kk e mến chị rồi đó hen,2
bà này khùng nặng rồi,2
đất_nước không phải luôn của riêng một đảng_phái nào,2
thằng_cha nào đó sáng lên ti_vi phỏng_vấn danh_nhân thời_đại chiều là thấy nó vào khám rồi chuyện việt_nam,1
là cái nước mà ai cũng biết là ai đấy . nhưng cp đéo dám nói ra,2
tìm chưa ra số tài_khoản của ban tổ_chức rồi 🤣,0
nũng yêu ghê,0
"bao_binh tôi 1 tháng được 20tr gửi về gia_đình chi_tiêu , cũng cái cảnh_xa quê_hương đất_nước mới có được như_vậy , cũng là có gọi là nổ lực như chị ko , chứ tôi nổ lực mấy năm r mà có cảm_thấy giàu lên được tí nào đâu",0
điên ! ! ông này đ iên đ iên mà lai được ccđ mời khi có sự_kiện quá . đúng là một lũ điên có tổ_chức ! !,1
bao_giờ thì định_danh được mạng xã_hội vậy cán_bộ ơi,0
"đm , đúng là mặc đồ như cái quanque thiệtt 🤦 🏻",1
"kết_quả từ sự lãnh_đạo của đả tham_nhũng tràn_lan nên mới gây ra đại_họa này làm đường thì bớt vật_liệu chất_lượng kém , lái_xe thì mua bằng , chạy quá tốc_độ thì đã được chó vàng bảo_kê khi đã nộp mãi lộ , đăng_kiểm thì kiểm_tra bằng tiền . . đmcs",2
sản_phẩm của 1 nền giáo_dục thối_nát,2
lê hồng quang hôm_qua nghe nói nay off stream,0
đầu ốc tôm nên nói ra không có lời nào nghe được . phụ_nữ việt nam không có người nào_phát_ngôn như vậy thật ghê_tởm,2
đỗ hoàng sao nhìn hog giô ng tí nào 🤔,0
lâu rồi không xem . ủa lúc trước thân lắm mà,0
quản_trị ban bỏ những thằng câu like chúc năm mới giúp với . dị_ứng bọn này vl,1
tuân anh trinh bởi đi làm mấy à dạy bậy không,0
gil qq,2
"ăn cơm cũng bị nói , đi họp người cao_tuổi cũng bị cà_khịa 3",0
sao lon dung la mieng cho không the moc nga với,1
minh muon lam dep,0
run men house,0
thương chị huyền mi lắm 🥴,0
à vẫn chăm_chỉ nayd à vẫn cố găng cho đến khi lỗ_đít của à bị mọc đinh 🤧 🤧 kiểu vừa đấm vừa xoa . . rap fofun vl 🤣 🤣,1
xám khí đú,1
lũ bán_nước đang ngồi lên mả bố mày quản_trị chủi tiếp đi like,2
ăn cư c chơ không,1
thân hoài thương ơ lạ cười ghê . ngta hay thì like mà t nghe không hay thì t dislike không được à . ảnh_hưởng kinh_tế gì nhà bạn k .,1
2 lắm anh nầy nói_chuyện như 2 anh ngáo đá,1
error !,2
e không hiểu e có làm gì đâu tự_nhiên e bị band khỏi bộ_tộc so sad vlin à ới,0
"công_nghệ làm sạch môi_trường của nhật cản_trở tham_nhũng của công_chức búa liềm , đúng là chuyện hài nhà_sản",2
nứng nứng_hóa,1
cô ba vàng_ngọc cây cầu trong háng,1
stop làm gì thì làm đừng lôi nhà t vào nha m,1
bỏ_tù đê . cho vào trại để cán_bộ đào_tạo giúp_ích đất_nước,0
ô thế_là bọn chúng muốn giết ai thì giết à bắt người khác chết thay tội_phạm bọn tội_phạm đích_thực phải chết nhiều tên cũng xứng_đáng thôi còn tay luật_sư có bằng_chứng mà không đưa ra tố_cáo tội_phạm thì trở_thành đồng_phạm giết oan người lương_thiện . . chính tay luật_sư đó phải bị chảm đầu_tiên . .,1
nhìn mặt thấy mắc ỉ à,1
phạm văn đồng bớt ngu đi được rồi,2
đi bộ_đội về vứt đâu sống cũng được,0
anh trung manh thú,0
hanh viet,0
hnm,0
hương thảo ừ c cũng nghe câu hôm trước thì phải,0
cc . đm vl to lam,2
ai trả biết à lắm tiền . lắm tiền đi du_lịch tha bệnh về . chứ cứ ở quê như e chăn trâu cắt cỏ nuôi cá . làm_sao mà nhiễm_bệnh đc . bệnh nhà giàu là thứ bệnh mới,2
"rõ là nhà vệ_sinh có nước có vòi xịt đầy_đủ mà nhiều thành_phần cứ suy_nghĩ là đồ công_cộng nên méo cần phải kỹ , lạ_lùng zị đó .",2
"bố cái thằng ad , có cơ_hội lại chả đầu_cơ luôn ấy .",1
"noi dong cham tôi ban tot 16 chu vang la bi ghep tôi phan_dong , , roi co công_an dam dư_luận viên ngu ngoc tre trau cung vo goi la phan dong viet tan potay luon",2
3 sao,0
cám_ơn đảng . cám_ơn nhà nc 😏,1
chửi bậy cũng có phải có văn_hoá ! ! page này giải_trí vĩ lòn . thích thích,1
tổng_tài giờ thành tổng_tù 😡 lắm,1
quản_trị à thanh phố hcm cái củ_cải . kêu sài_gòn đi nghe cai tên éo ưa,1
em cũng muốn như anh 😆,0
"hoan banana tự_nhiên kêu nó câm , m có vấn_đề về thần_kinh không",1
"em nghi să c khoai chê t thi hơ p_ly , tô cha bo n no",1
mình nói thật là bài này như lồn,1
"những kẻ đến mỹ ở và chống trump đều là cái đám không_gian_lận thì cũng lười_biếng hoặc tội_phạm , chẳng đứa nào_là tử_tế tốt_đẹp quá . những kẻ đến mỹ ở và chống trump đều là cái đám không_gian_lận thì cũng lười_biếng hoặc tội_phạm , chẳng đứa nào_là tử_tế tốt_đẹp .",0
đỉnh,0
ủa ngồi live huh,0
đảng đã cho một ta mùa xuân lắm đầy thất_vọng !,2
nửa lớp ba làng còn làm tbt được học kia huống_chi lớp 9,2
cc,1
tuấn mạnh à nãy xem rồi,0
đm cái đầu bạn gì cũng tăng . . đm,1
ở zit nam có một công_nghệ nuôi b . ò mà b . ò này rất luôn hung nhờ nghe nhạc hào_hùng ji ấy .,1
"còn thằng già sepp blatter chế_nhạo anh bẩy sao tụi nó không phạt , đúng là lũ râu_con",1
trung quốc là 1 bậc thầy về hối_lộ .,2
"địt_mẹ mấy thằng hay phân_biệt bắc_nam đâu rồi , các nam kì boys đâu , sao không vào đây phân_biệt hn sg tiếp đi nào ?",2
tạm_biệt à,0
gây tai_nạn giong thong chet người,0
"ô_nhiễm là do không rửa đường nhé , có khi nào ô_nhiễm môi_trường do dân thủ_đô đi ngủ không rửa chân_không các bác nhỉ",2
ủa chứ bữa xin_lỗi khóc tế om xòm mà giờ chửi nữa rồi bó_tay con này hỗn quá,2
shark độ phùng 🤣,0
võ hoài phong xin videoo,0
tại chị trẻ quá mà có 20 tủi thôi,0
thay_vì ở đây xàm cười,1
"nghề chặt chém cũng nơi phổ_biến , lây_lan khá nhanh , có_mặt ở nhiều khá . khó trị .",0
quản_trị óc chó chó,1
bà khùng này xàm thiệt,2
ai thích bóng bánh có_thể theo ông tuấn này nhé . rung với k . o lên ở tường cá_nhân khá hay . có cả nhóm hoàn_toàn free .,0
suốt ngày đi làm ô xin như con chó bên mỹ mà bị đá dập mu 2 lần rồi nên đi đái cũng khó sợ nó nhức,1
đây là một lũ khùng . một lũ u_mê bị lên_đồng vì những chuyện tào_lao xàm xí của con cuồn_cuộn .,1
đại gmtv vậy mày vô đây sủa làm cc gì tml,1
chị_em mà,0
hôm_nay t bán vé phim cho nhím anh_em ơii,0
ở nhật nhưng làm_việc hành_chính theo kiểu việt nam buồn,2
nói ngu còn nói lớn 😆 😆,1
phạm văn lộc lộc idol 😂,0
"thằng viện kiểm_sát kia con cười , thằng chó",2
ê đã bảo cắn nửa viên thôi mà ? ! lắm,1
"thương anh í quá , sao chính_quyền không cho ông cách_ly ở nhà tang_lễ cho tiện nhang đèn , hòm gỗ kèm nến lung_linh cho ấm_áp !",2
hai em đẹp quá,0
nghèo có nhau,0
"miền trong , miền ngoài t đ biết ở nước nào . còn việt nam có miền nam miền bắc và món thịt chó rất ngon nhé , kp cứ không ăn động là yêu_thương nó đâu",0
ê lũ ducanger vào xem thành_tích cm ngày_xưa này,1
"nói thì nói vậy thôi , chứ ra ngoài tụi nó cũng xoay mình như chong chong hà , nói sách_vở tụi nó cũng thua",0
cứ là tiền có muốn lz cũg được vl à,1
nghe thì hư trúc nhưng rất mộ dung phục,0
mất tư_cách dễ sợ,1
khịa vl,1
tế,1
không thống_kê jav có quá bao_nhiêu người hâm_mộ nhỉ 😂,1
hệ_lụy của việc phát_triển đô_thị nhanh hơn tốc_độ thật phát_triển dân_trí,2
và từ đó không ai thấy anh độ nữa,0
chi đep quá .,0
chu c mư ng . em hô duy ha i . mong sư công bă ng cho em . .,0
"quang_vinh le bọn cẩu tham_quan mới có triệu đô bu càng , chứ đám bò đỏ có vẹo gì để bu đâu cụ ngoại bị nhồi_sọ tẩy_não",2
"có gói cứu_trợ phát là bùng dịch nhỉ tội cho cô em tên nhung , không hiểu mô_tê gì thành vật thế thân chuyển_hướng dư_luận",0
rãnh ghê bấm vô coi chi rồi chửi người_ta có diên chết liền,1
cô ơi mắc cười quá 😂 😂,0
anh tiệp về sớm quá chưa tắm biển với mình nữa,0
đm thiên_tai do đổ cũng cộng_sản,2
xám xí,1
việt nam hãy chung tay đấy lùi co_ro na hãy cố lên việt nam ơi,0
oc cho,2
ok fine,0
cực_kì thuyết_phục nha,0
trường_hợp này có cho tao cũng đéo húp levi said,1
"theo tôi thì như_vầy chỉ nên ăn những loài được nuôi nhiều như heo , bò , gà , . . còn ăn chó thì không nên , vì chủ_yếu chó là do người_ta bắt trộm , đó là hành_động cực_kì vô nhân_đạo .",0
mai ông hùng king về bẻ cổ chúng_nó !,2
hải_yến tỏ ra thượng đẳng đ gì đhs t không care lắm ạ đcm đ ai hỏi ý_kiến m,2
"thằng này thò tay ra luồn dưới gầm bàn lấy dollar của chệt , bởi_vậy mấy thằng an_ninh sân_bay của chệt đỏ nó vl chửi ra_mặt vậy_mà nó câm như_hến . .",1
đm biết ngay được mấy anh_em nhật_ký yêu nước tôn_vinh làm idol mà,2
đoán đéo trượt phát nào là k atm đứng đầu mà,1
trời sinh một cặp hjhj,0
chị ba là mẹ của cẩm sục kẹc,2
sai_lầm lớn nhất của tuổi_trẻ,0
táng chết_cha tụi mày lũ học_trò l,2
phương trần đúg dồii,0
uầy 🤧,0
địt_mẹ lu quan tham ba n nươ c .,2
bổ_sung thêm cho bình_luận vừa_nãy of anh . em chợt thấy cái này rất hợp hoàn_cảnh . harry lê,0
hahaha súng bắn xạo vl,1
dắt lắm như dắt con mấy bò 😌,2
rất buồn . . ngủ,0
ngầu quá chú êy,0
"m thằng dốt nó không pik đăng tào_lao e ak , chứ móng trụ không đạt dựng trụ nó sập oy , đâu dựng lên thành_hình rồi kéo dây , đổ_thừa con bò kéo sập trụ . đúng là mấy thằng ngu như bò",2
giống lão gà mên teong là xì trum vl,1
"an noi nhu cuc , mat nhu thu vat",1
cười trend cai .,1
đmm . luc trước may bợ cười nó . jo chưi no . do suc vat . bede thay pai roi . nghiep chuong,2
con cho,1
tiến đạt phạm rèn_luyện tay_nghề đến đâu rồi em,0
ngọc diễm,0
tốt nhất không nên ăn để khỏi phải nhầm_lẫn,0
mình cứ tưởng bắt lợn để thịt cơ_hóa ra là công_an đang làm nhiệm_vụ,2
cú vl cười,1
hí anh_em là hiểu off sờ trym r đó 😂,1
"thương bác trong , bác mất đi là mất cho đất nuoc một nên kinh_tệ , giờ để ly sau bộ làm ngửi dân chan nan lam",0
con này nó như con hấp ấy,1
chị ba vàng_ngọc đẹp và sang chảnh quá,0
giáo_án của thầy nè v,0
chắc có 🤣 🤣,0
cũng do não thằng quản_trị thôi bạn ạ . đừng trách,2
tởm . .,1
biện_minh cl,1
huỳnh châu chết cdm thầy rồi,2
học lớp ba làng còn làm tbt được nửa kia huống_chi lớp 9,2
giờ mới biết con_mẹ giựt nợ minh hiếu,1
"page thối_nát . . cứ ông_ổng như lợn rống . . có giỏi về đây mà cách_mạng , tao theo . .",1
con_gái ơi cu quay nhiều video chủi cộng_sản vào cháu ơi làm như vay là đường về con không còn nữa,0
cảnh_sát giao_thông việt_nam nổi_tiếng_thế_giới luôn .,2
best toán_học,0
"công_danh nguyen mỹ nhiều đảng văn_minh thế dịch chết nhiều , mà sao mày chuâ mắc phải kk",0
họa từ miệng mà ra,1
anh_minh chậm cái con cặc,1
nguyễn khánh huyền,0
khoe puồi,1
2022 offline fan trần tiger tại việt_nam nha bà_con,0
"hiệp đinh cái thứ tay nhanh hơn não mà cũng có tư_cách nói à , , chưa biết ai hạ_cấp đâu , m nghĩ ai cũng như mày á , biết bệnh mà vẫn á",2
th không mấy im mồm đi xàm,1
yêu cô quá đi,0
mang mật_vụ poppy sách phép đi khắp thế_giới,0
fan cứng ? ? thầy lồn cho tao fan cứng chúng_mày ạ . . yêu thầy dấu bé ba,2
nguyễn hữu nhân đớp cả của cháu . thứ mắc dạy,2
"1 con phô đang xinh đe_p , nê niê p bô ng thă ng cho quản_trị no i a trươ c cư a nha no . ngươ i ta không cho , no ba o i a như thê đê_ta o mu_i thơm cho khu phô . no thi ch sư kha c bjê t la thê",2
sói said ông_già đang đánh t không trượt phát lào giờ phải xin_lỗi,0
người trong sd ngro mà tối cổ 🗿,1
thằng_cha tập qua đây dân mìh nó xem như choá,1
chả làm gì cũng có fan cứng,0
hơn 48 tiếng trôi qua lặng lõe,0
tại thằng quản_trị mà đỉ quen luôn rồi nên nó xem đó là việc làm cao_cả í làm,1
2 từ mất_dạy,0
sao lớn rồi cũng có tuổi rồi mà sao ăn_nói thiếu văn_hóa quá 😒,1
hôm trước ngột_ngạt quá nên sinh_bệnh đó mọi người,0
đến game cùi này cũng có học_trò thầy,0
"hãm lồn đã ngu mà văn tiếp_tục ngu đi khai_báo cho dư_luận biết là đã bỏ tiền riêng của mình để xây_dựng đền đồng_bóng , theo luật irs mỹ bất_cứ một công_dân mỹ hoặc thường_trú nhân ở mỹ khi ra nước_ngoài làm_ăn đều phải khai thuế với irs , không biết ông thầ",2
"đù dại ghê , bọn đấy ngày nào nó cũng lên phường xiên cho nó 1 cái , đuợc tiếng luôn , vào khám mấy anh_chị cũng thương , xiên hết mọi thằng trên phường luôn cho nó sum",1
cái nền bóng_lộn không chợt mới_lạ,0
trung quốc chắc_chắn sẽ không xâm_lược láng_giềng . vì công_cuộc xâm_lược đó đã được trung_quốc hoàn_tất lâu rồi .,2
"đôi_khi có rất nhiều điều tâm_sự nhưng không biết phải nói thế_nào , phải nói cùng ai .",0
quý bên minh hang f1 dưới 200k thui 😂,0
quan_ngại mà dân sắp đéo ngại đâu y,1
vcl đợi không mất thời_gian đme cười ị,1
"thích thì nhích , ngon lắm nhào zô kiếm_ăn .",0
thiệt là đỉnh kout,0
"luật nhân_quyền của mỹ dành cho honhkong thật_sự rất good . lũ hắc cảnh đã rón dái hết rồi các bác ạ , làm chó_săn cũng để kiếm tiền đi sứ giãy_chết , mà giờ bị áp chế thế này thì làm chó chi cho người_ta chửi nữa chứ 😷 😷",2
"nữ_sinh chạm vào mà công_an đi tù 9 tháng , công_an chạm vào má chị bán hàng rong chảy_máu tạm đình_chỉ z báo còn viết thêm chị ấy chăn_dắt ăn_xin mới ghê",1
mày đéo xứng_đáng làm người dân nam_định,2
đcm . phạt ! phạt cái loz . cáu ! !,2
"khủng_khiếp quá trời , loại đàn_bà này có một không hai trên thế_giới 🙈",2
cho xin cái tuổi bạn ơii,0
phải công_nhận à độ nhà mình lời thoại nhiều thật_sự,0
ăn cơm với cá mồm tanh chết mẹ thơm người_ta không vả vào mồm thì thôi 😂,0
"nếu nó niêm giá thì lỗi do người mua mất cảnh_giác ! sống thật ở thiên_đường mà mất cảnh_giác là sa_chân xuống hố ngay tức_thì ! đi xe_ôm cũng phải hỏi giá , mua bánh_mì cũng hỏi giá . . đến hối_lộ công_an hay bác_sĩ còn có khung_giá ! không hỏi thì đừng trách . . thiên_đường khốn cmn nạn !",2
đù má thùng rỗng kêu to,1
nghĩa_cử cao_đẹp của người thầy_thuốc . kính_cẩn nghiêng_mình tri ân_🙏,0
có_lẽ là không được rồi 😢 😢,0
"mẹ , sao bộ không mở cửa_hàng kinh_doanh bán bình luôn cho dân , không lại phạt vì mua phải bình đểu",2
2020 r mà não mấy thằng này không nhanh lên dsc tí nào,2
tym luôn anh ơi,0
lại có tiền bỉm sữa cho con zai rồi,0
cái môi của bad này không biết dùng từ nào để tả . chỉnh_sửa nhìn ghê_vl,1
đéo nói nhiều 🙂,1
đừng anh êii . tùng sói đẹp lắm rồi,0
bác_sĩ chữa khỏi bệnh cho một người trả tiền cho bệnh_viện nó khác .,1
cô trần thị nga bị nhà cầm tiền việt nam bắt tù_đày chỉ có một tội duy_nhất đó là . . !,2
ai dám đụng đến thằng bạn vàng của tao_vậy ?,0
muon tan 1 phat vao mat,0
ảnh gốc,0
🌝,0
bán linh_hồn và não cho quỷ r thất_vọng làm j,1
thương chị quá,0
lê nhật trâm khúc cuối quái_vật táp đứt đầu kris 😞,0
vấn_đề bv đi quản_trị e mình bục ruột r khám ở bv xong chụp xquang các kiểu địt_mẹ bác_sĩ vẫn nói không sao giữ 1 tuần bảo xuất_viện thì không cho may hôm_qua kịp xuống hà_nội khám nta bảo mổ bác_sĩ mà chả khác j ăn_cướp chụp xquang thì nó bảo phải chờ mai ms chụp được hãm lồn v,1
mikaela hyakuya chủ_tịch cái này gì tầm vẹo . . đinh_la thăng còn hẹo . thật . dăm_ba thằng chủ_tịch ghẻ,1
nhớ uống thuốc đều_đặn vào ơi cô,1
"chồ ui , ăn mă c se t si qua chi minh hiê u ơi !",0
"đây đích_thị vl là chính_sách ngu dân mà . . bắt_chước các nước tiên_tiến trên thế_giới thì không bắt_chước , muốn đua_đòi theo các nước kém phát_triển",2
"trần long ẩn , lê cung . hai đứa mầy mở_mắt ra xem thiên_hạ chửi .",0
mặc_dù em đéo có người_yêu nhưng vẫn thấy anh nói đúng vlon 😪,0
cộng_sản thu doan ban thieu biết danh không lai ai lay người dan lam bia do dan huy hiep ct,2
có à ưi,0
"móa , tài_sản mấy ổng từ cướp dân mà ra không chứ ai",1
đổi sương sương ăn tết,0
yêu thầyy nhiềuu,0
anh nên xuống địa phủ chơi với diêm vương cho đỡ ngột_ngạt nhá anh,2
kể_cả mở nắp bồn_cầu cũng_nên đái nhẹ_nhàng và thanh_lịch thôi . đm rớt vài giọt ra mép bồn_cầu t nhìn mà tức nhức nách,1
lanhx ddaoj gif nhuw con buif chir bieets chui voo lonf,2
khánh tướng quân đã xem,0
chậm thôi cc 😆,0
thua kiện rồi tẩu_hỏa_nhập ma rồi hả thiệt chứ nhục_nhã ê_chề 😂 😂,1
con mụ thần_kinh,1
mệt quá thầy ạ 😞,0
thôi thôi ông im cmn . lắm đê . 🙂,1
hay quá chị idol ơi 😍,0
sáng_mắt sáng lòng chưa hả 90 triệu con lừa .,0
đéo còn nời lào để lói,1
mai thu phương hnao đi make nhớ bảo nta,0
"nail là 1 nghề như nhiều nghành nghề lương_thiện khác nhưng dưới bàn_tay đen_đúa của tuyên_giáo nó thành 1 cái nghề thấp_kém , hạ_đẳng . nghề nào cũng để kiếm sống , nuôi sống gia_đình , phục_vụ xã_hội cộng_đồng không phân_biệt giàu_sang hay thấp_hèn . bản_chất của cncs là bình_đẳng bác_ái nhưng những hiện_nay họ đang thực_hiện hoàn_toàn trái_ngược .",1
"ai sai cứ nhốt cho vào tù chứ anh tô bị oan lám , oan oan tương báo . tiền của dân đó . huy đông bộ công ăn là thừa nhá",1
đúng . cần phát_huy những người có ý_kiến sán quá suốc,0
hahaha . đĩ nl . con bà 2 sinh cl bị sình đó bạn,2
em lại thật xạo lồn,1
các chú công_an hình_sự còn phải đi bắt_lỗi giao_thông lên gd thông_cảm . . cai j kiế,0
đào du dắt_mũi hết culi m10 e nhỉ nhưng đây là tin thật,2
địt_mẹ con bóng muộn_màng nhìn gốm vcl,2
"anh_em này bộ thể_thao mà , j mà tình_cảm tùm_lum v",1
điên ! ! ông này điên điên mà lai được ccđ mời khi có sự_kiện . đúng là một lũ điên có tổ_chức ! !,2
ngọcngà lê kế_toán cũng méo có lương thì trách ai,0
con cẹc,1
linh pig trend đó,0
phương bim ai_bảo bà cắt cho tôi thế này hả ? 🤣,0
ba n nươ c hoa 500k như nươ c la . . ko thơm_tho gi hê t . . like trim thi chư i mă n cha me ngươ i ta . . giơ kho c rô i ha . nhân qua đo e ơi . . ba n ha ng thâ t đi . .,2
bao chimiinh anhny thảo người ba ria,0
hanh viet đấy là những biểu_hiện của những đứa tretrau chính_hiệu đấy bạn ạ . thề vào page nào cũng thấy cực_kì tp 😑,2
hoàng lệ phát_biểu ngu quá ! quá xây_dựng thì không có thấy toàn kiểu chia rẻ ! vớ_vẩn,1
"con nay kieu ha , , mo cua no an cuc nhieu qua , , nen len mang sua qua troi , , do phan quoc , , mo lon , , linh an lon dap chet me no_di , , con cho vua gia vua sau",2
có một người đàn_ông nọ đứng ở giữa quảng_trường và hét to lãnh_đạo đất_nước là những thằng ngu .,2
khắc tiệp thì lấy việt tiệp khoá mõm lại,1
mặt nó lại ngáo 🤣,0
dương thành nguyên,0
giống công_an sĩ cẩm ly wa z,0
độ khuyên mọi người ủng_hộ cho sếp hơn view của bọn chó bts đi 3,2
chắc anh quên chưa kéo lên thôi,0
thầy tôi ơi 😆 😆,0
"vài bữa mà ho như chó sửa quá , thì bắn mày luôn nha .",1
thoại trần chính tã ? ? chó chê mèo lắm lông . . gạch đá đủ xây nhà chưa bạn,1
tội cho anh ấy tới bước_đường cùng rồi sao mà khổ_vậy,0
0378705519 cho con với ba oi,0
mày ngu vừa thôi quản_trị,1
chi ba co căt cho gi khoe_khoang sao lôn,1
"to su ong can , deu co ong can nao tot . luôn ong can tot chi thay trog phim . sao không co người nao di_cung chu",2
cái chế_độ vl này bàn_tay nhuốm máu không biết_bao_nhiêu người tù vụ cải_cách ruộng_đất cả trăm ngàn người chết đến vụ học_tập cải_tạo thêm cả trăm ngàn người chết !,2
"chị ba nói cai gì chị bà củng có , z chị ba có con cu hok , con có con cu nè",2
xàm quá,1
"khôn nạn đến mức đưa mae koy ra làm con tốt_thí , chơi bẩn_thỉu đến thế_là cùng",1
"cán_bộ thượng công_an còn xuống_cấp nghiêm_trọng thảm_hại . . sao trách dân đòi dân phải ngoan , , bất_chính hạ ắt tắc loạn . .",1
chế_độ này bị hủy_diệt là đúng lắm 😢 😢,2
"vụ này nghe lâu rồi mà , có vụ yêu_đương rồi tặng quà nữa , rồi tặng thẻ game nữa , bá đạo thật , làm như dễ lừa quá , tình_yêu làm như trò_đùa kk .",0
nhìn mặt cụ chắc vào đảng của rằm tháng 7,1
anh lại trốn rồi,0
việt nam hiện có rất địa_chánh_trị chiên da quân_sự và nhiều . còn chiên da kinh_tế tài_chính thì phải cả chục nhưng toàn hiến_kế lừa_đảo .,1
tiếng việt nói mấy câu thông_thường cũng cầm giấy,1
"nude tiger cười tiên_tri vũ_trụ , kiêm cố_vấn số 1 hoa kỳ",0
bò đo ủng hô 100 .,2
cười từ hồi tôi thấy hình diễn_viên hài công_lý được in trên sách luật . tôi chợt hiểu ngay ý_nghĩa của bộ giáo_dục muốn truyền_tải thông_tin . pháp_luật là thể_loại hài_hước v . sợ rừng_rú quá đi thôi,1
đảng đã cho ta một mùa xuân đầy thất_vọng !,2
quốc thắng trương nguyễn phương thùy làm_giàu không có khó,0
cdm,1
còn tốt lắm 👏 😂,0
chỉ có những người ngu lâu dốt bền mới khoe của,2
con gia nay chuyen gioi ho nhin ge qua,2
1 diễn_biến khác,0
yêu ghê trời_ơi,0
"chinh nguyen chinh nguyen bên anh không chữa nha , đi khám về cho thuốc tự cách_ly . nào chết nó ms lại xét_nghiệm xem có chết vì virut k . sợ chết thì về việt nam thôi , chứ tiền nhà nó đốt mấy_đời ms hết nổi",0
bà này xạo khổ mà cú nói giàu,2
"xàm , ăn_không rảnh_rỗi l , dịch không giúp được ai thì thôi còn chửi nhau đăng lên , chụp gạo đồ , trẻ trâu",1
lê quang trường đi không,0
con này em ruột chà_mu hay gì mà ăn no i cốt_cách lươn_lẹo giống nhau ghê,0
đám sạo lồn,2
toang thật rồi là 1 fan bóng_đá buồn thật chứ không được xem đá bóng rồi haiz,0
nể mấy đứa bình_luận kêu ghép ghép ghép cl nekk chứ ghép,1
thối_nát . đkmm,1
tưởng không có tuổi với vong ba gà,1
"mày làm như lên cái là hết trộm_cướp ấy , với cái xã_hội này chỉ có_thể hạn_chế thôi là đã mừng rồi nhé",2
đm chậm thôi,1
kay vờ lờ .,1
khẩu nghiệp chêt mẹ may đó trời qua báo may đó hồi xưa may chửi nhiều người . bây giơ trời qua bao may_đo minh hiếu may gu rang chiu kk,1
tên loài sinh_vật lạ dư_luận_viên,2
từ khi con rùa chết ! ghế này khó ong nào ngòi yên ! !,0
ăn cơm đạm_bạc thôi các bạn . . ?,0
đm thầy luôn nhớ thấy cười,1
"không so với mấy nước trong khu_vực đi thằng_cha mày , cái cc j cx nói đc , nghĩ mình thông_minh thâm_thuý à",2
việt nam nhiều ảnh_hưởng nhất chắc chỉ có cali anh_hùng . xâm_lược hẳn 1 bang của mỹ cơ_mà,0
"thằng này đéo hiểu tiếng người rồi , ở trên nó có để link , vào đọc cho hiểu đi . ngu mà gáy to",2
nhìn bản_mặt thành long nhầm tưởng nhân_hậu nhưng bản_chất vô_hậu,1
"sàn nhà làm chắc_chắn thế_mà bọn phá_hoại lau sơ_sơ đã hỏng rồi , chán !",0
tâm dương unknown brain matafaka nha,0
đỗ huy văn vl 😂 😂,0
lúc_nào cũng full black,0
chị mh nc có duyên thật,0
đúng là tuổi_trẻ chưa trải qua sự_đời,0
nghe anh kể sợ quá ! chắc phải nghe lại bài bắc kim thang cho đỡ sợ,0
quản_trị lại sủa,2
lê chứ người ư ? sinh_vật hạ_đẳng huyền ngươi ai lam thế .,1
toàn giáo_án máu lồn chảy ngược,1
đoàn văn ngọc sơn abe dám cà_khịa sơn đậm sâu,0
anh anh cái củ cc đấm vào mỏm cmm giờ,1
"thành lê cái lồn mẹ mày nha con chó koi chừng tao bắt con_mẹ mày ra cho chó giao_cấu , bắt mẹ mày làm_tình liếm cặc mút cặc chó đến khi nào nó bắn_tinh , chị e nhà mày thì xếp_hàng chờ con chó của tao chơi con_mẹ mày xong thì đến lượt ăn cức chó của ta",2
"mồ tổ cha mày . đăng mà cũng lược bỏ đi chi_tiết cty hổ trợ 1thùng number one , bình đựng nước_đá . nhưng anh này . . tham thêm 1chút là đòi 10 thùng number one . đừg ngu mà tỏ nguy_hiểm_nha quản_trị",1
nguyễn thành_công thầy cố_tình vậy để đỡ mất_công biến về đấy,1
mày không thay_đổi thì không_những bị khóa mõm và khóa luôn cả tay mày luôn,1
anh trung lòi dái,1
"chúng_nó quên nhiều thứ , nhưng ăn_cướp là việc chúng_nó không bao_giờ quên",2
hồng trần ui ở dịch vọng này,0
chết chắt 💀 💀,1
ngon phết nhờ,0
thôi ông im mẹ mồm,1
"đôi vỹ không biết nhục mới đi_đạo nhái , những thằng fan là nhục gấp trần vì hâm_mộ thằng đạo chất_xám của người khác",1
"page này thành phản_động ak , dkm toàn post nhảm không",1
đổi cờ hay kỳ gì cũng không đổi cái rẻ rác_rưởi ba_que đâu nha_bác,2
khắc sirô cường đông lào 🙂,1
có_thể suy ra 84 nhất_trí là máy thằng mặt lồn tham_ô,2
"cái thèn báo đời đó , nó nói đi sao không dủ nó . kk",0
hạng_mục thầy_giáo cute nhất hệ mặt_trời,0
nhìn phát biết dân_chơi,0
nguyễn thịnh 6 múi luôn kìa,0
địt cụ m thành lê nhé,1
"bá ý khẩu nghiệp nặng lắm nha , đầu_thai ch hết khẩu nghiệp nhận_xét",1
loại là phải chơi lại gấp thật 10 lần . . nhân từ với loại này này tàn_nhẫn với bản_thân,1
"nguyễn thuận không hay thì nói không hay , ý_kiến cái đéo gì ?",0
chỗ này ở đâu ấy anh_em nhỉ v,0
vũ hạnh dươngdương gắt nhờ 🤣 🤣,0
đéo biết gì thi ngồi im . chỗ đấy có long_mạch của đất_nước đấy chuẩn_bị đầu_tư 20 tỷ để vét máng cho sạch đó .,2
tag sela vô,0
idol tiger mau về việt_nam với chúng cháu nha . thấy rất quý bác .,0
bình nguyễn tao đéo lấy được tiền mày ạ . ức điên người,1
lại một thằng óc luôn chó tôm .,1
vcl tự_nhiên chửi người khác ngu rồi đem trường_hợp ngu của nó ra ví_dụ ! đụ_mẹ thằng lỏng bao dành hết phần ngu người khác ! não teo rồi hoá chó à,1
mình mua chai 300k ve_sịt nhứ cái quần què thấy mình ngu ghê luôn,1
"ai bắt_buộc anh mày làm , vô nào chứa_chấp cái loại vô pháp xã_hội thiên như_vậy .",1
thầy gê thiệt,0
trần ngọc dũng người bắc thì nói bắc . . có cc quá gì mà phải nhột ?,2
ở việt nam án chính_trị với kinh_tế đi tù chỉ thiếu mỗi tắm biển còn nhìn sang tổng_thống hàn quốc đi tù có cái đệm nằm cao hơn 5cm so với tù_nhân khác thì dân biểu_tình ngay rồi phải nằm đệm như tù_nhân khác,0
chỉ có mấy con thùng thần khùng và vô_học mới khen hay và mùi đả lớn mà nói tuc mà mọi luôn người còn cổ vủ hay hư tinh toàn bị tôi học coi đi_đồng nay sắp lắc đi,1
chao chi ba,0
sự_kiện cc gì được 2 tuần,1
tuổi_trẻ chưa trải sự_đời 💁,0
"nó đi du_lịch bị lây cũng không có gì để bàn_luận , cái chính ở đây là nó khai gian , nó nghĩ nhà nó nhiều tiền vl , về nhà nó lấy tiền nấu thuốc uống sẽ khỏi bệnh , cái lịt mẹ nó con chó nhung 😡",1
gdd t với t làm được gì cho xã_hội thig lquan đéo gì tới m với cái ch đang nói ? thành_phần như m tốt nhất nhập_tịch trung quốc đi . xấu mặt việt nam lắm,2
1 câu thôi là quản_trị ngu như con chó chống_phá nửa_mùa xàm le xàm lông xàm lá,2
thủ_tướng thì lấy đâu ra . ủng_hộ nhiều lại bảo là lấy tiền của dân ra ủng_hộ . tội mấy bác làm lãnh_đạo quá . có tiền mà không giám tiêu . toàn gửi ngân_hàng nước_ngoài,2
nghe tới bạn_bè óc chó nổi cục . . ớn xạo cười không hà . . thứ ăn cháo đá bát em thấy nhiều chị ơi . . bớt giận bớt giận 🤫,1
t khép đít lạy m !,1
trèo cao ngã đau nhé thầy ngu,0
ở việt nam án chính_trị với kinh_tế đi tù chỉ thiếu mỗi tắm biển còn nhìn sang tổng_thống hàn quốc đi tù có cái đệm nằm cao hơn 5cm so với tù_nhân khác thì dân biểu_tình ngay rồi phải nằm đệm như tù_nhân khác,0
nhìn cánh_tay là biết đàn_ông rồi,0
thắc_mắc hơi buồn_cười . bộ y_tế mà_lại cải_thiện tình_trạng thu_nhập thấp v,0
con di_trùng du_học 😂 😂,0
t thấy khánh chi nói_chuyện chớt chớt sao á ta,1
chuong trinh sam lon qu à,2
ác với dân đi sang đó làm gì,1
v . . cộng_sản nó làm gì nhỉ ?,2
nhìn mồm con này ! nó có dập đầu nghìn lần cũng không_thể tha_thứ cho nghiệt trủng này,2
tao đoán là bọn ngoài bắc,2
hài vl,0
anh kiên tổ_trưởng đang lập_công mừng chức mới_đây mà ! bởi_vì nó chả ảnh_hưởng đến người nghèo nên_chăng anh tư_vấn cho thủ_tướng dựng 2km một trạm luôn cho máu đi anh !,2
"cái chừa cho tội tài lanh , dmcs",2
"các là đúng thôi , thật ko thì xóa_bài ông lãnh_đạo bị lôi cái đuôi ra , có quỹ xóa_đói giảm nghèo có mà",1
thằng chó này 3,1
mỗi người 1 công_việc . . dm thằng đăng bài ngu đéo chịu được,2
đây là lính của tô lâm . tô không sai thì sao lính làm,2
chi ba là số 1,0
"6 700 triệu tiền ship tháng , gì dữ z má , nói không sợ thụt lưỡi hả trời , ship hàng ra nước_ngoài còn chưa tới cỡ đó , mầy ship ra thật sao diêm vương cho người ngòai hành_tinh hay gì mà dữ z",1
tôi sợ bả nói thêm cái câu phía sau i love you chu cà mo quá,0
bởi em sinh ra đã mang_tiếng nghèo nên chờ nk sale đến 20 khi mua từ 2 sp em mới dám qua,0
tắt cái bảo_vệ ban_đêm đi dkmm,1
"vậy_mà mày nói tại vn , đẻ ra tiếng việt nam đấy quản_trị chó lắm à",1
đã trỡ về thời_kỳ nguyên thủy_đồ đá ?,1
chư_bă t ki nghe thâ y thi ch rô i 🤣 🤣,0
"bửa nào kêu bọn đầu_gấu giết hết gia_đình ad . lúc đó nó sẽ post giết người thì nó bắt , trộm nó bỏ_tù , lương_thiện nó tha . mồ tổ cha mày rảnh hơi , hết chuyện làm hả mậy . gặp tao là tao g . i . ế . t lun chứ bỏ_tù chi vl",1
nói j thì nói nghe giọng khàn vl khàn éo thể_nào yêu được 😅,1
"khoan nói_chuyện xây cái cổng nhưng thằng add óc chó chó quá , người nghèo mà mày cái đéo gì cũng lấy ra làm chuẩn để không được làm cái này cái khác . bây_giờ là cho người nghèo cái cần chứ không phải bỏ tiền vào mồm người nghèo , không là nghèo bền_vững đấy .",1
nhím săn em này,0
ở với sản . . bạn đấu_tranh họ cho bạn là phản_động . . khi sản sai . . nó sẽ rút kinh_nghiệm . . đậu_xanh rau_muống . .,2
mấy thằng bảo không có k icm thì jack cũng không làm được gì,0
tr oi tin được hk kon di_dag kiem khack,2
nhưng bạn ngồi trên oto bạn còn lo trả lãi ngân_hàng ! còn người đi xe_máy người_ta không cần phải trả lãi,0
. ai khịa thầy là chetme đó nha,1
như cl,1
may co dam ve_viet nam không . . linh l may tu gio dung len mang khoc nha dam noi dam lam linh long . .,2
chụt chụt,0
lũ ngu dân,2
trở_lại thời phong_kiến bá hả,1
"mọi người cứ yên_tâm ở việt nam covid 19 rất khó lây , nó chỉ dễ lây khi đứng đối_diện , nói_thẳng bắn nước_bọt vào mặt nhau thôi . mà người việt lại hay nói sau lưng",2
thanh nguyễn việc nhẹ mà lương cao nak 😂,0
"đúng thế , lòng tin của bác rất chắc_chắn , ngay cả học_sinh cấp 3 vẫn còn đi học được thì sợ j con virus",0
à tôi 😂 🤣,0
mi_my đọc biểu_cảm,0
hoangg an hợp_lý,0
trò gì mất rạy . . 😁,0
bả bị say thuốc sao vậy,1
ngânn lào keyy,0
cực_kì cái con mã mẹ tụi mày chứ thuyết_phục 🤬,2
dở_hơi đeso chịu được,1
"bây h tại trung_ương thành đại la toàn đỉnh cao_trí_tuệ , nơi những con bò tự_hào luôn rống lên rằng việt nam_vô_địch , ra đường người với người thì luôn tỏ ra ta_đây hống_hách về nhà say rượu đánh vợ như dog , có chuyện lên phường thì cúi đầu im thin_thít tìm người_thân_quen để bỏ phong_bì , dưới chân thiên_tử mà như cc 😤 😤",2
bá bẩn_thỉu quá à be ơi 3,2
nghiệp quá tr,0
giọng miền tây nghe chất_phác,0
nguyễn đức ánh lại thêm thằng ngu thíc sủa bậy . .,1
lợn trưởng tộc luôn béo ú . . hàng_xóm nhà nó . . lắm cũng có một con . . 😅,2
trang lồn trâu này chả khác đéo gì việt tân . fan thì địt có ai . toàn gây thù chuốc oán cho nhau . còn những thằng bình_luận ở trên với những cái suy_nghĩ lệch_lạc cũng chẳng khác lồn gì lũ bán_nước .,2
bác vi đại qua,0
chửi_bới công_an nó cho ra đảo rùi chán ghê !,2
tú anhtrần phương dung tiên nè,0
thế này thì chịu rồi abee ơii,0
biết đi thì làm vậy . nói đạo_đức chỉ là chỉ là đàn vl đánh trâu nghe,0
ui dyt mẹ dân còng lưng ra quá gánh . thuê đánh x2 . đéo mẹ đổi_mới cuộc_sống,2
nếu nó khai_báo cẩn_thận thì cả máy_bay bị cách_ly ngay từ đầu thì có phải giờ đỡ khổ không . chúng_ta đéo nên bênh các bạn ơi 🙂,2
chuẩn lắm rồi,0
mong mấy bác được cách_li ở nhà đừng trốn là em vui rồi cứ đi nhông nhông thì em cũng sợ,0
còn cách thứ 2 là chôn sống nó chôn chừa cái đầu nó lên_mặt_đất đó mỗi khi buồn lấy cây sắt đâm lên đầu nó lòi óc chó ra kìa mới hả_dạ chứ con này chết là hồn siêu phách tán luôn nó không đào thai được đâu các bạn àh khẩu nó nặng lắm roi,2
được vl luôn abe ạ,1
comment dạo để được fan cứng,0
thầy ơi aashiba 😂 😂,0
con nay ban do nhu vay ma cung co người mua nua ha tôi,2
tâm_huyết cả đời thì cũng phải xin phép chứ . biệt_thự trăm tỉ còn phải phá kìa . hay ở mỹ xây nhà_tổ_nghiệp là không cần_phép,0
"công cha như núi thái sơn , nghĩa mẹ như nước trong nguồn chảy ra , rảnh về phụ mẹ giúp cha , cực_kì thuyết_phục mả cha chúng_mày",1
chúng em vẫn phải đi học,0
con minh hiếu bêde già mất_dạy,2
lz ma no do,2
xã_hội công_bằng dân_chủ văn_minh ! vì_thế này nên có gì cũng nhác kiện tiền đâu mà trả ! d,0
bố lạy mày đừng hiếp_dâm thị_giác của bố nữa quản_trị à 😂 😂,1
"công_lý cái địt_mẹ m à , công_lý xử doanh_nghiệp còn dân sai thì kệ mẹ à bố m đéo uống cái gì của thp cơ_mà để những con chó như m cắn càn thì xã_hội loạn cmm r m phạm_tội xong m kêu m nghèo , mù_chữ đéo biết luật thì m vô_tội à thằng ngu luôn , hay m lại bảo nó tống_tiền là đúng đi",1
luật đã quy_định như thế_thì . . đếch cần một thằng tiến_sĩ chuỗi nhu ông . . nghe mà không biết đường phan biên thì sẽ trả_lời nhu ông tất . . vô_sỉ . .,2
nhạc nền là bài gì v nhỉ,0
đúng là con_người mày không có ý_thức dân việt_nam chúng_ta không bao_giờ lắm con cho cái ?,1
toàn bọn cá gỗ 37 38 trèo rào vào mẽo đấy hahahaha,0
tộc_trưởng nói nghe xàm cặc . nhưng em thích,2
"chỉ cần vài quả bom sang đảo đài_loan , cả tg cùng chậm công_nghệ chứ riêng gì trung quốc cười",1
chùm cuối vẫn là k icm 😂,0
"hội bảo_vệ trẻ_em phụ_nữ tiêu tốn ngân_sách 1 năm bao_nhiêu tỷ , có làm được trò gì không ? bao_nhiêu trẻ_em bị bạo_hành , lạm_dụng , phụ_nữ bị hành_hạ đéll bao_giờ thấy hội thối đấy ra_mặt bảo_vệ",2
éo hiểu thg này trong đầu nó chứa gì chưa cư . c chắc luôn,1
to lam cuop cua dan .,2
luc óc chó chó này ăn lắm cứt quá,2
quản_trị óc chó con chó rất lồn,2
nguyễn hoàng đan phương tự_nhiên lại nghĩ đến m,0
"tự_do của đế_quốc mỹ_nhân_quyền ra là muốn đánh nước nào , muốn cướp nước nào là tự_do hả ? ?",0
dừa,0
thô nhưng thật,0
"này thì không biết , nhưng biết nhà của cuong quoc trữ hàng nhiều nhất nha",0
ngó lên trời,0
vui cùng em bóp vú bên đường 🤭 🤭,1
ghê,0
nơi sản_sinh ra tham_nhũng mà không có tham_nhũng . cũng lạ,1
ơn trời . idol vẫn khỏe,0
"cộng_sản toàn lũ tư_tưởng độc đảng , qua bên mĩ còn tư_tưởng độc đảng như china",2
xe chở súc_vật mong người dân hãy tránh xa đề_phòng súc_vật phóng_uế lung_tung làm mất vệ_sinh .,1
rác_rưởi háng như_chơi,0
giá đã niêm_yết . ngu mua đắc_chí để thằng quản_trị sủa . tuy_nhiên cũng phải chấn_chỉnh cho thật nề_nếp,1
anh 3 oi . anh lam gi co lon ma chui . hahaha,1
anh có_thể bớt xạo cho dân_tình đỡ ghét anh đi,2
im mẹ mồm,1
"buồn ghê , toang liên_tục",1
lớn mấy tuổi_đầu rồi nói cho như thằng không não ? ? vẫn cố làm_trò ngu_si của mình để câu view ? ? não cá_vàng éo hiểu sao được lm youtuber bệnh_hoạn vcl chửi cho càng bị bệnh nặng,1
một thanh_niên rảnh cười cho hay . đcm nhà mày nó có tiền nó có của nó muốn làm_sao nó làm nó không bỏ ra 500tr nó quyên_góp nó kêu_gọi quyên_góp thì lấy cười đâu ra người quyên_góp thiết_nghĩ mày kêu go i quyên_góp thì chắc được đồng cười nào mà phán loại mày nổi_tiếng như nó chắc j đã cho dân được đồng cười nào . nên đã không có cho thì đừng đáp c ứ t hội_đồng rảnh cười,1
chắc_chắn cô gái kia là thằng nhism,0
cả một lũ sâu_bọ . chó_chết,1
toàn trịnh nó tốt hay không thì kệ mẹ tụi nó,1
thằng hùng với bà 4 nha đụ nín thở_nhe à tuân .,1
có lửa mới có khói . cũng như vụ tiên lãng hải phòng mà thôi . chết oan cho bọn 🐕 tham_lam ăn_cướp,2
thiếu 120 triệu không trả,0
jack có ước_mơ cả đời cũng không bao_giờ có_thể nhiều lượt dislike và trơ_trẽn như khánh đâu 😏 😏,2
thời_điểm trump trừng_phạt khựa đài đã đến,1
các tướng sau nên học bác giang đê giữ nước,0
duy nguyễn phục cái máu lồn,2
"ơ cái địt con_mẹ con vj chon lon nào vào sủa cái câu ngu ngục vcl mục_đích công_an sĩ ra bài là để cho khán_giả nghe , thưởng_thức . và các khán_giả có quyền_nhân xét về sản_phẩm đó ? lại là mấy con fans hâm_mộ trẩu tre này",2
thich chi va,0
buồn_nha,0
đúng . là nước mắt_cá_sấu . . các bạn bạn diệt tận nơi,1
"anh_em này tình_cảm thể_thao mà luôn , j mà bộ tùm_lum v",1
chúc thầy sớm xóa_kênh panda,0
chi noi chuyen vui qua,0
bóng đĩ này con lộ nè,1
cưới xong vẫn phải cố để không rời xa nhau .,0
cha khùng này còn vẫn tự nhận mình là tiên_tri vũ_trụ à,1
cái vl loại ban làm này xã_hội mà,2
đụ_mẹ . mang_tiếng việt_kiều . có cái loz thúi rùm . có quần què gì,1
xin thưa danh_hài trần tiger việt nam se không và không bao_giờ đổi màu cờ nhé .,0
sau vl ra,1
óc chó lợnn 🤣,0
nhạc jack phối nghe cứ sao sao ý,0
đỗ thành trung,0
con quá 62 xàm quần vải,1
phan mạnh cường một học_sinh ở thủ lô hà lội vừa cho biết ý_kiến,0
chậm cái đầu buồi . nhai như gia_súc không biết nhục à ? hả thành_phần cặn_bã xã_hội,2
đây đích_thị là một người bác_sĩ vĩ_đại,0
"vâng , cái trang này lại xàm một lần nữa . mấy ông luật_sư gặp_mặt nhau đưa ra ý_tưởng để việt nam có thêm tiền đầu_tư mà mấy ông đã sồn_sồn lên .",2
"tam quyền phân_lập thật nhưng quyền_lực tập_trung tổng_thống , quyết cái là chịu , trong khi 1 đảng nhưng chia 5 quyền_lực , cái nào là độc_tài ?",2
thầy chơi bẩn vl,1
thường họ nghi_ngờ đến khi nó phát_nổ . . giữa thủ_đô ! khi ấy người_ta chuyển sang nghi_vấn đó là vật_liệu nổ ! hehe,0
tủn 3k nghe nói xạo lồn quá tr,2
ngọc linh ừ,0
cá_lóc đeo dây_xích chó kìa,1
đm thiên_tai cũng đổ do cộng_sản,2
wwhat,0
"tôi xin rút kinh_nguyệt nhé . . mợ , mỗi tháng rút 1 lần nhể",1
tấn phước cô bé trong hình là người bị ngộ_độc hả bn ? ?,0
kiều an_bài này là bài quảng_cáo mà,0
thanh_niên phân_biệt vùng miền bàn_phím rất lồng . giỏi thì ra hà_nội kêu bắc kỳ giữa đường hoặc sài_gòn kêu nam kỳ xem . coi thử có đi răng_hàm mặt chỉnh_hình không . đcm lũ phân_biệt vùng miền . đcm lũ phản_động .,2
"philip lấy dữ_liệu đâu vậy ad . . tổ_chức cái giải ao làng còn đéo có tiền , vũ_khí thì không có cái j ra_hồn . dữ_liệu thế_mà bọn 3 que nó tin được . chứng_tỏ bọn chống cộng toàn lợn",2
già mà bẩn_thỉu,1
giang duy lu xu bu thik e nao ?,0
quá trời đẹp r cô,0
"thằng này thò tay ra luồn dưới gầm bàn lấy dollar của chệt , bởi_vậy mấy thằng an_ninh sân_bay của chệt đỏ nó chửi ra_mặt vậy_mà nó câm như_hến . .",2
mày chửi đi quản_trị . sủa nhiều vào mọi khi sủa kinh lắm mà,2
hà lội tp đáng sống nhất . . vi thế các bạn bake đung đu càng vào nam . cu ở ngoài đó mà hit khí thiên_đuong,2
xem có vẻ tai_ương nhưng rất dễ_thương,0
lên fan cứng rùi hế hế,0
toàn tin vớ_vẩn . . khi nào việt_nam sát nhấp với trung quốc thì cả cái dna này xách dép cho chúng_ta hết . . hãy tin vào sự lãnh_đạo tài_tình của đảng và bộ_máy nhà_nước . . 3,2
game thủ kì cưuj độ mixi 😄,0
mầm_mống tai_họa của xã_hội,1
đm vô_lý 😅 👀,1
"nếu tính trên cả nước thì phải lên cả nghìn_tỷ . . rồi bao_nhiêu hàng_quán phải đóng_cửa , học_sinh nghỉ học không biết đến bao_giờ , xáo_trộn cả 1 nền kinh_tế . . chán chả buồn nói .",0
nghe rất lí mạc sầu nhưng lại rất cô cô,1
trên mình có suối nước mát nhiều gái nha sóii !,0
thằng này không được,1
tứ trụ . tứ là t . ử nên họ mới thành ngũ . tên mới là n . g . ũ q . u . ỷ hay n . g . ũ q . u . á . i cũng được .,2
chúc_mừng tiên_tri vũ_trụ trần dần . xin ông được mạnh_khỏe để cho trấn thành và hoài linh ế show . 🙏,0
cuong đmm,2
qc cl à đm con yến nguyễn,2
hiền vinh sao trong clip như thằng tâm_thần_vậy,1
"tôi cho quản_trị bốn cái ảnh chụp màn_hình đấy . không phải suy_nghĩ nhiều , đã có tít bài cho là phản_động rồi đấy .",0
kệ mẹ ngta đi . soi_mói làm cái lồn gi,1
10 54 di_chùng du_học ? ? 🤔 🤔,0
cái mỏ lồn,1
"đây là kết_quả quan_trắc môi_trường do airvisual đo lúc 4 00 sáng thứ tư 04 12 2019 tại hà_nội , quận cầu giấy hn và saigon .",0
"đinh dải_chí thôi , không có trần dần mất vui .",0
nhị thắng rất cả được lên fan cứng . 🤣 🤣,1
trung quốc chắc_chắn sẽ không xâm_lược láng_giềng . vì công_cuộc xâm_lược đó đã được trung_quốc hoàn_tất lâu rồi .,2
amber làm thơ thì phải có vần . còn không có vần thì thôi cũng được,0
ngon ! đeo tai_nghe vào và s . ụ . c c . ặ . c thôi ! !,1
dink kout vl,0
tuổi đó mà làm lãnh_đạo ở việt chắc_chắn thì nam là rau_sạch của sếp . . 😂,1
"kịch_bản đã được viết sẵn . . ra toà chỉ là diễn hề như trên sân_khấu mà thôi . xưa như trái_đất , diễn hoài biết rồi nói mãi . .",2
dm ! qua đợt dịch này thì thằng sống ích_kỷ này chắc sớm gia_nhập juventuts,1
hí hí dăm_ba con co_ro na,0
"ta ước gì có một lão hitler tái_sinh trên đất_nước này , làm sạch hết lũ cặn_bã bẩn_thỉu bẩn",2
dư_luận viên dư_luận viên dư_luận viên 1 ổ kinh_tởm thối_tha hèn_hạ địt_mẹ nó khoá bình_luận không thì zô chửi cm nó r,1
trên thế_giới làm gì có_nhân_quyền mà họp khi mà chủ_nghĩa nước_lớn luôn bắt_nạt nước yếu,0
hóng bò đỏ vào sủa đất_nước mình còn nghèo,2
năm nay chuyển thành táo_vi hành,0
thằng thật già sống bẩn quá,1
tii đô qua việt_nam tạo cánh hoa kiểu này nó cho clck ngay . . 😂 😂,1
tôi có súng đó,0
giàu_vậy sao đi lươ ng gạt tiền ngươ i ta rồi hổng trả vậy chị ba ? miê ng nó văng tùm_lum luôn kìa,2
giống vcl,1
chào e người là điếc thì quan_hệ thi ch chơi kk cười,1
virus nó còn phải chê ông này,0
học lớp ba làng còn làm tbt được nửa kia huống_chi lớp 9,2
con gia nay chuyen gioi ho nhin ge qua,1
giáo_án về one champ lee bú đá và rụng mất xác,1
linh việt_kiều đâu có ở việt nam đâu mà kiếm,1
đm đứa nào like bình_luận tao đấy,0
anh nhím đâu rồi 😂 😂,0
ý là mình ngu quá thì đừng có bày_tỏ quan_điểm được không,2
thằng quản_trị page nào đúng là óc chó chó 😒,2
đcm . nó đóng thuế_nghìn tỉ thì nó được quyền giết người à con chó,1
. !,0
bạn không nói không ai_bảo bạn n g u đâu,1
cực_kì thuyết_phục abe 😄 😄,0
k atm cũng được làm công_an_sĩ,1
"thằng quá vô_danh tiểu tốt này chấp nó làm gì , cho vài tệ nói cái đéo gì nó cũng nói , có khi bảo nó chửi bố nó nó cũng chửi . kệ nó đi ! bao_giờ là quan_chức hẵng hay !",1
tran dan khung lam tro con nich,2
nhunglê lê nhung search gg xem sao,0
"cán_bộ hiểu sao , đang mô_phỏng cho mọi người thấy thôi không chửa luôn",0
quốc_khánh mồng 2 9 2025 mỗi người dân được 100k là có mùi khét rồi,2
có lồn đâu mà lấy 1 tỷ chùi trời,1
tiếng_nói quá của dân này đã bịt . họp giờ quốc_hội trên phát_biểu dưới vô tay không ai giám phản_biện,2
bú l ngọc trinh sẽ tinh,1
chết mẹ nó rồi,1
móe . . chuyện này đã biết từ lâu rồi giờ mới biết hả ta ? chỉ có mấy con bò nó mới không biết là người nước_ngoài cấu_kết với người trong nước phạm_tội .,2
thứ giật tiền minh hiếu,2
còn không làm mà đòi ăn thì ăn . .,0
ngày_xưa chơi ma_tuý trốn như chó giờ chơi ma_tuý phải khoe ra cho thiên_hạ biết là mình chơi ma_tuý nó mới đẳng_cấp .,1
tuổi cười ăn anh t,1
"họ coi_trọng cái sĩ của họ , thực_ra nó là sĩ_diện , còn thực_tế họ là lu ăn cháo đá bát , thuong cảm cho họ , có não cũng nhu không",1
"có_thể các bạn chửi chúng_nó là ngu nhưng mà đó là chúng_nó lo cho con_cháu đấy , có_điều không phải con_cháu các bạn thôi . xong phi_vụ này con_cháu nó đổi màu hộ_chiếu các kiểu hết",2
hài tết sớm hả,1
châu dể thương hjhj,0
cuop,0
đúng quần què,1
hình_như các cũng nằm trong việt_nam nước luôn nhân_quyền kém nữa thì phải 🤣,2
"biết thì thưa_thớt phản_động không biết ngậm cặc mà nghe . cái mồm mày sủa gì tới quan lại tới thằng dân . thế cái gia_đình mày là , không thuộc luôn nhà_nước việt_nam hay sao . mày phán từ quan tới dân tao thấy gia_đình nhà mày chắc chức_sắc cũng to . phán cái đéo gì c",1
nhìn mặt đẹp gái mà cái tính lại xấu_xa thế này .,1
đấy ông_già xạo l n của các bạn được tắm bồn thái lan đấy,2
"hoan_hô cqcn của việt_nam đã ra_tay xh , bắt và bỏ_tù hết mọi thành_phần phản_loạn trong kịp_thời .",0
cực_kì thuyết_phục c,0
hoàng xuân tâm tùng lo canh me gd ra sản_phẩm để đạo thời_gian đâu đi bình_luận dạo bạn,2
"con hàng này ngon quá , t sục 5 phút bắn cmm rồi",1
tưởng không có tuổi với vong ba gà,2
hoàng như ngọc tóc mới ăn tết hả,0
cách đây trên 70 năm tôi đã được nghe thời pháp thuộc dân ta bị tròng vào cổ hàng chục loại thuế_sao lũ chúng dã_man thế may mà dân ta đã đánh_đuổi được chúng đi,0
cả đoàn trốn trại . . nói_chuyện vl điên_khùng,2
đề_nghị gửi bản ghi_âm cho mọi người nghe lại những lời của cha quá già dân_tộc việt,0
bạn_bè mà 1 người có ý_thức còn 1 người thì . . ý_thức nhỏ như trái nho,2
mong phụ_huynh dạy_dỗ lại em ấy và đừng để em ấy làm chuyện lỡ dại như thế . nghịch cái thật gì mà . bom hàng của người khác như thế bị chủ shop la 1 trận như thế_là chưa đủ,0
ô này xin làm lảnh đạo chỉ nhận thù_lao 1 1 năm đở tốn lắm đó nhe .,1
hiếu tuấn đi trước thời_đại,0
"anh cứ viết lên facebook đi , chúng_tôi đang chờ vào để chửi anh đây d",2
hot_lồn chứ hot_girl,1
trà vũ gọi grab vưa vưa thôi,0
"từ khi đâu việt nam thành cái ổ chứa dịch của bọn rich kid , việt_kiều_vậy ủa khi còn khỏe có tiền thì sống nước này , nước kia , quốc_tịch này quốc_tịch kia , rồi tới khi bị gì lại quay về việt_nam , kiểu như việt nam là chổ tạm_trú á , đéo hiểu chúng_mày sống kiểu gì luôn",2
lão phét,2
"còn mùng còn tết , hết mùng qua mền",0
lê quang trường like,0
bạn là gián_điệp của hybe hả ? ?,1
h con sếp toàn gái không à nên bụng phệ mà giàu chưa chắc nó ưa 😃,1
"người nay không con giao duc nua . . ko lien si . ko dao duc , ,",0
"độc_lập , tự_do , hạnh_phúc hơn 40 năm rồi mà vẫn phải ngửa_tay xin tiền tư_bản a . sao đảng ta luôn tài_tình_thế . .",2
má nó bẩn_thỉu vler 🤣 🤣,1
ngay xua la chi em than thiet cho vang va nha ma bay gio chui nhau nhu hat hay,0
xạo lz hk có j vui chúng_ta hk nên xạo lz nha chị ba 😏,1
cũng câu thề như 2 lảo trước chạy_ăn toàn luôn,0
bên kia biên_giới là nhà bên này biên_giới cũng là anh_em nhà_sản,0
chán ông_già rất các bạn à . tiền donate thì đem đi nạp game kẹo . mẹ trang mua cho mà cũng dành . hic,0
"hết anh chung , hn lại tự_hào thêm vụ y_đức của chị tiến ruồi bệnh_viện đa_khoa xanh pôn gian_lận kết_quả , bớt_xén vật_tư khi xét_nghiệm hiv viêm gan bạn cho bệnh_nhân",1
kiểu gì antifan cũng bảo ảnh này là ghép,0
"93 nguyễn thế bây_giờ còn chửi ai không , tụi bây cũng lắm ít rảnh lồn quá mà , vô bình_luận cũng đàng_hoàng gì . . nói trên đầu người_ta không chứ đàng_hoàng gì",1
uoc gi cung được vay,0
con bóng sa đéc,2
"r , hiểu r , bạn là nói viên thôi mình out , không dư_luận lại bạn đc , bye nhé",1
ôi con đàn_bà ngu hại nc hại dân . . giau thi kêu bố m xung tiền vao công quỷ để phòng chóng cái tác_hại cua m đi con mặt lồn,2
xin tên nhạc 3 cười cảm_ơn,0
"ở xứ_sở nào đó thì người_ta lại đối_xử với nhau như người_rừng , chém_giết nhau vì lý_do vặt_vãnh . thật kì_lạ ! !",1
chào các chế nha_🤣,0
"nó cướp được tiền , nó có quyền đồng_bọn với quan . còn tnlt thì đồng_bọn với dân tuổi gì ls có quyền chứ ?",2
đầu ốc tôm nên nói ra không có lời nào nghe được có phụ_nữ việt nam vl không . người nào_phát_ngôn như vậy thật ghê_tởm,2
thôi anh im mẹ mồm đi . mặt như cc mà ý_thức như bờ phẹc,2
có u_lai rồi sợ l j,0
nước_hoa đểu lấy đâu ra xịn hot_girl méo gì nhìn xấu vcl thề,1
mấy thằg ó . quá c c . h . ó,2
tăng nhanh hơn giá mì,0
giải_trí thui mà abe,0
"dẹp hết lũ sư quốc_doanh đi , vừa là ổ phá_hoại đạo_pháp vừa là cơ_sở của bọn nằm_vùng và phá nát văn_hoá việt_nam",2
đảng cộng_sản mẽo thì sao nhỉ . đồng_chí bí_thư ban chấp_hành mẽo thế_nào rồi,0
đã bắt được susan0175 v,0
cuối đời rồi ông trần dần cũng nghĩ ra được để sam hoi đoàn_kết để còn một_số_thành_phần chống cộng nghĩ_lại,0
cô nghỉ livestream 3 ngày là biết cô nhìn thấy gì rồi luôn,0
xe yêu nước hay đi bọn này lắm à,2
dư_luận viên thì cần đéo gì biết phải hay trái ?,1
"nói thầy ngáo thì mấy đứa nó lại tự_ái , híc",0
người nổi_tiếng mà ý_thức kém quá .,1
giờ em mới biết móc cứt mũi ra bôi cũng cần có kĩ_thuật kĩ_năng cả,0
"trừng_phạt kiểu gì thì nói rõ ra lun , cứ lòng va lòng_vòng thế ai chơi . nói lảm nhãm anh trump lại rút hết visa tống_cổ cả hơn 300.00 sinh_viên trung cộng về nước thì chúng_nó lại chạy grap hết thì khổ 🤣",0
"phạm thanh tùng địt_mẹ t cười , rảnh éo chịu",1
gáy nào,0
lê luân đừng so_sánh lương . mà hãy so_sánh quyền_lực và lợi_ích . làm cty tư_nhân là người lao_động không có quyền_lực . còn làm nhà_nước là con_cháu các quan_chức có quyền_lực và nắm trong tay nguồn_lực của địa_phương vả quốc_gia . luôn vì_vậy một người hưởng lương do công_sức lao_động của mình và một người hưởng lợi_ích từ toàn_bộ dân địa_phương hoặc quốc_gia gom lại thì tiền của ai nhiều hơn ? ?,1
hello cô minh hiếu,0
ok anh ơii,0
hợp_lí 0,0
ghét nhất bọn nhà_báo giật tít .,2
"sắp tới thiên_đường rồi nha mấy đứa , cá len thiên_đường trước dân nhé mấy đứa 🙀 🙀",0
19 43 hài rất,0
tâm_thần ? ! ? chứ không phải trịnh thượng ? ! cách hành xử của 1 nhóm có tiền có quyền nên bố_láo ! !,2
cho em liếm lỗ nhị thầy,1
nhạc hay . mv đầu_tư 100k like 👍,0
không có người_yêu thì sao hả anh,0
việt_nam sẽ là nước đứng tóp đầu về nước đáng khinh nhất thế_giới,2
"đm nói không phải xúc_phạm chứ mấy ông càng càng_phát_ngôn đéo ra cái j , não mấy ông chỉ có tiền thôi ah , mấy ông giúp dân nhìu wá nhỉ , nói như đúng rồi",2
"đuỵt mọe , các ông nghĩ cứ sáng_tạo ra cái cc gì cũng được lôi ra mà thử_nghiệm hết đấy",1
nhai đá sống qua_ngày hả chủ tus bài này thật 🫠 too spicy ha,1
à xamlol qua,1
cho ra những thật tấm ảnh đầy tính ấu dâm,1
vl . gắt,1
còn lớp để học nữa à ? ?,0
đây là một lũ khùng . một bị u_mê lũ lên_đồng vì những chuyện tào_lao xàm xí của con cuồn_cuộn .,1
nghe mắc cười ghê 😂 😂,0
làm cán_bộ nhà_nước . hãy nhìn thủ_tướng ph minh chính . đi đến đâu dân họ vui_mừng phấn_khởi . chủ_tịch vậy không ổn rồi .,0
tiệp corona,2
hồ văn kiệt bạn có biết khoảnh_khắc kì_diệu này ở video nào không ạ ?,0
co oi co chui hay wua,0
động_cơ là con xe mấy tỷ . hỏi cái mồm dọc .,1
chị chữi là chị cứu nhân độ thế 🤣 🤣,0
bả nói_chuyện nghe đã tai vl,0
anh mới trả_góp xs max mà ra iphone 11 r,0
lê thế hào cc dell bk cailoz j ve nghe thuat im,1
nhìn bê_tha vl,1
"địt_mẹ . ông chú_mình được bạn ổng gửi cái hộp_quẹt zippo hơn 100 đô . lúc nhận hàng thì chỉ có cái hộp ko , hộp_quẹt bị bọn cho này luộc cả",1
tháii hèn cho e xin video với à v,0
gu của tao h cũng mặn vcl thày ạ,0
hang tran nói dân_trí thấp lại tự_ái 😀,1
ngọc thảo ? ?,0
ngô ghê_ta ? cách_ly là đê an_toàn chứ bô . lơ bản_thân có bê nh thì sao ? không nói tới chuyê n lây cho người khác hay không nhưng khi mang bê nh mà không đi khám hay cách_ly đê chư a tri thì sống đươ c sao ? thà chết chứ không muô n sô ng à ?,0
tú ông ngu suẩn nhìn mặt và thái_độ sặc_mùi âm_hộ,1
quang minh xạo lồn vừa phải 🤣 🤣,1
14 10 thần_quyền môn súng bắn không trúng nha mạ ngừ,1
"họ nhận lương từ chính_quyền , chính_quyền làm sai , mọi người hảy chửi chính_quyền , bộ_đội họ không có lỗi , họ đáng được xem_trọng nhiều hơn thế , còn về mc phan anh , mình không làm được như à ấy nên không bình_luận",2
mấy thằg ó . c c . h . ó,2
em mà đập được thằng chính_phủ như_vậy chắc e đã làm rồi 😂,2
nguyễn phan hoài ninh ai kêu gáy sớm giờ khỏi có cơm ăn,1
u chi ba co cười luôn . vu na y ngô a nghen,2
"cai kenh xam lol , phong vien nhu cc , tien tri dien khung , toan la 1 lu virut",2
phát_hiện lắm rồi tag cán_bộ vô được không dọ,0
thằng già sống bẩn quá,1
sa n đa la m cho nhân_dân bi bê nh kiê t kha ng sida hê t rô i .,2
van tội chị hiếu tao bị lừa_gạt,0
nếu cx xachlozmachay như này thì hơi căng,0
chịu thầy đcm,2
anh độ về đấy không_khéo lại được đào_tạo thành_công_an_sỹ số 1 thế_giới,0
an tu hình rồi nó hết hạn tu ngựa luôn qoen đường cũ,0
mỹ mời qua gì nhìn thấy cảnh_sát việt nam giỏi quá chuyện gì cũng làm được nhất là cảnh_sát giao_thông còn cảnh_sát mỹ không tài bằng,2
rất mộ dung đó anh ơi,0
tự_hào thế chứ ai như bọn mắt hí nào có hơn 700 công_an đâu mà 😌,0
nguyễn trọng hiệp nước_mũi hả chú,1
nó lại dễ vailon,1
"đưa ra rồi mấy thằng bác_học , mấy thằng tiến_sĩ thạc_sĩ nhục cái mặt làm_sao ? đưa ra rồi còn đâu dự_án cho mấy ổng ăn_chia nữa , xời dễ hiểu",2
mong cqcn vào_cuộc xử thật nặng hai tên này để rang de người khác,0
tiếng_nói của dân này đã bịt . giờ họp quốc_hội trên phát_biểu dưới vô tay không ai giám phản_biện,2
tội_nghiệp con này nghiệp nó nặng quá nó chết hết đầu_thai,1
"r , hiểu r , bạn là dư_luận viên thôi mình out , không nói lại bạn đc , bye nhé",2
trần thanh phong,0
. đú lắm . bích,1
ánh_sáng của đảng sẽ giết mày,2
😮,0
thôi ăn cười rồi thầy ạ 🤦,2
10h lên stream nghe gáy chị_em oii,0
cai mat nha tien tri tran dan . nhin giong cai phau cau ga cong nghiep wa mọi người oi,1
"bác nào like em thì qua xem face con sinh_vật kì_bí ở trên biết nhé , nó cũng quyên_góp nhưng không bằng nên ghen ăn tức ở thôi , thứ rác_rưởi rưỡi , dù_sao anh ấy cũng làm được khối điều các quan_chức việt nam chưa làm được , có bác nào dám đến tâm vùng lũ sớm như anh ấy không ?",2
hazz,0
cởi mẹ đi mặc khó ưa vl,1
thảo chăm hẳng tôn con cu tí_hon của anh tịp,1
chị lên chị chửi là để cứu nhân độ thế,0
lê trần vũ quá bảo cay gì thế ? rối_loạn nhận_thức à đáng thương hơn đáng trách 👌,1
"cha truyền phong_kiến nối mãi_mãi khác gì vua chúa con thời xưa , xhcn là phong_kiến_tập_quyền",2
lê thanh huyền bich phượng cứ như thế_nào thì nát bét cái sn 🙂,0
theo mình thì treo_cổ lên chứ đừng nguyền_rủa . .,1
lý_do ai cũng đoán được mà 3,0
linh_hồn của team có khác v,0
im mẹ đi thằng mặt lon,2
lgbt đa_phần toàn người tài_giỏi,0
hồ tuấn kiệtkiệt xóa_r ông ơi,0
địt_cụ chúng_nó muốn người dân chở về thời đồ đá mất rồi ? như thế này đỡ phải sử_dụng phương_tiện ? địt_mẹ thằng nào nghĩ ra cái luật lồn này,1
nhìn cái mặt thớt đã biết tại_sao thớt nói bình_luận như_vậy . anh_em thông_cảm người khuyết_tật tí đê,2
bà này đỉnh thật . nữ_tướng đáng khâm_phục . giá_như mà việt nam ! có sự lãnh_đạo của bà thay cho ntkn thì hay cho đất_nước .,0
thằng cây anh thế mới hack chứ ai,2
coi mà bắt full lo la cho nó đã rf quá hay,0
con linh cá_lóc là loại người không tha_thứ dc .,2
tao đéo biết,1
nói ý_thức như đb thì tội cho đb quá . đ m,1
trán ngắn tóc dài_mồm lai trung cuốc .,1
thực_sự thì bài này không hay . view nhiều do danh_tiếng những bài trươ c . chờ sản phâ m sau vậy .,0
b52 ơi lứng quá b52 i,1
"anh quyền tốt hơn 👍 vì_vậy , chú 3 hãy cho petland về phú yên đi !",0
ai đây abe,0
thái lan đúng là cái gì cũng dám làm . còn hơn biến căng hàn xẻng 55,2
không biết dân mình khi nào mới thoát khỏi sự cai_trị này,2
chị 3 tìm nọc,0
trần nhựt linh nè,0
cởi áo là múa bụng nữa cũng hợp,1
khug xau xi deo vang gja len cau lai ha con di_khug mjeg lok,2
như lon,1
"óc chó nó được nhồi đậu_phụ thối mà , so_sánh như thế_là quản_trị sai rồi",1
vcl đấy,1
cái con này nghiê p nặng quá anh yêu á 🤬 🤬,2
"v là rất tự_do ngôn luật . cán_bộ chửi dân , xỉ nhục dân như chó thì không sao dân phê_bình cái thì bị phạt !",2
đây là nguồn_cơn mọi người nói chú trần dần bị mắc virut,0
"tiên_sư thằng nào nói toàn thực_phẩm sạch . rau tưới nhớt , thuốc kích phọt , chất tạo nạc , hàn_the , thịt bơm hóa_chất , trái_cây tẩm hóa_chất , . . vân vân và vân vân . . mấy thằng nhiều tiền như chúng_mày thì đâu biết người dân đang ăn gì , uống gì . sao mà_lại lắm chó thế .",1
dùng kĩ_năng nha abe đừng tấu hài nữa là sẽ lên vcsa comback thôi . e tin abe,0
út tuyền sát ngày vé mới cao,0
nghe rất lí mạc sầu nhưng lại rất cô cô,1
danh cho banh cai lon luông con lin loc,2
hèn_chi n lại ép dân đến cùng_đường,0
bông không ra bông trái không ra trái . . âm_binh,1
is nó bắn đấy v,0
ai để_ý như t_k ? chỉ để_ý mỗi cái ảnh tùng sói,0
đạo khổng ăn quá sâu vào tiềm_thức rồi . xã_hội đó không_thể bắt kịp nền văn_minh nhân_loại nữa .,2
anh tôi nói cái j cx đúng,0
hai cái bánh mỳ tại sài_gòn,0
cứ ngồi đó chê người khác đi em . quả_báo cũng sẽ tìm đến em . không sớm cũng muộn nha_bé . 💓,0
không biết ông_già mình định làm gì nữa đây ?,0
chị ơi . coi kinh phật đi . rồi chị hỉu . lời tụt tĩu đó như thế_nào . sau nầy chị hói hận .,0
năm mới zui zẽ v,0
trần nhật các cụ có câu đã ngu còn hay sủa,1
mẹ nó . sắp được húp mà cứ live cc,1
dỗi,0
đm xạo lồn fuck,1
"sắp trầm_cảm_cmnr , nhiều tâm_sự cứ giữ mãi trong lòng và che dấu bằng nụ cười 😷",1
cái mặt đàn_ông cái tiếng đàn_bà bán nam bán nữ,1
"địt_mẹ cái luật ở việt nam sửa đi sửa lại chúng_nó vẫn rút được kinh_nghiệm hết lần này qua lần khác . tốt nhất_là cắt chức hoặc tử_hình đéo nói nhiều với quan_chức , tụi nó nhiều tiền chạy_án lắm",2
đ,1
thanhhuy nguyen bẩn_thỉu vcl,1
"ngưu tầm ngưu , chó tầm chó .",1
xinh quá à . bản_lĩnh quá à . yêu e .,0
về tết thôi bà_con,0
thì rõ_ràng việt nam_vô đích nên tuy sống với ô_nhiễm ở mức nguy_hại nhưng dân ta vẫn vui_vẻ đi bão và tướng niểng bảo dân ta vẫn vô_cùng thông_minh đấy thôi !,2
bi benh ao tuong tôi nghiep nhi,1
sao anh ba lại dính trong màn_hình 🤣 🤣,0
nguyễn mạnh thag cặn_bã cái địt hưởng bố m,2
quả_báo đó con,1
người đẹp thanh quôc chua đon tiêng tri trầng dầng zề viêt nam tránh di_ch à ?,0
quả giọng truyền_cảm_vl anh tôi,0
lưu tuyền sắp đến mùa rồi cô ạ ai rủ buôn đừng buôn 😞,0
hồ_sơ đăng_ký sao quản_trị,0
tóc_tai như lông gà anh ơi,0
chi co the chi em xin so dien cua chi duoc không,0
má lắm bẩn_thỉu vl,1
vũ như quỳnh c ở nhà lâu rồi,0
ok à zai,0
chó sủa thì kệ cmn d,1
nói câu hài vl,0
"cảm_ơn nhà_sư . những nơi thì , thà lang_thang thế này còn hơn vào trung_tâm biết cho các loại quỷ đội_lốt người có cơ_hội ấu dâm 😭",2
ngọc hậu cả khối con chực,2
roi tieu dan den việt nam kho nua,0
mua bạn được sỉ quản_trị ơi,0
chị đẹp mà nói tiêu lam nghe cũng hay nữa chị ơi em thích chị quá,0
kho than ta sinh ra nham dat nuoc nay,2
t méo biết tiếng anh nhưng ngược_lại thật t biết bucu và vốn tự có được chưa 😁 😁,2
"bon nước_ngoài này không_thể tin thằng nào được ,",0
con ni bị bệnh nặng rồi,1
được vl à ưi,0
bớt gáy lại nha_abe,0
cát thịnh idol đú trend quá chậm,0
chúng xây tượng_đài nhiều hơn trường_học .,2
bạn không nói vl không ai_bảo bạn n đâu u g,1
"thương bác trong , bác mất quá đi là mất cho đất nuoc một nên kinh_tệ , giờ để ly sau bộ làm lam dân chan nan ngửi",0
hightlight của abe là cái ngu của 5 tk kia đó abe,2
trần nhật uống milo im mẹ mồm,0
đề nghĩ mấy đứa rich kids não phẳng ngoài hà_nội bớt hãm lone bênh con điên kia ! tao muốn bay ra vả cho mỗi đứa một phát vào mõm !,2
phải giống bố lương 7 8tr nhưng vẫn có oto chạy và mua cua hoàng đế ăn nhé,0
tao lao,1
"một đám dư_luận_viên tư chịch với nhau , tởm vcl",1
quản_trị nó táp mà tưởng chó táp thật cức ko .,1
châu hạ_nghi cđ nhâyy,1
thích nhất đoạn 31 00 😂 😂,0
bich miu thợ có tâm vl đó địt_mẹ thợ của t chán đ muốn nói còn kêu tóc hỏng phải cắt hết,2
bao_giờ có hướng_nghiệp nghề này thầy ơi,0
chỉ có mấy con thùng thần khùng và vô_học mới khen hay và mùi đả lớn mà nói tuc mà mọi người còn cổ vủ hay tôi tinh toàn bị hư học coi đi_đồng nay sắp lắc đi,2
quốc đạt nước đi chính_xác đấy,0
"bơm chủ_nghĩa dân_tộc như bơm ma_túy . càng ngày_càng nhiều , ngày_càng trầm_trọng .",2
lê phương linh nếu có nghỉ thì sát ngày nó ms tbao cho xem . lúc đó chắc phải mua vé rồi chứ,0
dương lê chị đó bạn sp hả,0
j thế ?,0
tuởng được ra đường bơi rồi d,0
nhò son phân thây e c ng tam d c nêu e r a m t hêt son phân nhin e nhù môt xác chêt biêt di mà thôi kk,0
với khả_năng xấy ak x6 thì em nghĩ đó là lineup tuyệt_vời 😆,0
sắp xuống_lỗ rồi,1
t khép m lạy đít !,1
tài_khoản j ấy nhỉ ?,0
con bóng sa đéc,1
chân_dung chủ_tịch hội_đồng quản_trị mixigroup,0
"giống quá trời_ơi , bên phải là hàng real , bên trái là hàng fake .",0
thịnh hồ buồn,0
người văn duy cút chỗ này đéo có loại người như m địt_mẹ mày,2
"bá ý khẩu nghiệp nặng lắm nha , đầu_thai ch hết khẩu nghiệp nhận_xét",2
trung quốc chỉ có chính_quyền mới vô nhân_tính thôi còn dân của họ vẫn văn_minh ý_thức tốt . . đâu như ở việt nam 1 số_thành_phần người dân quá thiếu ý_thức giờ sự_việc nghiêm_trọng cứ tiếp_tục thì hậu_quả khôn_lường,2
ngô thư tao cũng mong nó lên_đường trong mùa này,0
cứ như 2 giọt nước 😇,0
có tiền đâu mà sửa_soạn chị,0
phương minn nhìu đứa nó lạ loz vậy á . . dở thì người_ta chê . . thật_sự đéo thể_nào nge nổi nhạc jack . . tụi mày cứ khen nó hoài nó chả thể_nào tốt lên được đâu,1
chị hiếu thiệt tình mà gặp bạn_vậy,0
"cu hoi may tram dbqh lắm thi se biết , vi ho la nhung người bieu quyet thong qua",0
"trốn hoài tar , thất_học luôn tar",0
khiếp cái quả mồm của ông đấy chắc huyền_thoại cmnr 😂 😂,1
họ đoàn tên đoàn văn vươn ở tiên lãng hải phòng . chứ không pải họ vương,0
may giau qua ha sao may duoc tien cua chi minh hieu 😡 😠 😈 sao may mat day qua da may,2
đm được vl,1
"ước gì h mình đg ở hn , tối nay kể được đi bộ dọc hồ tây thư giãn thì tốt",0
"lâu_nay để_ý . . bãi cức , cống , rác_thải các loại đều có dấu răng của thằng quản_trị hết . . báo ngta đăng h nó copy rồi sủa vài tiếng ẳng ẳng cứ như mình là thánh biết hết rồi . .",2
nhin guong mat sang lan . . cai dau trong rong . . o ben trong cai gi cung thui . . mo mieng ra cai gi cung thui . . dat nuoc oii . .,1
dep trai moi co nhieu dua yêu,0
có bác nào có hình nền màn_hình destop giống của độ không cho e xin với ạ,0
nhìn cây_bút kia bắt_mắt ghê ?,0
"có ai mua đâu mà cứ chốt đơn , chốt đơn ừ , xem như là 1 cái gì đó để thu_hút người xem ii nhg cứ vô đụng cô mh là sao , cô có nhắc đến tên gì đâu , nước_hoa 2 chia có vài trăm là đồ giả chắc rồi , chai nước_hoa loại rẻ cũng gần 1 tr rồi , với lại nếu_như thật_sự có rất n người mua , vậy s o đưa lên cho xem , xem có phải trog vòng 1 buổi live đó bán được với chốt đơn liên_tục o , gửi bưu_điện gì vài trăm triệu ? tuyển gần 20 nhân_viên ? còn khúc kia nữa nếu sản_phẩm lỗi , nhân_viên e đền , còn không e đưa sản_phẩm cho khách dùng lun nếu đưa sản_phẩm cho người_ta dùng luôn vậy có đền tiền sản_phẩm o ? 12 33 nếu o , nói chi tr , còn nữa e o biết sao đến lúc e live người_ta cứ mua wá tr e chưa bao_giờ chửi khách ? ? . .",0
thảo đào văn giàu hết r đi làm_công để làm gì . tay nhanh hơn não . lướt facebook nhớ gắn não vô nha,2
add là cai cười,2
nguỵ_biện ! ! v,0
kinhh,0
có 5tr không e,0
ở mỹ mà nhìn như ăn mài nhìn ghê quá,0
giáo_án bay kênh hả thầy,0
mày bị người u à ?,2
đm bọn trung quốc chó,2
thanh_trà trương ?,0
có cl bố mày tin ấy,1
d m thắm ơi . em vào lại không sợ chó đi em sai rồi cho hôm sau em không giám chúc_mừng năm mới nữa huhu lắm,1
nhìn mặt không co tí gì gọi là phúc_hậu . . ác_khẩu,1
các em nầy khi vào báo_công ngủ với ác hồ thì phải chỉa vào mặt ác hồ như thế nầy nè,2
lê văn quật minh hậu,0
thâ y ngươ i ta la m viê c tô t thi de biê u chu ng no không bă ng su c vâ t,1
đừng hút game khi chơi cần,0
cà_khịa đi xíu thầy vô chửi cm 🤦,1
quy quy nợ 120tr r bỏ trốn bị chửi sml bữa h lên facebook minh hiếu coi clip nhak,0
quá nhanh quá nguy_hiểm_😭,0
"công cha như núi thái sơn , nghĩa mẹ như nước trong nguồn chảy ra , rảnh về phụ mẹ giúp cha , cực_kì thuyết_phục mả cha chúng_mày",2
đm thuyê n bo t phu c lắm xl,1
thu dan ba mo miệng ra nghe thui như dong cuc,1
chờ mãi,0
clip này mấy ngày moi người . . lúc nó làm clip xl cộng_đồng mạng chưa . . trước hay sau,0
"hoàng công hiếu lỗi thì chưa chắc nhưng đa_số sống như lol , đa_số thôi",1
trên thế_giới làm gì có_nhân_quyền mà họp khi mà chủ_nghĩa nước_lớn luôn vl bắt_nạt nước yếu,0
nhìn chất rất lìn anh ơii,0
tr ơi nhìn thầy giống con póng quá à .,1
huỳnh bảo dy mới bít luôn kk 😀 😀,0
xin video với broh,0
toàn bọn cá gỗ 37 38 trèo rào vào mẽo đấy hahahaha,0
thanh_bình do anh bảo quá không có tư_duy của con_gái bình à,1
cười hoàng lắm sâm nguyễn sâm nôn_link,1
cái loại này làm ban xã_hội mà,2
fan cứng ? ? thầy lồn cho tao fan cứng chúng_mày ạ . . yêu thầy dấu bé ba,1
dui cùng em giây_phút bóp dú bóp lồnn taoo nss bò cừ mà .,2
"chương_trình riết nhảm , bế_tắc . mời bọn tục tỉu , vô văn_hóa lên tv .",2
ở nhà ngủ có phải sướng hơn không,0
quản_trị càng ngày thấy càng ngu thì fải vl,1
bảo my ui peheo xinh quá cười,0
loại nghiện game săm trổ không có tương_lai đâu nha,1
là mày thì lắm mày định ? gì hả thằng quản_trị óc chó chó ? đánh bom đập thủy_điện của nó à làm,1
"thằng vô_danh tiểu tốt này chấp nó làm gì , cho vài tệ nói cái đéo gì nó cũng nói , có khi bảo nó chửi bố nó nó cũng chửi . kệ nó đi ! bao_giờ là quan_chức hẵng hay !",2
"moá , quái_thai",2
đông lào thì sơn nữa xe phía sau là xe_tăng ! 2 bên không ghi rất to hàng chữ người có uy_tín để bà_con né cho xa !,2
mẹc si sa đéc,0
hải_yến mày mới là con rảnh đấy . chưa xem đã bảo cảm_thấy chán điên hết phần thiên_hạ,1
bảo khoe mới khoe chứ không phải cố_tình đâu nhé 😌,0
ngu vl,1
chị nầy là giàu thật . còn thần bóng râu đó nó sạo lồn mà . chị đừng chưỡi ba mẹ nó . e thấy tội cha_mẹ nó chi ơi . chưỡi nó đi .,1
"khoan nói_chuyện xây cái cổng nhưng thằng add óc chó chó quá , người nghèo mà mày cái đéo gì cũng lấy ra làm chuẩn để không được làm cái này cái khác . bây_giờ là cho người nghèo cái cần chứ không phải bỏ tiền vào mồm người nghèo , không là nghèo bền_vững đấy .",2
thằng này láo,2
ông_già tao bắt_đầu bốc_phét đấy chúng_mày,0
không biết có ai nghèo ở việt nam nhận được số tiền tỷ tỷ tỷ của nó chưa . kể tài_sản của người khác rồi xạo lozz của mk . quá bóng này là bóng bẩn_thỉu bóng dũa nail chứ có cl gì .,1
đồ khùng,1
nhi nhi bạn có vấn_đề về quang_học ak . con này là con mực nhé,2
"ngân quỹ dân đóng bị rút cạn r , các bác phải tìm cách rút trực_tiếp từ túi dân thôi .",2
triệu s . tùng icon sớm cũng bị nói . đéo hiểu kiểu gì,1
người nổi_tiếng ! !,0
np hi có_thể đuổi tổ_tiên np hi ra ngoài để thờ giáo_chủ iran !,0
ăn_hiếp lính mới hahaha,0
em bị r à_ơi,0
cỡ giáo_án doãn chí bình tối qua không ba gà,0
"sau khi lãnh_tụ cộng_sản iran và đám tay_chân thân_tín cấp cao bị tiêu_diệt , sau 2 ngày chống mỹ , những tên cấp cao còn sót lại cảm_thấy không đấu lại bộ đôi usa israel nên đã xin được ngồi vào bàn đàm thêm lần nữa , và tiktok thật trum đã đồng_ý . dự_đoán nếu tin này là chính_xác , thì 99 iran sẽ chuyển sang dân_chủ mà không cần đổ_máu nữa .",0
chơi cái đầu bồi 😒 mất hình_tượng vl ông ạ 😶,1
chụp màn_hình làm cl gì thế con bò,1
chôn sống nó đi,1
100k là thường ở tây nhưng nhiều ở luôn đông lào,1
đm quản_trị phản lại cái động . là công_an thì có quyền nhé . đéo biết gì lại còn nguy_hiểm . sửu nhi,2
pst 1p30s .,0
"một xã_hội cho_dù có chiến_thắng trên đường chính_trị đi_nữa , nếu nền luật_pháp bị suy_đồi . ắt_hẳn xã_hội đó sẽ đi về . đâu . ? thật",0
cô duyên dễ sợ,0
tiệp là ai tao không cần biết nhưng mày nói như cười,2
🥰 🥰,0
nó đi chủ_yếu kiếm miếng bò dát vàng ai dè công cóc lêu lêu,2
cụ trần có facebook không ạ,0
62 đói hàng ngis thì nói mẹ ra đi còn lòng_vòng 💀 🙏,1
"lũ cộng_sản đúng là một lũ súc_sinh ác_độc hơn lũ ngạ quỹ , một lũ người không có chút nhân_tính , quá tàn độc không biết phải dùng từ gì đễ mô_tả cho lũ này ! bất_luận thế_nào thì cũng có ngày bọn súc_vật này cũng phãi đền_tội và kết_thúc trong đau_đớn hơn nhửng gì mà bọn mọi_rợ này đả gây ra trong một ngày gần đây . .",2
trên thế_giới này không ai tấu hài qua tiên_tri trần dần . hi_hi_hi,0
căng_thẳng vll,1
văn tuấn mai nước_hoa như nước sông vậy đó mà nói_chuyện xạo lồn,2
kenny you bảo thích ăn gà abe ơi,0
ghét mấy thằng lìn quay dọc vl,2
ôm loại này vào khổ đấy,0
hat nhu lon 🙂,1
việt_hưng,0
oc cho,1
mpv cái máu lồn đỏ như tới tháng,1
bình và antex là anh_em sinh_đôi,1
có tiền đi đường quyền lắm,1
cuộc_sống cú vl,1
thôi hoà_bình_công_lý gì ? làm_loạn 3,0
ca i mă luôn t con na y đi lươ m bao cao_su cu a cha u no uô ng ne,1
bê đê má ơii,1
"tam quyền phân_lập nhưng quá quyền_lực tập_trung tổng_thống , quyết cái là chịu , trong khi 1 đảng nhưng chia 5 quyền_lực , cái nào là độc_tài ?",2
gio phai tu nhan tich duc chet roi mang theo tien bac không co mang theo duoc,0
"đéo mẹ , mc phan anh có nhận lương từ dân tụi tao ko , hết_lòng vì người vùng lũ , còn tụi mày có đứng ra kêu_gọi và hết_lòng lo cho dân không hay chỉ là kêu_gọi xong đem cúng mồ mã ông_bà nhà tụi bây , đm cứ tưởng dân giờ ngu lắm ấy .",1
lạy chúa con còn lứa tuổi học_sinh 🙏 🏻,0
"tình_hình dịch covid19 đang rất phức_tạp . mọi người ra đường nhớ đeo khẩu_trang , ai sống một mặt đeo một cái , hai mặt đeo hai cái , ai sống như cặc thì đeo bao cao_su dùm 🙂",2
anh tôi ngầu lòi,0
à trung local brand,0
yêu cô,0
what đờ phắc,1
thay_vì ngồi xàm cười,1
"triết_lý của cộng_sản xhcn là kinh_tế tự cung tự_cấp bao_cấp , đánh tư_sản mại_bản thì trân_trọng_thương_nhân là cách nói ngụy_biện , gán_ghép khiên_cưỡng và phi_logic của những người nịnh_hót quá nhố_nhăng .",0
cho_dù jack có như thế_nào thì mình vẫn cứ mãi anti jack .,2
bẩn_thỉu vll nhưng t_thích,0
tao báo dư_luận viên 😂 😂,2
"thằng ngu lồn quản_trị này google không tính phí đâu , xem_lại không_phận là cái gì đi",1
bắt được đừng chữa nhốt vào cho chết luôn . . loại này đừng để đẻ trứng ! !,1
bọn yêu nước hay đi xe này lắm à,2
nghe kể chuyện tí rồi làm tiếp à thanh le,0
mà thật công_nhận cô này xấu người mà xấu nết thiệt . người_ta gọi là xấu đều là đúng,1
"tháng nào giàu đi đóng thuế để giải quyêt ngân_sách kiểu này đây , xây tượng góp_phần cũng đẹp đất_nước còn gì cười",1
đm mày,1
dân đồng nai đây,0
con chó . tưởng mày được tung_hô à . lũ chó bánh mỷ nước_lọc đó xl cái cc . éo biết luật về nhà mà học ra đó đeo biển làm cc nhà mày à,1
cty anh ở đâu zạ ? em qua ứng_tuyển 😁,0
minh hiếu ơi . chị chửi con đĩ thu ở hàn quốc đi chị,1
bên ngoài hiền_lành ngoan_ngoãn bên trong đầy tiền,0
"đề_nghị anh dần hát lại bài cớ_sao buồn này kim ! rất nhiều người hâm_mộ , tôi sẽ lo bản_quyền tác_giả ! !",0
"mình góp_ý nhé . ý_kiến của mình là như này mình nói ra nếu mất_lòng anh_em thì mình cũng chịu , tại vì mình cũng chỉ đóng_góp một_chút ý_kiến cho anh_em biết là mình cũng là một người có ý_kiến mình là con_người không thích nói dài_dòng chỉ đơn_giản muố",0
"chị ba nói cai gì chị bà củng có , z chị ba có con cu hok , con có con cu nè",1
nhắn thêm quá chữ chị địt mày nữa chất vlon à êii,2
rảnh thì giúp mẹ giúp cha . ở đây sống chậm mả cha chúng_mày . .,2
phạt nặng là thế_nào . bắn bỏ_mẹ nó đi . xem_chừng nó có âm_mưu đó !,2
"thời_thế có thay_đổi , nhưng trình dộ toán_học của tộc_trưởng thời nào cũng thế",0
cực_kì thuyết_phục 😎,0
sang khoái nam chơi nước việt test nghìn lần không lên,1
già mà bẩn_thỉu zạy aba,2
anh ơi mê cak giờ cũng là đam_mê ấy anh ạ . . và ngta gọi đó là bộ sưu_tập chym của mấy con phò 😌,0
không nhốt vào thạ ra lại chạy lung tinh 😏 😏,0
hạ lam hãy ủng_hộ cây ây ti em bằng cách like video của cây ây ti em thay_vì dislike video của jack,0
uống nước rửa_bát xong ngồi đợi đ chết,1
chị ba vàng_ngọc có cây nọc giữa háng,2
khi nào xóa_kênh nhớ rì viu anh nhé !,0
con_mẹ nó,1
lời hứa mấy ông này như trò_hề . còn nhớ cái ngày ông dũng lên làm thủ_tướng ông ấy hứa nếu không xóa được nạn tham_nhũng thì sẽ từ_chức . và thực_tế thì nạn tham_nhũng tăng lên . còn ông có từ_chức mẹ gì đâu,2
minh nhật éo chết vì dịch chết vì nổ đt 🤣 🤣,1
tôi ủng_hộ tô lâm thống_lĩnh đoàn c . h . u . ộ . t để nó gặm_nhấm giúp_ích cho đời,2
cái loz chị ba có rắn kim_cương hok . .,1
u chi ba co cười luôn . vu na y ngô a nghen,1
"đeos thân nó thì thân ai , đợi myz nó giúp á có mà đến mùa quýt . tốt nhất cố mà tự_thân vận đôngn",1
ngu thì nhận đi abe,1
nguyễn hừng haha . cm con nhung rồi .,2
quân_đội quá vất_vả . thương các em . các cháu .,0
becks tran e cũng như mấy bác trên,0
bựa d tinh_túy của trọng lú d đất_nước ta ngày_càng phát_triển thua lào vào campuchia ơn đảng nhờ sự lãnh_đạo tài_tình của lão già biến_thái này . con_cháu ông chắc hãnh diễn lắm ngàn năm tiếng_thơm lưu cmn danh,1
độ cưng của con_trai thích lắm cắn kẹo_hương cam 😂,1
tùng dolce cho tôi xin tên nhạc,0
"cái đụ bà các thánh làm em cười đéo nhặt được buồi , nhầm mồm . đặc_sản việt nam đây r 😁",0
"xl la xong sao , de nghi_gia dinh xum lai nho nuoc bot uot het người no moi chiu",2
kb facebook nha trâu bé mèoo,0
😃 😃,0
đài loan chửi láo quá thì an_tâm nhé không ai đánh_đập đâu mà mấy nghìn quả trứng vào nhà luôn . các bạn nào gần nhà linh cá_lóc cho mấy nghìn quả trứng vô nhà nó cho nó biết thế_nào là lễ_độ .,2
"v rất là tự_do ngôn luật . cán_bộ chửi dân , xỉ nhục dân như chó thì không sao dân phê_bình cái thì bị phạt !",2
anh trung bú đá,2
hôm_qua hứa_hẹn trăm đường,0
đúng là nhà tiên_tri biết trước câu hỏi nên soạn sẵn ra giấy câu trả_lời luôn . 🤣 🤣,1
nghĩ đến chỉ muốn băm con chó đĩ ấy trận,2
"nhật_phát càng nói càng thấy bạn ngu thế những người nuôi bò dê lợn gà vì yêu_thương nó , giờ họ cấm bạn ăn bạn chịu không đến thua với lí_luận ngu_si",1
"quay được vl phim chó thì lấy xe bắt rồi ra bắt đi , chờ gì nữa",1
nhìn giống váy què của chipu,1
cuộc tình dù đúng sai,0
một minh chứng cho việc mua quan bán chức ! chức cao không phải vì tài chức cao vì bởi thằng này nó ngoan !,2
t nghi r mà . mâm nào cũng có ông_già bé sam vào . rảnh hánh thì chăm con đi chú ơi,2
ấu dâm rất lz hèn dì cô phương linh bốc scandal,2
người nhật đã làm cho chủ tịt nguyen đúc chung mất phần ăn !,1
? ?,0
nhìn anh như con cu ấy,1
dư_luận viên vào sủa đi nào các con,1
ý_thức ncc,1
bao_che cho nhau bây_giờ lòng tin chỉ là hình_thức,0
đitme ngần ấy tuổi r mà không biết đóng cái khóa quần vào thằng đĩ vượn lắm này,1
tẩy_chay . chó này con bán quá toàn hàng giã,1
ông ơi cho con hỏi ông bao_nhiêu tuổi rồi ạ,0
1 tỷ không bằng đeo dây_chuyền bạc,0
"thua cái buồi thằng ad , nếu quá mày không thích thì mày follow , thầy đang nói đến vấn_đề kết_bạn ảo động_cơ mày có hiểu . kết_bạn trên facebook là để làm gì không ?",1
"quốc_sư trần dần đổi màu quay về với cộng_sản việt nam rồi ! ông đã nhìn ra sự_thật vì chính_nghĩa không thuộc về cờ vàng ba_que , họ là quân cờ của người mỹ thôi . độc đảng nó có cái hay của nó chứ ! mỹ xoá ván cờ bỏ_rơi iệt nam cộng hòa thì phải ráng chịu thôi ! chuẩn ! kk",2
tr ơi nhìn lắm thầy giống con póng quá à .,1
"lúc nó nói câu đó muốn xỉu á , muốn dô hai chai nước biển",0
"vấn_đề sang đấy làm được cơm_cháo gì hay lại ăn_bám trợ_cấp , làm nail với culi như cái đám đu càng thọt mà ra_rả kêu gửi tiền về nước nghe to_tát quá cười",1
nguyễn thuận clone sủa cc gì em,2
"hô người việt dùng hàng việt đâu hết rồi , làm mẫu đi chứ",1
"haizz các bạn không thấy anh tôi khổ thật à , không phải ngày nào cũng có cơm mà ăn đâu , lâu_lâu nghèo đến_nỗi phải chắt_chiu từng đồng để ăn cua hoàng đế , tôm_hùm để cầm bụng đấy , mà có sướng gì đâu còn phải giúp_đỡ mấy đứa em nữa , từng đồng ấy giúp cả team refund cầm bụng sau giải để đủ sức sang thái . ai cũng bảo à độ lừa , không hiểu sao",0
cái loại người khốn_nạn này mà ngồi trên công_lý thì quốc_gia không còn gì nữa cả . vô_luân vô pháp,1
rút con kẹc . rút rút quài,1
rất cả vuốt má nhau ạ,0
ai khai_tử voz_vậy ? và lý_do tại_sao ?,0
fan cứng ủng_hộ chị đây 😁 😁,0
cang ngay hieu cang đep duyen lam em,0
thử xem con rắn_độc iran có bao_nhiêu cái đầu ?,0
lm kính sôi nhà_tắm tiếp,0
như 2 giọt dớt,0
30 03 con đ . ĩ l . oz thúi 🦋 😂 😂,1
phương minn nhìu đứa nó lạ loz vậy á . . dở thì người_ta chê . . thật_sự đéo thể_nào nge nổi nhạc jack . . tụi mày cứ khen nó hoài nó chả thể_nào tốt lên được đâu,1
đố anh bắt được e đấy toangg,0
đéo cho thì nói ki_bo cho rồi thì soi này soi nọ . thế mày muốn chúng_nó sống sao . miệng chó không mọc được ngày với cứt j củng phun ra được,2
nhìn xấu rất nhìn cái mặt vẫn còn dẫn og đi phẫu_thuật rồi gì còn xấu còn như đàn og,1
"khai_mạc trọng_thể đại_hội đại_biểu toàn_quốc lần thứ xiv của đảngsáng 20 1 , đại_hội đại_biểu toàn_quốc lần thứ xiv của đảng cộng_sản việt nam đa khai_mạc trọng_thể tại trung_tâm hội_nghị quốc_gia , thu đô ha nô i . ttxvn , cand , vov",0
xạo lồng quá mầy ơi,2
give away đôi giày thể thai thượng_đình giá 80k quán tạp_hoá,0
"da o na y ông gia tra i gio trơ_trơ i , nên mi nh đưa ông gia vê quê chơi , he n gă p ca c ba n va o t2 tuâ n sau nhe",0
đm thầy 🙂,1
hòm đang chờ e,2
trung đái_dầm,1
"ăn_trộm 3 con chim của giám_đốc sở bị đi tù 7 năm , còn thảm_sát cả 1 thế_hệ thì không ai sờ đến .",2
chào đ c thiếu_tướng trần dần,0
hết rừng nó mie vàng biển bạc rồi .,1
dương dương ? ?,0
nêu bật chúc_mừng trung_quốc đã nói lên lẽ_phải và công_lý cho những nước bị đế_quốc mỹ . na to chà_đạp và gây tội_ác cho người dân trên thế_giới .,0
nhỏ bạn em cũng vậy mua chai gu hi về sài nói thơm 8 tiếng 500k mà 10 phút là hết mùi mẹ r,1
lại một thằng óc chó tôm .,2
bts là con cặc,2
anh ba nay chuyển giáo_án fifa à lắm,1
hết kêu_gọi rồi lại nhắn_tin dây kinh_nghiệm đâu r . xin mời thủ_tướng cứ rút thoải_mái,2
"chúc_mừng đà_nẵng . nha_trang , phú quốc từ từ . .",0
khùng quá chuỵ ba ơi,2
"cave chịch được tiền , làm thiếp bị chịch free rồi còn được đè đầu cưỡi_cổ nữa",1
"nhà m có truyền_thống p . đ p ? . không , nội ngoại t đều tham_gia cm , quá có mình t hả . đ thôi 😌",1
võ cẩm loan mày không thích co hang . thi m dùng có vô coi . ko bằng log nách ba . tuc ha,1
tô tổng mà làm được vụ này thì xứng_đáng lưu_danh thiên_sử,0
"rất lồn , facebook từ 2009 tới 2013 mới bắt_đầu chạy qc mà nói live bán 10 năm nay 😀 có xa o lô n quá không dạ",1
"nói gì thì nói nhung không cố_ý , còn hành_vi này cố_ý lại khác",0
"thôi xong , en cười rồi 🤣 🤣",1
"sang page khác nói câu , bị cả đám hùa vào chửi cho ngay và luôn , haizz",0
"loại này về thì khinh như mẻ , ở bên kia nó chửi và kích_động dân mình dữ lắm , không đáng được lắm coi_trọng",0
đây là bạn thân của vũ khắc tiệp mọi ngừoi ạ . nên ý_thức nó cũng y_vậy,2
toàn các cô gái ngồi_xổm trym quệt đất ạ . .,2
dịch_bệnh kéo_dài vđ,0
"thảo jamie à độ với chị trang đó , ảnh thiệt !",0
cái éo j công_an cũng nói được,2
tàu hủ bản_lĩnh lấy tài_khoản chính ra sủa nữa đừng lấy tài_khoản face clmm,1
cam on chi noi that su . thank you for letting peoples know .,0
cực ky thuyết_phục,0
cô 3 oi . . con ham chiê c xe sh 150 ! lâu lă m rô i ma_con không thê na o mua no đươ c nô i . cô 3 giu p con 1 lâ n đi cô 3,0
chuâ n không câ n chi nh,0
con chó diên dan chuong trình nghe muon ỉa ra quần,2
triều_tiên có cha con họ kim triều việt sắp có cha con họ tô,2
"ăn hết bao_nhiêu tiền của dân để lo cho dân nhưng lũ mọi_rợ này lo cho dân vậy đó , qua tàu rước bao công về chém hết lũ mọi_rợ đó đi .",2
facebook cô tên gi v mọi người,0
xin chúc đệ nhất guốc sư tiger trần sức_khỏe đz zồi dào .,0
mình vui nhưng anh chủ quán đuổi mình về 🙂,0
từ hân ly lay má 🤣,2
dân bầu_sai lãnh_đạo thì chẳng_lẽ là lãnh_đạo sai ?,2
võ vân con mắt để nhìn về tương_lai ok,0
30 03 con đ . ĩ l . oz thúi 🦋 😂 😂,1
bóng vcl ý em nói thầy sela còn anh bẩn_thỉu như chó nha,2
hải bảo rùi thà nghèo mà yên bình còn hơn giàu mà bất_ổn . tao buồn ỉa quá,2
ai tag hộ ông em nh . . à mà thôi v,0
à si nhìn lùn lùn đứng trong khung gỗ nhìn cừi vl 😆,2
ba_que không thích điều này,2
"sinh_viên đh sư_phạm và phụ_huynh nên bãi công tẩy_chay mụ hồng_hán nô , hán gian mang chức hiệu_trưởng này đi .",1
toàn đám điên_rồ rồi trong số mấy thành_phần này thế_nào nó ngày con cc già có lôi dòng_họ ra nó chửi cho nhục 🙀,1
cay vl lew lew,1
nguyễn kim chi lây cho khỉ rồi sao . 🤣,0
nghe loáng_thoáng . . nó buồn_ngủ rồi đó mày dẫn nó đi đụ đi,1
non xanh mấy độ trắng răng mấy kì quốc_kì không đổi được câu cuối của sấm trạng trong bản hương sơn quốc_ngữ,0
"để trẻ_em chạy xe ngoài đường nguy_hiểm lắm , hôm_kia tôi đang chạy sát lề bị 1 thằng nhóc chạy xe_đạp lủi ra ép vào xe may mà tôi lách ra kịp không thôi té nó là bắt_đền mệt_mỏi !",0
được luôn anh ơii,0
đm quản_trị ngu vcl chăcs cậu đang tưởng mình hay với nguy_hiểm lắm đấy,1
"thôi má ơi khổ quá . . má dạng háng từ việt nam qua tận bên mĩ , hết quan ta lại tới quan tây , gái ba_que toàn zay hết quá thất_vọng",2
dạng háng chứ đâu,1
deoo nhaa thầy 😚 😚,2
lê luân đừng so_sánh lương . mà hãy so_sánh quyền_lực và lợi_ích . làm cty tư_nhân là người lao_động không có quyền_lực . còn làm nhà_nước là con_cháu các quan_chức có quyền_lực và nắm trong tay nguồn_lực của địa_phương vả quốc_gia . vì_vậy một người hưởng lương do công_sức lao_động của mình và một người hưởng lợi_ích từ toàn_bộ dân địa_phương hoặc quốc_gia gom lại thì tiền của ai nhiều hơn ? ?,1
cảm_ơn nkyn có vũ_khí đáp lại bò đỏ rồi ! 😄,2
hoài thu t phải làm trước hẳn 1 tháng và không cho nó cắt mái 😂,0
giáo_án cc gì đây,1
thần_kinh_tọa vl,1
được đang phiêu thế này thì gặp trum sao cô,1
minh công nói thật bây gio tôi ghét bọn hàn như ghét cức,2
mày biết tại_sao không thằng ngu vì đứng đấy ngăn_ngừa phòng_chống hiệu_quả nhất cái loại ngu_dốt như mày nên học lại đi đã không hiểu ý người khác đã vào bình_luận người_ta chửi cho nhục mặt lắm thân còn tao chưa nói gì là văn_hoá hay không văn_hoá tao đang muốn nói ý_thức của các ông say rượu khi tham_gia giao_thông,2
murad tv vl,0
ong lân ôi ong xảm quá hi,1
anh độ mà đơ là con meu nó cho đống đồ_chơi của anh đi luôn,0
yêu thật_sự,0
lmcs,2
cũng như irac mỹ xâm luọc rồi giết sadam vị tiktok thật mà việt_nam mang ơn ngàn năm ?,0
em về đây,0
"mày vl như xấu q , u , ỷ",1
"thật_ra diện_tích cho phép có 700 thôi , chú linh xây tới 700 nên các chú các bác sợ quản_lý không dc , 1 số_thành_phần chống_đối tụ_tập",0
"tao thấy mày giống sát chết đang ngồi quán , con quỷ ơi",1
"bị điên à lắm nhắn_tin nợ tiền nó chả , gọi đòi",1
xã_hội thối_nát,2
nhìn phát biết ghép,0
người_ta nói đúng sự_thật mà sao cứ bảo là nói_xấu ? quan_chức chế_độ này có tên nào tốt_đẹp đâu mà bảo người_ta nói tốt ?,2
chiều thì bị chị trang trêu . tối thì bị anh độ khịa . anh đen lắm người mìn ạ 🤣,0
dân băc minh không xu đep con cho nay,2
tnao thiếu iot thế bạn huy minh lương . bạn về nhà hỏi lại con bà_già nhà bạn ra ngoài chợ nhặt được tiền về có khoe loạn nhà hay k . hay mang tới c . a tôi nhặt được 20k 50k không biết của ai tôi mang ra trình các đồng_chí . ai cũng có lòng tham mà những người như bạn ăn_đủ iot lại đéo hiểu cái vđề nó nằm ở đâu . người_ta mới hỏi là có nên hốt k . chưa ỉa ra mà các bạn đã chực cắn r . lại thêm được 1 con chó to nữa,2
dần công_an làm kênh riêng chắc hót lắm đây,0
mơ đê,0
"thế mới thấy ở dưới thôn_xóm đã ăn lai 1.0 rùi , càng lên cao thì càng tăng theo cấp số_nhân_thế_nào đây từ thôn , phường , chi_hội , hội , quận , tỉnh_thành , trung_ương . . ôi_thôi nó thối đến fat tởm thật .",1
con thuỳ tiên không băt luôn nhĩ tiêps tay để giết người quá,1
nulo hay ai ỉa vô họng m hả j,1
biết là đẹp rồi 🤣 muốn đi làm nhưng mà tiền không có chị yêu ui 😂 🤣,0
nguyễn đức bạn là chó . cũng là món ăn,2
đúng . . ng việt_nam rất là xạo lồn nghèo mà nổ lắm,2
"mày mới gọi là nhảm đó , đồ chó đẽ",2
hà_nội đang bị chúng xẻ thịt . động vào hồ yên không tây được đâu ! quá,1
ông sang dần tiên_đoán khi nào việt nam trần giải_phóng bắc thật kinh ?,1
nước chxh chủ_nghĩa hưng_yên,2
xin vid ạ,0
má ba vàng_ngọc nói quá chất quá hay sdt của con 0921507879,0
"hui bây_giờ triển_vọng vậy , hồi tôi còn học thì trong đó nuôi cả đàn bò tin vào sự dẫn_dắt tài_tình của đảng và nhà_nước",2
tư c nhiên ma_y xa qua o,1
con_mẹ mày . nói mày là chó thì tội con chó . mày còn thua con chó nữa tịp à,1
lại thèm lone ngọc trinh chứ sao . ông cứ văn,2
tổ cha nhà mấy thằng quản_lý với bảo_kê ngu như con lợn ! đã biết thể_trạng của các em ý đều là nước_nôi rất ít mà_lại không chịu cảnh_giác vấn_đề củi_lửa .,2
dell để gì còn nói 3,1
tôi tưởng bọn học_trò nó ghép clip vào chứ ai_ngờ nhận giải thiệt,0
số đẹp không nỡ like,0
3 que có cờ ko ?,2
xã_hội việt nam thối_nát rồi . . bây h chúng_nó chỉ mong vơ_vét của dân cho nhiều rồi chuồn ra nước_ngoài thôi . . phải có một hồ chủ_tịch thứ hai,2
"nhìn mấy fan trẩu vào bênh hài vl , người_ta nghe không được thì ngta nói không được chứ ngta có chửi idol tụi m đâu mà xù lông lên , m bật nhạc jack lên cho ba mẹ tụi m ông_bà m nghe đi , thử ba mẹ ông_bà m có chê thì m có chửi ba mẹ m không",2
dmcs,2
xộn lào quá hà 1 chai bán 1tr giảm còn 300k hai chai v hàng giả chính hãng nha cả nhà v,1
đẹp mà ý_thức như cc thì vứt 😁 😁,1
bộ mà không được phép của chính_phủ . của bộ chính_trị thì bố của bộ cug đéo dám quyết !,2
chửi cái l linh cá lon,1
nó fake tài_khoản hèn vl biết quá gì đâu anh 😆,1
3612 wish lucky,0
"quăng mẹ xuống cho rồi , ông_già nuôi tốn tiền bỉm sữa vl",1
trưởng tộc mixi tuổi mới thành_công,0
tất_cả là từ ý_thức như đb của mấy người này mà ra thôi .,1
"lời khuyên chân_thành gặp mấy con đàn_bà chạy xe trên đường thì né tụi nó càng xa càng tốt , lũ dở_hơi đó chỉ giỏi làm khổ người khác thôi ! !",2
nguyen ngoc tam_gia phú phải không 😂,0
si đa mà xông_pha hiến máu là có thật,1
nhận lương cao mà củng chẳng làm_nên trò_trống gì ! ! toàn p . h . á h . o . ạ . i và t . h . a . m n . h . ũ . n . g,2
"chỉ 1 2 đất_nước trong nội_chiến vẫn đã làm được điều như này vào 60n trước . ôi . ! luôn , tôi yêu mọi người của tôi biết nhường nào !",2
mày ngu vừa thôi quản_trị,2
nguyễn tài koi cc bạn,1
con luôn này đúng là sạo lồn 9 phương củng không chừa phương nào hết,1
ở hà_nội đánh nhau như phim trung quốc chắc đạo_diễn báo_công_an rồi nên không có đi kiểm_tra . có quay cả cờ vô nữa bảo_đảm tụi trung quốc không làm phim này,0
hi_vọng nhung mau khỏi và sớm đoàn_tụ với tổ_tiên !,2
đỉnh kao của c nhung nguyễn,0
"nghèo chết mẹ , thiếu nợ người_ta chết mẹ . bộ_mặt con_mẹ gì . nguỵ_biện .",1
"bận đi tuần_tra biển đông giúp đông lào nữa đó , sao bạn không kể đi .",2
không à ưi,0
mặt như buê đuê ấy nhể,1
nhớ lại thời thủ_tướng cá_trê phi_a3d mua_sắm đồ bỏ như vụ vinashin lãng_phí kinh_hoàng . bây_giờ thủ_tướng phạm minh chính như cá_chép vượt qua ngàn_vũ môn mong đất_nước_hóa rồng . thấy thuơng quá .,0
đang buồn nghe tỉnh cmnl,0
những tinh_hoa của nhà_nước đã tạo nên hình_ảnh nầy đây ôi ! nhức_nhối muối_mặt với thế_giới . .,1
haizz . . 3 que thì sang mỹ đi_ở việt_nam làm j cho chật đất,0
2022 idol về việt nam rồi,0
kiều khanh corona mà xông_pha hiến máu chứ,0
"thằng dưới thì thấy thế này , chứ đm thằng quản_trị mà làm quan to xem , thử mở mồm ra nói nghĩ cho dân xem nào thanh_niên ghen_tị",1
hải_yến có câu nói là không thích nhìn đéo ai bắt xem,2
cộng thành 3 que thất_học muôn_đời sủa,2
đây là lý_do tại_sao thích tuấn hưng với khắc việt,0
"rfa đi rồi bao_giờ luôn đến việt tân_vậy bển sống bên ? , đăng tiếng bển phục_vụ dân bển là đúng rồi . tạm_biệt",0
"phân_chia vùng miền là ngu . ở đâu cũng có kẻ này người nọ . thử_hỏi phản_ứng về vụ formosa vừa_rồi ở đâu được đoàn_kết , đông_đảo và không e_ngại như giáo_phận vinh ?",2
dối gian lường gạt 😂 😂,1
"mà t cũng đ hiểu , rõ_ràng là bọn quan nó cũng dùng nước mà ? hay bọn nó có nguồn nước riêng nên kệ mẹ dân ? ?",2
tin nhắn của thủ_tướng đổi ra chắc được cả tỉ bạc chứ không ít . lũ_lụt đến chân người dân thấy tin nhắn thủ_tướng chắc mừng rơi nc mắt,1
chị xạo cười oi chi ba quá,1
"virus này bọn tầu sản_xuất ra có tác_dụng phụ kích_thích ảo_giác thì phải , thằng nào con nào bị cũng tìm cách đi du_lịch",2
yêu cô tôi kk,0
em xin chia buồn với hàn quốc một đất_nước thượng đẳng nhưng em cũng muốn nói ditmevualonetaolam,2
"hơi quá_lời , thật_ra thiên_hạ đã chửi còn hơn chó",1
hãy yêu bố_mẹ mình hơn 😊,0
xem cktg tôi toàn xem tây cast s xem việt nam cha mà vcl,1
kiếp nạn lớn nhất của cô l chắc là lũ fan hãm l của cô đúng không,2
mở_mắt ra thấy mất fan cứng nhẹ,0
trần cọp ông anh thần_tượng của tôi cũng không trống lại được thời_gian nhỉ tiếc anh cọp ngộ giác muộn,0
"rồ mẽo mất não , từng chửi bố nó vì coi thời_sự rồ nga 😃",1
đó là các bạn đ biết với cái trình_độ học của ông nằm trong top đại_học bố chủ nhà_máy_điện nữa . chỉ là giàu bạn thôi .,0
thuơg cho gia_đình e bé . cũg thuơg cho người lái_xe . nhìn qua tấm ảnh nhìn bác khắc_khổ qá . thuơg tật chiến_tranh . mình không binh ai không bỏ ai . đặt trên cán_cân tình_cảm thì không dễ gì trách bác ấy . đến cuối đời mà mang bản_án ấy thì qá sức với cựu_chiến_binh r . trách số_phận bác bạc_bẽo . cuộc_đời bạc với bác qá .,0
vẫn hoàn_hồn hình mất mấy vl giây mới đứng lại !,1
mất về one champ lee bú đá và rụng giáo_án xác,1
ai muốn làm cv bán thời_gian nhắn_tin mình nhé,0
nguyễn đăng khoa nhưng khách mua thì người bán phải nói là con này có độc chứ . mình muốn mua gì mà người bán nói có độc này_nọ là mình không bao_giờ mua đâu,0
trần thị ngọc ngân nói phải uốn lưỡi mới nói viết phải động não tay nhanh hơn não !,1
cứ như mấy ông trại tâm_thần nghịch kiến ấy nhỉ,1
trông vừa khít lỗ_đít luôn 🤦 🏼,1
tat công_an chi la no nhin cua to rung ma thoi . . đm bu,2
thoi không_gian tom duoc lao ay o dau thien di_de lao_thanh su,0
thinh nguyen ct chứ đâu má . tự cách_ly rồi . 🤣,0
vũ đức cường nổ lực của thầy hát được đền_bù rồi,0
tuan do khac lom_khom nhi n tô i vl,0
sao mày lấy ảnh tao,0
"dm . . thằng assmin này phản lại cái động . . bố nó thông_minh , tài_giỏi mới làm lãnh_đạo . . nó có gen di_truyền_thông_minh , tài_giỏi đó mới làm lãnh_đạo như bố nó . . không_lẽ mày muốn thằng phụ bếp làm tủ_lạnh , thằng thiến heo làm tbt . . v . . v . . dm có mà xuống hố cả nút đất_nước này ah . . dm . .",2
ủng_hộ chú thăng làm thủ_tướng,0
làm đek gì có lê văn tám nên chậm là đúng rồi . v,1
nhi băng cười,0
các chị_em lên,0
bác dẩn rất vui_vẻ chúc bác khỏe trẻ mãi không già,0
anh_em nào đi ăn k . đang tìm quán lẩu mà nhìn ngon thế kia cơ_mà 😂 😂,0
yêu cl gì ? nhà bao việc,1
xuân quảng tôi chết rồi,0
"ngủ_gật thì điều_chuyển sang vị_trí khác thôi . còn ai trồng khoai đất này nữa , ai cũng là biết ai sẽ lên bộ_trưởng bgd lắm rồi .",0
sao giao_thông không có nam duyệt hầy . mình xem ở nguyễn thái học,0
lê huân_diệp diệp nguyễn_sơn cập_nhật thông_tin,0
"người miền bắc , người miền trung , người miền nam cũng đều là người việt_nam , tất_cả các miền đều có người tốt người xấu , nhưng hầu_như đa_số tất_cả việt cộng mà leo lên hàng lãnh_đạo từ cấp tổ dân_phố , cấp phường cho tới cấp chóp_bu thì không có đứa nào là người tốt cả",2
không nhận hối_lộ,1
tìm_kiếm trên google cụm từ cmnm để chúc_mừng năm mới,0
mỗi tháng được có 600 bạc tiền_lương mà ngu như chó . đây gọi là con chó và người đi săn .,2
du ma_may nha . may ve day tao dap ma may không ra,1
rất lìn 😂 😂,1
"nếu không cần biết về lịch_sử nữa thì 100 năm con_cháu đ biết nguồn_gốc mình từ đâu ra 😃 rồi lại bảo sao không mất nước . chuyện gì ra chuyện đó , việc bạn nói đã có các anh ba_que lo hộ r nhé 😃",1
"làm_ơn nghe vl mồm đi , im chán",1
tuyết nhi 😶,0
khổ_thân bác . .,0
có_lẽ đom_đóm hay hơn bài này,0
"nếu không cần biết về lịch_sử nữa thì 100 năm con_cháu đ quá biết nguồn_gốc mình từ đâu ra 😃 rồi lại r sao không mất nước . chuyện gì ra chuyện đó , việc bạn nói đã có các anh ba_que lo hộ bảo nhé 😃",1
lê thư bớt ngu,2
hưng_yên chxh vl chủ_nghĩa nước,2
cười trend mới mà,0
có ai là quan_chức mad không lạm_quyền đâu,2
🤣 🤣,0
làm_giàu không 😆 khó,0
"lương kiều trúc uyên con giời cũng chết chứ chủ_tịch mà to à , tầm này là cái đinh hết",0
"game này thật thú_vị , quà hấp_dẫn",0
nhật cũng có nhật this nhật that à 😞 đất_nước văn_minh con_người được công_an ngợi sống đẹp mà vẫn có một_vài thành_phần như thế_thì bảo sao việt nam chả có chị n,1
trần ngọc dũng người bắc thì nói có . . bắc cc gì mà phải nhột ?,2
con linh này nó không biết nhục sao mà còn đua cái mặt lên cà . .,2
bên mỹ chắc không có bệnh_viện tâm_thần,0
3 4tr bán còn 300k đến 400k . . nói xạo nói ngu còn nói cho to . . lên_mặt dạy_đời bán hàng dễ_thương mồm mày ngày thường ăn phải gai tre nên giờ tối lại xộn lào à v,1
nghe giọng lứng quá,0
anh mình cũng bắt trend nhé,0
đéo cho thì nói ki_bo cho rồi thì soi này soi nọ . thế mày muốn chúng_nó sống sao . miệng chó không mọc được ngày với cứt j củng phun ra được,1
sang_năm tặng à cái đồng_hồ báo_thức với quyển lịch,0
phim séc còn lịch_sự hơn,1
vừa bước xuống là thấy toàn ám khí không rồi,0
hải triều cay thật,0
hi cháu cô minh hiếu từ hậu_giang nha,0
biết vậy ở nhà đọc truyện sếch còn hơn thầy ạ,1
nguyen tới luôn thắng van_giang nơi sủa bậy,1
lẩu mèo thì phê phải biết anh ạ,0
tình_yêu không có lỗi,0
đág yêu thật_sự,0
em về tộc anh r nhưng chưa có fc 🤣,0
rất tin_tưởng sự lãnh_đạo của đảng nhưng trường_hợp của con nhung thì phải xử_lý thật nghiêm bỏ_tù ngay,0
rất tiếc ông chọn nhầm cái đãn chó chết để phục_vụ,2
luật_pháp việt nam thật hài,1
kỳ này mỗi lãnh_đạo chắc_chắn tha_hồ máy_bay riêng có mà đi ! thật,1
dấu_hiệu của tết đến,0
đòi bằng được mẹ sang mỹ bây_giờ lại muốn đuổi mẹ ra khỏi nước mỹ bọn mất_dạy,2
và đây là à độ trông con khi chị trang đi vắng 🤣 🤣,0
"đm , đéo hiểu sao cái đầu của nó lại nói ra được những lời đó , so_sánh nó với con chó thì nhục con chó qá",2
nghe đệ nhất danh_hài td cũng đỡ buồn .,0
"thật gánh nặng đè lên vai , , ra_sức phạt ngày tết cũng 0 nghỉ thời bác trọng còn dễ_thở 1 chút 😔",1
thì dân toàn mặc áo cờ tổ_quốc đi đòi đất đòi nhà mà ? chắc nó muốn doạ dân hn muốn biểu_tình đây,1
nhìn chán đời v,0
tội bác hồ . toàn cải_tạo thayy 🥺 🥺,0
tiên_tri xàm,2
sao làm_chủ_tịch mà ngu thế được nhỉ,1
"tối_thiểu phải giữ lại 33 thì mới đủ xây_dựng hạ_tầng cơ_bản , hơn 40 năm bóc_lột dân sg chưa đủ sao ? những ngày đầu_tiên tràn vô chúng đã vơ_vét số tài_sản khổng_lồ để cõng ra ngoài kia và cứ tiếp_tục chúng xẻ thịt hàng ngày , cao_tốc ở tphcm không đủ phục",2
"con , này , ăn , cuc , cả , thoi , giới",1
clip này là sao vậy mọi người . là lúc chưa xin_lỗi hay xin_lỗi rồi . lúc xem nó xin_lỗi cúi đầu tạ tội mình thấy xót và xin mọi người bỏ_qua,0
"địt_mẹ đến là hài , cướp như thế_mà nó chỉ bắt vì tội gây_rối trật_tự công_cộng . cái tội này là tội máu lồn nhất . dân oan đi khiếu_kiện nó cũng vu cho người_ta tội này được tuyệt_nhiên rồi thì thanh_niên ra quảng_trường chơi chúng_nó cũng vu tội này . . nhưng , chúng_nó cho lũ an_ninh , dư_luận viên đánh người giữa phố thì đéo thấy tội này đâu .",2
chết con ỉ ẹ thầy với em,2
xa la công_tử share về các page,0
trần lê minh hùng,0
k h i ê u d â m hay gì,1
trần_thành,0
con này hết thuốt chửa rồi .,1
xời . bên việt nam bò đỏ tự bật nghe . không cần nhắc,1
ăn_cướp thì tung_hoành như_chốn không người . . chứ trên xe có chú nào dám giơ cái bảng formosa cút thì đảm_bảo xuống xe có người rước đi ngay ! an_ninh xứ ta giỏi lắm . .,0
con quỷ cái,2
ghê_hầy,0
võ cẩm loan não ngắn_vậy . có mắt như . mù lắm .,1
con mắt liếc ông tuân thấy cưng ghê chời kaka,0
mình không đồng_tình với mụ này . . nhưng mình lại kết cái câu bạn không c đẽ . . vì mình thấy bọn bạn không đa_phần sống rất chó . . nên mình cũng rất ghét . . xin_lỗi những người ít_ỏi bạn không có đạo_đức nhé . .,2
mỹ hạnh hạnh là 1 bông hoa dại à 🤣,1
thằng_cha tập qua đây dân xem nó mìh như choá,1
"quan_ngại lắm thật mà . . bác t khéo lại rờ tới việt nam thì khốn , không quan_ngại mới_lạ 🙃",0
nghe mà đắng,0
bế 4 . bp của t về liền ả luôn,1
lúc đầu nhìn tinh đâu cô nay la_con gai thật không hoàn_hảo không nhận ra,0
cô minh hiếu đúng kiểu miền tây chất phát . nghĩ gì nói đó chân_thật đến đáng yêu . mãi yêuu cô lisa minh hiếu,0
cộng_sản toàn lũ tư_tưởng độc đảng,2
à méo nên về nước thì mới đúng,0
có ai cần mấy ông giải_thích đâu má v,0
oan_nghiệt khắp nơi rất mong có cb có tâm có_thể giải_quyết được những vụ như thế này,0
"còn 1 câu , có nước_mắt đâu mà lau !",0
bà hà thâm hơn dái chó 🤣 🤣,2
cánh hoa này rộng vl,0
anh ơi đau vcl luôn,1
nguyễn châu gia_bảo giờ có cho vé free tôi củng méo đi đâu hết tụi này bị điên hay gì á chứ người thường ai mà ngu động_trời như_vậy .,2
con me gia mat day vo van hoa,2
"bửa nào kêu bọn đầu_gấu giết hết gia_đình ad . lúc đó nó sẽ post giết người thì nó bắt , trộm nó bỏ_tù , lương_thiện nó tha . mồ tổ cha mày rảnh hơi , hết chuyện làm hả mậy . gặp tao là tao g . i . ế . t lun chứ bỏ_tù chi",1
chị ba sang quá à . . đi hửi quần xì của con les,2
v mấy thằng này bệnh thật vậy_mà cũng nói được !,1
"má , không hiểu được bà này . nhật có_thể là đồng_minh thân_thiết nhưng lắm bà trước không_thể đạp lên tổ_tiên , đồng_bào để cúi đầu thủ_tướng kẻ giết_hại dân_tộc .",0
đíu ai like . cho thầy đi ăn_cắp luôn,1
"đụ_mẹ , thầy làm clg_vậy ?",2
thay ngu,1
"phân_biệt nhờ phần đuôi nhé , sam đuôi kiểu hình_trụ khi sờ thì có gai gai . còn so đuôi tròn hơn và sờ vào nó trơn mịn",0
"nhìn chú trấn dần giống bị nhiễm lắm , không biết có phải không ? nhìn hài thật",0
"bệnh_viện chứ kp khách_sạn , thích thì vào tù mà ngồi",1
má . thì ra việt nam có việt tân iran có i tân,0
chung cô ng ra nh sao so đươ c vơ i nga i chung bo ng đa .,2
dương hiếu đcm,1
cụ cố tổng đã giao vl chứng cho ác mất rồi .,0
nghe 1 lần chưa hiểu lắm nghe nhiều lần vẫn thế,0
người nổi_tiếng mà ý_thức kém quá .,2
nhìn mặc ngu ngu . thấy thôi đã mắc cười zồi .,0
công_an xã là nơi nhiều cái chết bí_ẩn nhất,1
"thằng quản_trị chửi tránh ra , tao viết dùm đám dư_luận viên cho",0
co thă ng thông tha o 29 thư tiê ng la m chu ti ch pă c po,2
khóc con cak,1
mọi người đừng ns này ns nọ chị ấy . khẩu nghiệp mag ts tụi bây quả_báo đấy con ạ .,2
chị lại hót,0
"mỹ tho hay sao mà vàng cũng phải mang , mà ở cali thổ_tả nữa chứ v . vô bốc trộm vl cũng không bị bắt chứ mà mang giấy_tờ",2
thầy ơi cấp em học_bổng,0
nó in tiền như in giấy_lộn thế này bảo sao không lạm_phát .,1
vô giải_phóng mẹ nền văn_minh hiện_đại mất 😢 😢,0
đẹp_trai quá đi à,0
chua bao_giờ người lại rẽ như bây_giờ . . ! !,1
bị gì bị lắm thế,0
facebook chính_thức của ổng trần dần là gì z anh_em,0
bãi cức nào cũng có dấu răng của quản_trị,1
cho em hỏi ngủ tí . . 10 năm trước là 2010 . . lúc đó có tính_năng livestream của facebook rồi hả mọi người ? ?,0
"thua cái buồi thằng ad , nếu mày không thích thì mày follow , thầy đang nói đến vấn_đề kết_bạn ảo . mày có hiểu động_cơ kết_bạn trên facebook là để làm gì không ?",1
. mới ngửi mùi của sena nên nghiện luôn mùi đit hqa hả thầy,1
bê đê mà,1
noi . cho . nhieu di . chu . mai . mot . gia . nam ia day . 1 cho . luc . do . muon . noi . cg . không noi . dc . hi,1
tiên cha chug mày trong đó chỉ có vị bộ_trưởng bộ văn_hóa thể_thao và du_lịch của việt_nam và ông trần anh tuấn phó_chủ_tịch vff là phó_chủ_tịch thường_trực của liên_đoàn bóng_đá đna và các quan_chức thành_viên của liên_đoàn trao thưởng chỉ là chụp hik lưu_niệm mà cug nói là quan_chức lũ ngu à,2
mấy thằng báo đời này sao không ai chế_tài 🤔,2
thay ngáo đá,2
hoan_hô bác đại_biểu này nói rất đúng và chất cho tầng_lớp . .,0
người cao bằng đẹp_trai là thế đấy các bạn ạ 😆,0
nát hết cmn rồi,1
99 dân tô c na y la vâ y đo . đa ng đươ c la m nô lê cho ta u .,2
diễn_viên suất xuất nhất giải còn gì,0
bóng già đeo vàng giả sửa như chó,2
team tôi đi tấu hài,0
đúng mấy thằng bệnh_hoạn,2
"thằng quản_trị này , mày điên à",1
nguyễn thuận ý_kiến cá_nhân thôi mà thử sáng_tác cái mã bố nhà m à ?,1
chị ba còn trinh có cây đinh chính giữa,1
hải_yến đéo ai cần m care 🙂 nói câu muốn sút cho phát ghê,2
muốn vả mấy cái mỏ của mấy đứa cực_kì thuyết_phục ghê,0
trần thu huyền được,0
chán đéo nói nỗi 🤣 🤣,1
"lên mạng thánh_thiện làm_phước , miệng lỗ mồm long công đồ chợ_búa , có chồn lùi đâu múa lữa , ngáo aõ",1
lừa,0
chi oi chi giau thi kê chi khoe cua lam gi,0
ji cai éo ji con này . dm nc éo thật có logic cc trường_hợp bị cả cộng_đồng nó chửi cho sml cho cm may lun_nghiệp,1
nhìn cái cảnh này buồn_cười vch 😂,0
thằng xe công chạy nhanh_vậy,0
khắc tiệp thì lấy việt tiệp khoá mõm lại,2
chuyê n tâm_linh đi t lô đi t tư ba ga,2
choy . heu minh said mr ba coung con cu chua co los hahaha .,1
tự_do ngôn_luận mà hở ai nói trái ý mấy má là mấy má nhảy đành_đạch . . học người_ta kìa luôn học_hỏi tiếp_thu ý_kiến cho_dù là ý_kiến bất_đồng như_vậy mới phát_triển được . . bọn mày ai nói khác xíu bu vào chửi này kia rồi dư_luận viên này_nọ . . quá bôi cho bọn mày,2
con thần_kinh,2
anh cây ti em của một bà mẹ có 1 công_ti nào đó,0
quỳnhh hoa bị ngu à t vẫn mang quốc_tịch việt_nam và vẫn nói ngôn_ngữ việt nam chữa_trị ở đây việt nam chưa cấm m lên_tiếng làm g ? ai chê việt_nam nghèo_nàn suy bụng ta ra bụng người à ? lo chuyện bao đồng,1
làm cái đéo gì thì làm đừng để người_ta nhắc đến việt nam là gắn với từ ăn_cắp,2
ông nào ghép quả ảnh hợp_lí vcl,0
"nỗ_lực của bản_thân sẽ cho người khác cái nhìn hoàn_hảo hơn chứ không chỉ mỗi tình_yêu và sự bao_dung vì sau_này tình_yêu không làm cho cuộc_sống ấm_no đầy_đủ về vật_chất mà chỉ về mặt tinh_thần , tình_cảm , . . vậy nên đi kề với tình_yêu cần có sự_cố_gắn",0
sam sam kiểu như gọi thân_mật ý,0
nếu không có nhung thì cũng có 14 người nước_ngoài mà . .,0
"cô là người miền tây giống con , nhìn cô chất phát , thật_thà đúng với con_người miền tây_vậy con rất mến_mộ . con luôn theo_dõi và ủng_hộ cô",0
mong thầy đánh tỉnh_táo hơn đừng để nó lừa,0
"nhìn lướt qua thì trông chất vl , nhìn kỹ lại thì trông như cái đb ý",1
ca i mă t con na y đi lươ m bao cao_su cu a cha u no uô ng ne,2
phạm trungg thằng này ngu hơn mấy con chó rác_rưởi à !,2
"khoan nói_chuyện xây cái cổng nhưng thằng add óc chó chó quá , người nghèo mà mày cái đéo gì cũng lấy ra làm chuẩn để không được làm cái này cái khác . bây_giờ là cho người nghèo cái cần chứ không phải bỏ tiền vào mồm người nghèo , không là nghèo bền_vững đấy .",1
thương thương 😂 😂,0
l . ồ . n đâu có . cái gì cũng có nhưng thật thiếu cái l . ồ . n,2
14 10 thần_quyền môn súng bắn không trúng nha mạ ngừ,0
dù ai nói ngã nói nghiêng đỷ này quá vẫn xạo lồn như xưa,1
qc cl vl à đm con yến nguyễn,1
tị tào_lao,1
cởi thì cởi mẹ ra không thì mặc mẹ vào 🙃,1
nguyễn quốc vinh subasan,0
e thích cây_bút của chị,0
nhi n mă t ma_y dao ke o nhiê u qua rô i đe_p gi ghê_qua,2
trịnh nam long mái ấm tình_thương,0
sang việt nam thành cái l cat khong . . 🙈 🙈,1
thế mặt đẹp gái mà cái tính lại xấu_xa luôn nhìn này .,1
uiss uiss . ghéppo hàii vaiil cácc ôngg ạ .,0
nha m nhi . ma_y kiê m đâu ra ca i tơ giâ y na y rô i vu khô g thê,1
dang khoa nguyen đã bảo nói_nhỏ thôi không nghe . ông thấy mấy đứa tự nhu c vào sủa chưa,1
dô con di_mây ngon lâm_ma,2
thằng trung có con to lắm,2
bên kia biên_giới là nhà luôn biên_giới này bên cũng là anh_em nhà_sản,0
"các chú các bác làm ở sân_bay ăn no mòng , khách bị ướt đéo phải việc của các bố ấy",2
làm tôi với 😝,0
mấy nhỉ như thế thường có cái mỏ giống nhau chú,0
đợt nay hinh nhu mới 40k mấy sub à chắc ổng không ngờ giờ 1tr sub thật,0
mạg người rẻ vậy s ?,1
yến lương 😂 😂,0
bạch nhi có ngày phọt ra,0
làm thêm 4 cái lễ diểu bình nữa cho hoành_tráng,1
"chị thấy cái đó chị xỉu 3 ngày , hên của con_nít chứ của người_lớn là chị đi luôn r . cười muốn bệnh luôn . 🤣 🤣",0
nể đlt là gan_lì không chịu nôn tiền khắc_phục hậu_quả mà nằm chờ phe mình lên_ngôi,1
vì_vậy các bạn cứ ở ngoài đó nha . đừng có vô trong nam này làm gì . hít bụi mịn như hít cỏ mỹ vậy đó . hèn_chi phát phát_biểu ra là biết ở đâu liền à ! ! 🤣 🤣,2
cánh hoa mà,0
tập này thấy hay nhất trong tất_cả các tập come out 😆 🤣 lisà cai lậy xinh quá đi,0
đón trung quốc sang chiếm nước,2
nước mỹ mới là độc_tài,0
chi nay dep sang,0
chị ba chắc còn trinh trâu hahaha,2
thằng quản_trị culi của rận chủ vịt tần xuống dưới trả_lời chất_vấn kìa,2
giúp mình với mọi người ơi,0
haha . . bọn thượng đẳng lỗi_thời,2
trơ i ơi trơ i nga c nhiên chưa ông mươ i nâ y ô ng qua nh ngươ i chê t bă ng tiê ng no i cu a ô ng đo ui trơ i nga c nhiên chưa ông mươ i nâ y qua ng ca o râ t râ t la nhanh trơ i trơ i ta m ba chư i không la i ông ta đo_nhe,2
"tới giờ lên_cơn rồi , a yên đâu cứu cứu",1
óc chó chó,1
roblox,0
cô chững_chạc hơn nhiều r 💛,0
chị vạch loz ra cho em xem với,1
hieu trung ưng vcc mà,1
bên này đặt_hàng nhanh thật . mình vừa đặt hôm_qua nay đã có,0
không mặt sịp à thầy dd,0
đầu_tư 16ty đô sau thấy nhân_công toàn_bộ_đội vậy trời,1
nghe rất vô_lí nhưng cực_kì thuyết_phục,0
lục_đục lấy tình_dục làm hoà 😂,1
có hôn chị cho em với,0
lỗ_đít nè chơi đi,1
"quá troi xl , đm bán hàng 10 năm , bớt đi cd oi",1
"rồi con ông lại phát_biểu bằng việc giết cha tôi , người mỹ và phương tây đã rơi vào bẫy của tôi . . 😂 😂",0
"v rất là tự_do ngôn luật . cán_bộ chửi dân , xỉ nhục dân như chó thì không sao dân phê_bình cái thì bị phạt !",1
to c na y được nhâ t à_ơi,0
búi tóc tùng đâu ?,0
con chó còn có ý_thức . .,1
gốc bự,0
đỷ mẹ,1
đồ giả,1
? ? đầu có vấn_đề à,0
arsenal hắt_hơi ngoại_hạng anh chao_đảo,0
trầm_trồ rồi đấy,0
nhin c minh hieu con co duyen còn con di_linh công_an loc nhin mat no muon cho no an dam,1
nhưng cái quần què đó lại bằng cả tủ_đồ của mình,0
thắng củi nhật linh laydy hay ta về trung_thu này múa_lân lại như xưa hĩ tuổi_thơ,0
tat công_an chi la bu nhin cua to rung ma thoi . . đm no,2
"lần sau viết tôi bị n , g , u là được rồi , dài_dòng làm gì trong khi ý_nghĩa nó vẫn vậy 🐧",1
chửi hay quá dì ơi . . tự_nhiên dạo này con thích cô quá . . thật_thà tốt_tính . .,0
trần dần đã đạt cảnh_giới cao nhất của thần_quyền là . . thần_kinh,1
gr đó xamloz lắm bà ưi kệ nhỏ đi,1
biến đi nghĩa,2
bó_tay luôn không còn gì để nói,0
thật chán với chế_độ quản_lý dân_sinh,2
ăn_nói như bộ_phận sinh_dục vậy bạn,2
"cháu con nòi_giống bà trưng , bà triệu nó phải khác !",0
tôi kể cho nó chửi đó chứ,0
phong_cách chịch dở 🙈 🙈,1
đêm trung_thu cũng là mùa sinh_sản,0
đinh phước tao nói mày xàm lồn nhai_lại như máy con bò dưới quê t thì đ ai bênh m đâu,2
nói em ấy mang gì về cũng được . . nhưng có 1 thứ đánh chết cũng đừng bỏ quên . . và nhớ mang theo vào trong quan_tài . . đó là lòng tự_trọng . .,0
chui nua_di_co cho bo tat ngua,1
có cái nút unlike mà bấm rồi phắn cmmd,1
"mong nhà_nước làm mạnh_tay hơn những kẻ lên kgm tuyên_truyền , xuyên_tạc , chống_phá nnchxhcn việt_nam .",0
bà hà thâm dái hơn chó 🤣 🤣,1
sống chậm lại tôi ơi,0
trư bát giới đi vùng dịch về không chịu cách_ly,1
diện trần khó thương nhiều vào để đất_nước nó lớn_mạnh trở_lại rồi lại đi cướp nước ngủ còn sủa,1
không_thể tưởng_tượng nổi . . bọn chúng ăn bất_chấp thủ_đoạn,1
lời thơ của bác là lời hịch kêu_gọi đồng_bào ta ra_sức chiến_đấu giành lại độc_lập tự_do,0
ngày bòi nào chả húc nhau ngoài ấy v,0
mình nói thật là bài này như lồn,1
khanh nguyen đau hơn là khi mình chặt được con_heo mà nó lại nói từ từ,0
s mỹ ác hơn tàu chứ bạn ơi tàu ác hơn mỹ trăm lần chứ bạn ơi có_lẽ bạn không biết lịch_sử chính_phủ mỹ . . có_lẽ bạn không biết lịch_sử tàu luôn_luôn muốn nuốt_chửng nước việt ta qua mộng bành_trướng không ngơi_nghỉ . nó gian tiếp không trực_tiếp như trung quốc . .,2
yên_nghỉ chứ sao mà lên nghỉ 😂 😂,0
vụ nạo_vét kênh mương ở nông_thôn nữa nè ! 1km kênh người dân thuê nạo_vét kênh tấm 100tr . nhà_nước làm 1tỷ .,2
trần huỳnh như bạn bẩn_thỉu quá đi 😅,1
tan levan vì chúng_ta ăn_bám . phá_hoại nước mỹ . chúng_ta làm sấu mặt_nước mỹ gần 50 năm . nên mỹ chán nó bỏ thôi .,2
sao không mở_đầu bẳng câu địt_mẹ nghe có phải hấp dẩn hơn không,1
trại lợn quá đó ở đông lào mà ta 🤭,2
đức mạnh chu ok nha bạn,0
nghe giọng lứng quá abe,1
"mấy người lý_luận , dịch không phải do chị nhung đưa về đâu rồi ? mấy ngày_trước đã gặp chị nhung để chúc_mừng chưa ?",1
trung đinh . .,0
nghiệp ks một_chút hoyy 😁 😁,0
thắng ấy không lên phường hơi phí kéo_lại khởi_tố thật,2
đây là thầy ba sao 1 tuần dùm dầu_gội,0
chặt cuu,1
đm ads phản_động nhé lắm ! ! các bạn cơm sườn đói là thích các bạn ấy làm thôi 3,1
ánh_sáng của đảng sẽ lắm giết mày,2
😁,0
yo,0
"tú trinh không chạy_ăn cứt , ăn đb à 🙄",2
hằng hằng hôm nào gần đi học tôi cạo trọc bạn ạ 🙂,0
dấu bé 3,0
vâng . thằng cc nào cũng ngồi ngoài phán như_thánh chờ xong rồi ms vào . chả biết cái đéo j . ng ta làm gì chúng_mày biết chắc . biết_bao_nhiêu vụ ngăn_chặn được không đưa ra người_ta báo_cáo cho chúng_mày à,1
ngu lắm mày vừa thôi quản_trị,1
nhân_dân ta vào tin tuyệt_đối đảng nên sẽ giao vàng cho đảng giữ hộ từ giờ đến cuối năm thế_nào cũng lắm có người đem vàng cho đảng giữ hộ khả_năng là một chỉ hay nửa chỉ gì đó,2
mỗi lần xem_lại không nhịn được cười,0
"i pray to jesus , sakya muni , allah ! please ! please protect him !",0
lại anh xạo loz,1
nguyên_tắc bất_di_bất_dịch của nhân_dân ta tham_gia khi giao_thông,1
được luôn cả nhà oii,0
con bóng chúa sẽ bị ma ám in bv 😏,1
rất cả nguyễn thị tươi khắm àh nhầm tươi_thắm 😂 😂,2
"giống như câu , ngêu sò tranh nhau , ngư ông đắc lợi",0
chí bảo,0
hicc ừ thì mình không có tiền mua trả_lời nhưng mình đủ tiền mua brand việt dùng sướng vl chứ không phải không có giày đi ạ,1
nhi n mă t ma_y dao ke o nhiê u qua rô i đe_p gi ghê_qua,1
tâm trần ch dừng lại đâu,0
kiếm_ăn mà nị,0
con lon giả,2
phỏng_vấn trực truyến trần dần,0
gi vay ba . cung nho no di_an cap do ba moi co sai do ba hieu oi . kk chua thay ai khung nhu ba vay .,2
fifa cái cc,1
"đù dại ghê , bọn đấy ngày nào nó cũng lên phường xiên cho nó 1 cái , đuợc tiếng luôn , vào khám mấy anh_chị cũng thương , xiên hết mọi thằng trên phường luôn cho nó sum",2
tiên nguyễn hôm_qua mới kể đi chuyên_cơ riêng về,0
"cncs là quái_thai của nhân_loại , nó có sức_mạnh không thế_lực nào có_thể tiêu_diệt được , trừ chính nó ! câu nói của một người nổi_tiếng và đã được lịch_sử xác_định",2
"ngô thanh vân coi đi có nhục quốc_thể không . gọi fan vô chửi như là chửi cái đứa công_an sĩ nước mỹ mặc áo_dài không quần ý , rồi dạy cho cựu vdv nay vô gu ghồ tìm_hiểu xem mảnh vải đỏ có hình sao vàng là cờ của nước nào .",1
"k , h , ố , n n , ạ , n bọn lừa_đảo , luôn suy_đồi đạo_đức , xem_thường gì . mong đây chỉ là bước khởi_đầu cho việc xem dân không ra pháp_luật .",1
nhục cho bạn này là con dân nước việt . . đang góp_phần chia re . thuần_hoá dân_tộc . và thủ_tục dân nước cho bọn trung quốc . đến khi mất nước vào tay bọn trung quốc thì nó là tội nhân thiên_cổ,2
phân_biệt vùng miền ? cấm ăn thịt chó ? ?,0
"phương dung nguyễn chị chơi vậy , ai đ chị",2
mọe cái loại trai đéo phải nữ cũng không . xàm cười quen,2
xạo vl,1
khung,1
"ba chuyện nhỏ đó để mị_dân thôi . cái công_hàm liên_quan hoàng_sa trường sa , mật_ước thành đô , . . mới chính là thể_hiện tính_cách , bản_chất của con_người ông",2
. như kặc ý_thức,1
vi do kiểu này vũng sình r,0
anh trung lòi dái,1
ở việt_nam,0
đội mixi gaming thua cx đúng thôi đó là đội mình nhường thái thôi v mọi người tâm_lý biết anh độ muốn về nc cày hãy trao cho anh lên đã cố_tình thua để chiều ý à độ 😆,0
chỉ là cu ly cho thằng tàu,1
"văn_minh nguyễn không phải anh , e đọc báo thấy trump đề_xuất iran trước iran vì lran trả_thù khắc_nghiệt quá làm mỹ thiệt_hại nhiều . đàm_phán trắc nó nội_gián lên mới teo toàn tướng thế",0
dang khoa nguyen vler ! ở đâu mà chả có người này người nọ hả bạn ! bắt 1 quốc_gia 10 người ý_thức cả 10 là không_thể . vậy nên người_ta mới sinh ra cái gọi là tỷ_lệ để so_sánh đó,0
1đảng là do dân vì cán_bộ . . vcc,2
xin loi chi hieu ban dau moi thay chi em không biết chi la the gioi thu 3 dan em moi biết chi dep lă m chi no i chuyen dê thương qua,0
nhai đi nhai_lại đéo biết mỏi mỏ àh,1
việt_nam tập_trung nông_nghiệp nuôi 3 triệu con bò đỏ,2
"nên cho mấy lãnh_đạo già về nghỉ hưu được rồi , đem mấy cái tư_tưởng trước 1975 về nghỉ hưu chung luôn .",2
văn thuận thuốc này . . xem lun video,0
chi mai anh phuong đừng bắt_chước nha,0
"khổ bố lân ép cụ quá , nhưng phải nói cụ còn khỏe và sung lắm , chứ đâu có lởm_khởm như đào tụt quần và phan kỳ_nhông",0
3 là nước gì lạ_vậy,0
bê đê mà bạn,0
sao có nhiều vụ côn_đồ xảy ra thế nhỉ,0
mày sao lắm quản_trị bố_láo thế,1
trăm năm kiều vẫn là kiều,0
"thả tôm bắt tép , rốt_cuộc mất cả tôm lẫn tép , giờ khóc_lóc",0
sản_phẩm của 1 nền giáo_dục thối_nát mà,2
còn bạn này nữa thầy ơi,0
long_vương địt đấy lắm,1
truyền ông được mấy máu,1
tàu hủ bản_lĩnh lấy tài_khoản chính ra sủa nữa đừng lấy tài_khoản face clmm,1
linh hà lỡ tay,0
đi mỹ để ăn_xin . tôi tưởng mấy ổng qua cứu 3cu chứ,1
lại chả thôi sớm . suốt ngày thấy mặt biết chỉ_đạo từ xon kiến tới củ khoai 😀,0
nhìn giống ghép v,0
bố tổ_sư . súng bắn không trúng . để tao bắn cho phát chẳng lòi phèo ra . cạn_lời,1
tập cặn_bã,1
cần tiêu_diệt dân_tộc tàu khựa,2
chúng cháu tình_nguyện nghỉ học ở nhà để các bác các chú yên_tâm chống dịch,0
"càng hành ác thời càng x , a đ , ọ , a . ! bỏ nguồn lạc cội bơ_vơ . ! muôn_nghìn ức kiếp đọa xa l , i , n , h_h , ồ , n . ! nhân_quyền , dân_chủ , tự_do công_bằng . !",2
họ làm chính_trị liên_quan đến rất nhiều vấn_đề họ không nói ra như dân đen vì kinh_tế vì mạng người cả thế joi cuối tuần này biết ngay mình tin ô trum giải_quyết hòa bình thế joi,0
chuong sam trinh lon qu à,1
những con sán dây tuyên_giáo,2
meeo meo quơ lay á . . mà mình làm trend nay lâu lắm roi mà . . bọn nhỏ idol này chậm ghê,0
vừa bằng nhiều chàng trai,0
giải thì cắn_răng cắn cỏ mua quần_áo giày_dép toàn mua trên shop pee ăn thì mưa cua hoàng đế cho anh_em r phải ăn mỳ người anh quốc dân,0
cố lên a3 . sbtc vô đối,0
"thần_quyền ếch vồ hoa mướp ! thở quá rồi , huyết_áp 300 rồi ! 🤣 🤣",0
makeup rồi bịch khẩu_trang lại hả chị sô cô la,0
mấy thằng luôn này nó nát không gì nát bằng mà tin làm gì !,1
t nghĩ đây là djchip,0
cả một lũ . . c . h . ó c sâu_bọ h . ế . t,2
địt_mẹ m,1
huy engraving xin video bro,0
"nó đi du_lịch bị lây cũng không có gì để bàn_luận , cái chính ở đây là nó khai gian , nó nghĩ nhà nó nhiều tiền , về nhà nó lấy tiền nấu thuốc uống sẽ khỏi bệnh , cái lịt mẹ nó con chó nhung 😡",1
ở úc cũng thế chăng hung vu,0
hoàng thanh trung,0
him trump cũng có 1 pháp_sư người tàu làm cho vl donald,1
các ông ns ch lj với loại người này ns ch với với nó chả khác gì mình ngang nó cả im_lặng đi nghiệp từ khác đến thôi anh_em ạ,2
tây nó đơn_giản lắm . chết vài người có sao đâu . dân_chủ vl mà .,2
"mua vòng_tay gucci 50tr đi , ho bên my mày tuong ngon",0
bình_luận nhớ mang theo não nha,1
cảm_ơn chị vui_vẻ,0
ô mình tự_hào quá 😂 😂,0
không gáy được thì cay à 🤡 thích gáy đấy làm gì nhau,1
mụ mất day lắm thật . mấy thái_độ già láo_toét,1
chống cộng đến mức tuyệt_vọng thế này ? cơ à thật ? rồi,0
chán luôn,1
nói_tục chửi bậy . ngày_xưa trung_đội đã tôi từng_trải,0
nguyễn thanh chiến đêm tỏ_tình nha_😅,0
đếm tiền chạy ngay ra nước_ngoài chốn dịch,0
"bê đe không thăng nao xâu ma_sao lôn như thăng cho bê đê nay , đu me tôi ngay lưa đao ngưoi , đu me đa kiêp nay lam bê đê rôi không biêt tu thân kiep sao lam suc vât bê đê nưa cho no chêt me no",1
nhìn cứ tưởng bên trung quốc rợn cả người !,0
lòng đầy tâm_sự không biết nói cùng ai .,0
các cậu đéo đi học à 🤦,2
tình_nghĩa anh_em chắc có bền lâu,0
fan cứng anh ơi,0
nta xạo lồn hay không kệ mẹ đi . nghe vui vui giải_trí là được r . còn vào khẩu nghiệp lri cho tội con_cháu,1
bô mập rất mấy ông ạ,0
đcm,1
thấy ngta chỉ_trích bắt_đầu đổi giọng . kịch_bản là đây ! 😑,1
công_nghệ đức của nhà_máy nước sông đuống đây hoá_ra là đức chung,1
địt_mẹ vo ng 800 vo ng mơ i ra vđê mình kêu không thjx vo ng vo . chăk không thjx vo ng it,1
chubodoifuyetvoiaolinhcuho,0
nốn lừng mong_manh à,1
hải bảo . thà nghèo mà yên bình còn hơn giàu mà bất_ổn rùi tao buồn ỉa quá,1
óc chó chó,1
hình_như đợt msi thì phải,0
rồi tiền đâu trả nhân_viên,0
cố mà đội bô tết . nó thí cho vài đồng mà tiêu .,2
"lúc không đấm nhau với mẽo hoạn_nạn thấy ai . giờ phất lên 1 cái ai cũng muốn khoác tay làm_bạn , cái thế_giới này có kinh_tế trong tay nó sướng là thế đấy",2
còn samsung thì đòi đem 700 kỹ_sư nó qua mà không muốn bị cách_ly suy_nghĩ óc chó chó vẫn tồn lại ở người hàn,1
"mí . a ngon , c . ụ trump xơi cả cụm . 📢 📢",0
nguyễn đạt tôi nói không cùng gu mà bro 🤣,0
giựt tiền của minh hiếu mà bài đặc xaoloz ở đây,2
"bố thằng quản_trị ngu . thế có cậu du_học_sinh việt chết ở nhật . gia_đình cũng chạy_vạy khắp nơi đóng thật đủ tiền để mang xác về thì sao ? đăng bài nên lắc não trước nhé , hở tý là bỉ bôi",1
cái thần này . gió chieu nao . che chiei đo . khau ngiep . chet không đau thai,1
bà này bã chữi gớm giết thiẹt tôi không ngờ bã là người miền tây luôn xấu_hổ,2
nói chứ thấy bà này nói_chuyện cứ sao sao như con luôn khùng,1
thằng lồn này chỉ biết tham mu chứ biết cc gì,2
", ai ho ông khùng trần dần len nói_xàm lúc nầy_vậy ?",2
"đó mới chỉ là bắt_đầu thôi . . còn nhiều nữa , dân đen cứ từ từ hưởng_thụ 🤣 🤣",1
chi ba tiê n chi như miê ng giâ y chu i cười em ne mă t chi xâ u hơn cười em nư a ne chi ba chi su a nhiê u vâ y em không câ n đô ng tiê n vơ bâ n cu a chi,2
rõ là quản_trị hi_vọng điều đó không bao_giờ xảy ra,0
già mất_nết quá,1
có khùng quá thì chết đi,1
😴,0
my tran cái con này vòng_vo vlon,2
à độ rất là gắt,0
page viết nhju kai phản_động quá . sai luật thj bj phạt thui,0
từ cách nhìn của 1 người dân bình_thường thôi bạn . đúng và hay thì phải khen và ủng_hộ thôi . đâu phải 3 cái bọn rận chủ rẻ_tiền kiểu nào cũng nói được,1
kệ tổ nhà chúng_nó chứ mắc_mớ gì thế,1
"bùi thị quỳnh bên à có tất_cả các hòm thương_hiệu nổi_tiếng mà giới trẻ việt nam yêu thích , nike , gucci , vans , adidas , louis vuittion . .",0
"thế_mà mình nói mấy thằng bắc kì , bọn đó lại bâu vô nói mình phân_biệt ! d",2
chúng ở đấy là pháp phải không ? d,0
huyện hồ,0
"ai không biết nhục thì có_thể cười thật tươi cũng được , đó cũng là 1 cách giải_quyết khó_khăn",1
yêu ông,0
chị hiếu nay mặt đồ khiêu gợi quá nghen,0
nhìn cái mặt trần cọp là thấy hài rồi hh,0
"một thời vào sinh ra tử vì đất_nước , mang trong mình thương_tật của chiến_tranh . giờ khi hòa bình người lính đó lại lao vào cuộc_chiến mưu_sinh với 1cuộc sống khó_khăn , vậy mà giờ vướng vào vòng lao_lý với một tai_nạn không mong_muốn , thật_sự cuộc_sống này có phải quá bất_công với những người nghèo_khổ không",0
"thớt ngu vl , giấy cháy thì dùng nước , cháy bằng xăng thì dung cát hoạc bình chữa_cháy dạng bột nhé , còn cái bình co2 với lại cái bình thang mặt lồn trong clip cầm chỉ chua cháy trog phạm_vi không_gian nhỏ như phòng , hay cabin xe hoac chua chay do đien tử , chứ o ngoai duong không_gian nhu vậy xịt bình co2 bốc_hơi mẹ nó roi ! ! đăng bài ngu rất lìn",2
r thế giáo_án đá phò đâu thầy l,2
nguyễn văn nam vẽ 1 bức bao_nhiêu vậy bạn,0
chắc panda vui 🙃,0
ai ăn hết của nhà thằng dương dương trả cho nó đi bây . thấy nó sủa thấy thương ghê á .,1
ngon ! đeo tai_nghe vào và s . ụ . c c . ặ . c thôi ! !,1
bắc mày . nhạ ơi . nhòm vào bữa cơm 25k của các cháu trường tiểu_học hạp lĩnh . tp con_mẹ ninh xem mày có đớp được không,1
ghép ảnh lỗi vl,1
bắt cụ dưới chưa lên quá các xuống pha trà cho các cụ nhỉ,2
95,0
lỗ llon mà sao ai cũng thich chui vô đó làm mà không được vậy_ta,1
người du_lịch không muốn quay lại . đi 1 lần là muốn chửi thề rồi .,1
abe bucu,2
còn nhân_dân sẽ nhớ muôn_đời lũ súc_sinh con nghiệt súc như mày,2
thằng assmin nhãm shitt . . đành_rằng page này là chửi . nhưng mày là assmin thì chỉ nên viết gợi_ý thôi . . để mem nó chửi . . mày dành chửi kiểu đó thì chơi thế đéo nào . .,1
nếu cái cột điện nó có chân . . 🤪,1
nguyễn thị hường ông ý cũng lẩm_cẩm ưa chi nói nấy nên nhiều anh_em chế nhạc hài coi vui lắm,0
phương thảo nom có như thằng trẻ trâu ở quê không,1
cười ỉa,0
mắc gì tôi phải trả_lời câu hỏi của anh ?,0
bình_dương bất_tử nha,0
"hỡi đồng_bào người dân cu đen việt nam đừng có tin và nghe lời của kẻ đang cầm_quyền lãnh_đạo toàn trị độc_tài hút máu chúng_ta . vì bản_chất chúng là loài thú hoang , điên lên đã quyết bảo_vệ quyền_lực phạm hạnh phát_xít phong_kiến cực_đoan với tư t",2
thằng chủ_tịch thị_trấn lớn phết nhể !,1
thằng vl nào thì củng đều là lưu_manh và gian_trá . . chức_quyền càng cao thì độ lưu_manh càng lớn . . đm bọn vl . . ! !,2
"tìm ra được thủ_phạm trực_tiếp hay gián_tiếp giết người thì đã bốn người theo xác_chết của người chết xuống âm_phủ rồi . . trường_tồn thật , luật quả_báo được thấy rõ . . hay nhất , hiệu_quả nhứt , thành_công nhất là thay_đổi chế_độ csvn và trung cộng thì h",2
con nay no đien roi,1
trăm năm kiều vẫn là luôn kiều . đu càng qua mỹ xao cười vẫn hay,1
lolzz,1
tran manh tiền đâu ăn cua hoàng đế . cá_rô đó người anh_em,0
cực_kì thuyết_phục !,0
già mà non,1
bắn bỏ đi thứ lắm tiền mà cặn_bã xã_hội,1
trời_ơi không ai xấu bằng con quỉ cái miệng rộng . mở_miệng ra bẩn_thỉu dái mất_dạy . nhà khổ thấy mẹ chắc đeo ba vàng giả chứ gì .,1
"mịa , bao nhiều đời đéo dẹp được , ông thăng lên được mấy tháng thì dẹp thế đéo nào ngay được , nói ngu vl",1
tôi bi không là sẽ có bản này mà chủ mời cô mà nch có 15p thì phi_👄,0
tây nó không thích đeo khẩu_trang cho lắm nhỉ 😂,0
nguyen tuan biến con_mẹ mày,2
ngao_ngán,0
ấu siệt ! !,0
đang ôn thi tuyết yến nhung ưng chửi .,2
ngph hoàng xin video bạn ơii,0
còn hằng du_mục nếu điều_tra từ lúc bán táo độc mì tôm độc đồng_hồ giả rồi nhiều cái nữa,1
đồ dỡ hơi,1
cmn lag đúng chổ,1
trần thị ngọc anh hơn giống loài ra tỏ thượng_đẳng trong khi chả biết củ lìn gì .,1
xi men tiê ng pha p la tuâ n lê . ca c thiê u nư pha đel bô vo ng nâ y gô m 7 chi ê c . tươ ng trưng chl tuâ n lê . co n dân nâ y mă c ngu qua nên đeo 70 chiê c .,2
đéo hiểu sao em mất mẹ fan cứng of có 1 buổi 😂 😂,1
cho lên thịnh_hành luôn đi mấy má ôii,0
v mấy thằng lắm này thật bệnh vậy_mà cũng nói được !,1
chắc ai cũng xem từ đầu đến cuối 😬 😬,0
chừng nào chính_phủ hàn lên_tiếng về việc hơn 20ngàn vụ cưỡng_hiếp do lính hàn gây ra thì t sẽ lên_tiếng,0
không thuế cao nó người_người xe ô_tô nhà_nhà_xe ô_tô lấy đg méo đâu mà đi .,0
tú thích hoa_hồng và mùa đông được quang đâm phía sau mông,0
xin chào trùm 3 que canada . chị cảm_ơn trùm và các bạn rất nhiều . hy_vọng clip này sẽ có_thể giải_độc cho một bộ_phận nào đó của giới trẻ .,2
"cái đó chỉ áp_dụng cho người ngồi trên phương_tiện đang bị kiểm_soát , còn nếu muốn dừng xe bạn để kiểm_soát thì vẫn cần trực_tiếp phát_hiện hoặc thông_qua phương_tiện , thiết_bị kỹ_thuật nghiệp_vụ phát_hiện , ghi_nhận được các hành_vi vi_phạm_pháp_luật về giao_thông đường_bộ",0
trà_my livestream của youtobe có sau facebook nha_em,0
thằng_cha nào đó sáng lên ti_vi phỏng_vấn danh_nhân thời_đại chiều là thấy nó vào khám rồi chuyện việt_nam,1
đắng,1
thâm vl bạn ơi,1
đoạn đầu tưởng thầy cướp_giật_đồ,0
chị là người khẩu xà nhưng tâm phật . chấp nhất gì với cái thứ đó chị ơi,0
trèo cao ngã luôn đau nhé thầy ngu,1
chúng_ta sắp lên thiên_đàng_dòi,0
ronaldo tài_năng . messi tài nâng,1
ngó mệt,0
là hoang may thinh luôn izakaya ở nhật chứ ở houston chết mẹ_t,1
nhân_cách thua con gấu bông nhà t_🙂,1
rất cả nồi . 21h đến 6h sáng hôm thì đi đâu thế nhỉ,0
"biết thì thưa_thớt , không biết ngậm cặc mà nghe . cái mồm mày sủa gì tới quan lại tới thằng dân . thế cái gia_đình mày là phản_động không thuộc nhà_nước việt_nam hay sao . mày phán từ quan tới dân tao thấy gia_đình nhà mày chắc chức_sắc cũng to . phán cái đéo gì c",1
"con_người khác với loài lắm vật là biết tự_trọng , xấu_hổ .",0
cảnh_sát giao_thông việt_nam nổi_tiếng_thế_giới luôn .,2
danh nguyen thể_chế chính_trị khác hẳn tư_tưởng xã_hội nhé . con cờ hó china liên_quan cmn gì ?,1
chúng bắt_đầu cho báo_chí đổ tại người dân dọn nhà đón tết gây ra ô_nhiễm kìa,2
thằng dư_luận viên đinh bá trung ! ! thớt nào mày cũng bình_luận không có não_thế,1
phò cũng là 1 nghề chân_chính đấy lắm đm thằng quản_trị,1
mấy thằng bỏ vợ bỏ con_ruột máu_mủ của nó mà nó còn vứt đi mà cũng có người tin nó nói thì chịu . bình với bóng,1
không biết chính_quyền đang làm cái j như vụ một thanh_niên thôi xông vào ngân_hàng cướp thì có tới trăm cảnh_sát bao_vây chi v troi ô nao cug muốn ở phưởng cơ_quan có ô nào muốn lò mặt ra ngoài để điều_tra đâu mà có chắc cug phải cả tháng cả năm cảm_thấy xấu_hổ với nhung khách du_lịch tới việt nam mình,2
ui dyt mẹ dân còng lưng ra gánh . thuê đánh x2 . đéo mẹ đổi_mới cuộc_sống,1
nghe_đâu anh độ định bùng,0
bô mâ y con bê nh . . dcm chu ng ma_y . la m bô đau ca cư_t,2
đúng quá đúng anh eii,0
con bo ng ngu ngu c minh hiê u lắm,1
nguyễn ngân thấy mãnh_thú của anh tôi thế_nào ? ?,0
"bảo yêu nước , thương nước , xong đi du_lịch về lây bệnh cho nước mà là yêu nước à đi du_lịch về thì tự biết khai_báo cách_li đi . . đằng này thì . . nếu nhiều tiền quá kb lri thì đi làm từ_thiện đê lại còn du ms chả lịch 3",1
"nhnn lại có việc , thằng son đổi usd số_lượng lớn ra tiền việt kìa . dân đổi 100usd thì nó đè ra phạt 90tr , thằng cán_bộ đổi mấy triệu usd có khi xe chở tiền nó lùi vào tận cửa phòng khách . . pháp_luật phân_biệt đối_xử vcl",1
"trinh thu . mỹ ác hơn tàu chứ bạn ơi , có_lẽ bạn không biết lịch_sử chính_phủ mỹ . . nó gian tiếp không trực_tiếp như trung quốc . .",2
qua đây biết rõ hơn 5 tr người không cùng gu âm_nhạc,0
ai nhin vo ai cug bit la may la con_trai,0
y_vậy,0
mang thần khuyển susan 0175 của thầy ra gánh à v,0
mãi_mãi liềm lone,1
đu . má tu . biên tu . di_n luon . .,1
hoang_mang vailunn,1
"lê tấn tài thế_là cày view à , ngu lồn á mày",2
chib3 nay chet không co nham mat,2
nhìn mà muốn vuốt chim vl,1
1 sức_mạnh của team,0
chán cha muốn nói,0
tao thấy quá nhiễm covid này toàn bọn nhiều tiền . thích đi du_lịch đấy . và,1
"nếu nó niêm giá thì lỗi do người mua mất cảnh_giác ! sống ở thiên_đường mà mất cảnh_giác là sa_chân xuống hố ngay tức_thì ! đi xe_ôm cũng phải hỏi giá , mua bánh_mì cũng hỏi giá . . đến hối_lộ công_an hay bác_sĩ còn có khung_giá ! không hỏi thì đừng trách . . thiên_đường khốn cmn nạn !",2
tủn 3k nghe nói xạo l ồn quá tr,1
ông dần nói như con vẹt ấy ! không biết có thoát covi19 không mà dám nói sẽ về việt nam vài năm tới nghe hài ghê !,0
con nay da vo mat thật no cho đa,1
toản hoà đây là quản_trị của beat đấy ngon vl không phải n17 nha,0
ráng làm ới già có nút kim_cương thầy,0
nhạc nền ldoi của tôi,0
cái gì chứ láo cá và lưu_manh là vl rành rẻ hơn ai hết !,1
bọn chó sủa bậy vl,2
ngoài những giáo_án xịn sò thì đây là những gì anh_em ta sẽ tiếp_thu được từ thầy . cám_ơn thầy và xin đuỵt mọe thầy,2
tại ngựa loz nhột chứ ai làm lozz j má mà sủa,1
sau khi xài clear đến từ vị_trí abe,0
bà thái anh văn rất giản_dị và gần_gũi với dân nhưng rất kiên trung_kiên_cường trước kẻ_thù bà là tấm gương sáng cho rất nhiều đứa hèn với giặc ác với dân tham hơn súc_vật soi vào để thay tâm đổi tính,2
linh pham hân lê trương hạnh anh bắt trend trước thời_đại kìa các e,0
"cứ chửi bọn tư bổn , mà sao con_cái , quan_chức không ở xứ thiên_đường mà trốn ở lại xứ dẫy chết là sao .",2
cũng hên vãii 😆,0
thất_thủ rồi 3,0
xàm lồn vậy luôn sao,1
nguyễn khánh nghĩ chán vlol,1
kết_quả của việc cải_cách của mày đây thằng mặt lờ,1
chào cc,1
ý_thức để dưới đít à,2
hóng link vào đây là em_gái ngon_ngọt nc,1
chưa bở phiếu mà đã thật cơ_cấu 4 chức_vụ chủ_chốt rồi thì bỏ_phiếu làm gì nhỉ ? ?,2
phúc ngô mịnh tông,0
việt nam_vô_địch sea_games,0
văn_hoá máu lồn huh ? mất dậy nhưng có che_đậy gì đâu like,1
cuối năm xem gặp nhau cuối năm rồi . tình_hình tham_nhũng ở mức ổn_định 😂 😂,2
ship cho mấy anh ấy ít tỏi của châu việt_cường,0
minh hiếu ơi may với nó cũng một thứ xạo lồn xàm lồn,2
gia cát bị đồng_bóng à,2
"ở việt nam thì có_thể , tôi nhấn_mạnh là có_thể thôi trở_thành trend vì bạn là người nổi_tiếng , còn sang nước_ngoài bạn nhìn tấm ảnh đi , trông như đồ quê_mùa học làm dân_chơi",2
ben my sao cung co quai dat nua vay troi . . song lam gi cho chat thái,2
mía sâu có đốt nhà dột có nơi ai làm gì nói đàn hoàn mày chửi hết quơ đũa hết vậy mới xin_lỗi lại cả cộng_đồng bây_giờ chửi tiếp bó_tay .,2
nguyễn trọng thái đợi cái lồn thêm 3 chữ địt chị mày nữa nhé 😂,1
rất healthy và balance anh ạ 😑,0
bao_giờ tới phóng diên rfa bị bắt nốt để mở tiệc ăn_mừng nè ! !,1
"hnay tivi vừa chiếu xong , năm nay các táo ra nc ngoài nhé",0
benben duong,0
tôi mà thấy anh lên facebook tối nay là biết_tay tôi nha_😀,0
buồn quá cho nền tư ư pháp việt_nam,1
"lấy thẻ đảng làm kon mẹ zì trời ? miếng giấy_lộn mà cũng gạt được người , còn cảnh_cáo nữa chứ",1
anh tôi giờ đang ở quê bắn khỉ nha,0
vui qua ong tran dan that de thuong !,0
sảm sì đú,1
khác gì bọn zom đâu,1
"tụi tôi hỏng dám nói sau giải_phóng , chỉ dám nghệ_thuật_hóa 🤣 sau 75 , từ ngày đứt phim . . sự_kiện 🤣 khổ quá .",2
xưa_nay voz vẫn chất với những cua_rơ như thế rồi bạn ui 3,0
thuyết cc,1
má mắc nếtt,1
cũng giống như yêu lâu sẽ chán người_ta sẽ đi tìm một người mới làm người_ta hạnh_phúc hơn,0
các bác rất tốt . nhưng cán_bộ của các bác thì đéo tốt,1
vualonemlabaonhieu cm,1
anh_em đang buồn vào xả tres điểm_danh 🤣,0
"cần xử_tử con thú máu lạnh này vì nếu để nó sống , xã_hội sẽ nguy_hiểm hơn !",1
nguyễn trung tuấn thôii v để_dành,0
nguyễn anh tuấn dạ . . trần dần là 3 nhưng mà que đã què nen không còn khả_năng xỏ_lá nữa chỉ cái tội bị mắc đường bố nói_xàm mà thôi 😁 😀 🤓 mỗi khi thấy lão tôi không_thể chửi nửa . lắm . mà chỉ cười_tét_rốn vì coi như xem hài miễn_phí vậy_mà 😂 🤣,1
"hàn nỏ ngen tỵ quan_hệ việt nam vởi triều_tiên , nên không cỏ cách nào nữa bịa chuyện còn mỗi thù đưa quân sang diết hại người dân vô_tội viêt nam . thì nên suy ngĩ vì việt đã không trả_thù là nam may lẳm rồi",0
luu thụy anh y chang c e mình kk,0
hoang trung máu ổng lắm được truyền mấy đây,1
ông này có vào ăn bao h không nhìn quen quen lê lê thị kiều ngân,0
mệt vl,1
nguyễn tường hải_âu chọi tôi bà làm trend này từ lúc mới đẻ,0
con này hết thuốt chửa rồi .,1
chị xạo ba l,1
nhìn giả_tạo vcl,1
nhật phát làm_ơn đọc kĩ trước khi thể_hiện rằng bạn sinh ra đã thiếu cái não đi,2
được thầy ơi,0
"xe tắng thiết_giáp đáp thằng má mấy lồn ở trên , cmt ngu vl",1
thật xấu_hổ cho bộ_mặt công_an khi xẩy người trở_thành thú_dữ thì chuyện gì cũng thật tình ra . .,2
đào mạnh an bố chị ý tin việt nam nên cho phi_cơ riêng đi về thôi có gì phải thắc_mắc,0
hình_như sam đuôi nhọn còn so thì đuôi như đôi đũa đúg không ta . từg ăn sam rồi và cũg từg thấy con_so . đuôi tụi nó khác nhau .,1
xl quá mấy má,1
tìm bạn gái tại đây nha các chàng trai chưa có người_yêu ơi sắp noel rồi eo ơi,0
loạn,0
ghép làm chó nha anh_em,0
nhà trả có gì ngoài súng,0
"ở việt nam thì có_thể , tôi nhấn_mạnh là có_thể thôi trở_thành trend vì sang là người nổi_tiếng , còn bạn thật nước_ngoài bạn nhìn tấm ảnh đi , trông như đồ quê_mùa học làm dân_chơi",1
ka ka,0
quá sai,0
trung bá zoe,2
my trần ủa ụ á 😂,2
bóng già đeo vàng giả sửa như chó,1
"có vụ 3,4 đứa học_sinh nữ nó đấm nhau ấy 😢 đưa vụ ấy lên đòi lại công_bằng cho em nó",0
cũng nhờ có quan chúng bây mới không là 1tỉnh của tàu khựa or làm chó ngoan của mỹ,1
anh sẽ dẫn các em đi đến vcsa,0
cứt thị lắm quỳnh ăn tạ,1
thôi thôi thơm nó tút kotex vả ngang mồm,0
đụ me ngu còn ghi xàm . nó lấp đất đầy cái đồng tháp mười chứ làm_thinh cái c .,1
kinh_tế vững_vàng nhờ thằng em cao_lãnh,0
photoshop quá_đáng vl mất quả nốt_ruồi huyền_thoại,0
nguyễn đức quá ánh khôn hơn cả họ nhà m .,1
"vợ to lam , , của_chìm , ăn 4doi không hết , đời con đời cháu , đời chất lắm , đời chút đời chít , vàng là chuyện nhỏ",2
tâm_thần,1
anh việt ăn bưởi không,0
"trần huỳnh như rồi nghe nhiều chuyện buồn quá cũng không tốt nha , đang buss cuu tự_nhiên nghĩ đến chuyện buồn xong là khóc ròng_rã 😅",1
"như này thì thế_giới theo kịp thế éo nào được . tía nhà nó biện_minh cho hành_động đạp con mái là do say rượu , chắc còn con mái kia say cặc",1
đồ khùng . . coi_chừng con_cháu ông pà của pà . . ở địa_ngục chờ pà . . đi coi_chừng xe pắt chó pắt,1
khánh chi đẹp quá ak ! mê quá ! 😍 😍,0
"vâ y đu ma thă ng quản_trị cho đe , không co tra i tim vi không cư u_đư a be , không ba o ca , không kêu ba o đăng . đu ma thă ng quản_trị",1
t nghe kể rồi_đây là chuyện lắm ma mà mỗi lần t đi qua trường mần non lại nghe tụi nhỏ hát bài bắc kim thang uii sợ rất lz,1
cđlcl,2
lấy búa liềm trung_quốc để treo nữa chứ,2
cái cuộc_chiến nồi da nấu thịt thì tự_hào rồi nhồi_nhét bao thế_hệ . còn cái bọn trung cộng nó xua cả triệu quân xuống tàn_sát đồng_bào thì mấy do ng qua_loa .,2
tuan nguyen cười 😂,0
không hiểu phong_cách này thì đẹp ở chỗ nào 🤔,0
thanglon nào cũng từng như thật thế cacban ạ 😌 😌,1
"độc_tài thì muốn nhốt hay thả thì họ tùy_tiện , bởi nó là cá_mè một lứa mà ,",2
đi chết thật mẹ nó bắn,1
"quản_trị phân_tích chuẩn , tư_duy thứ 2 thích làm bố_mẹ thiên_hạ , biển xanh ở việt nam ra đường dân nể lắm , dạt ra mà nhường đường , có phạm_luật gt cũng chả ai dám thổi phạt , csgt nào mắt có kèm_nhèm trót thổi xuống cũng cười là xong",1
đm ads phản_động nhé ! ! các bạn cơm sườn đói là thích các bạn ấy làm thôi 3,1
phê to phê 🤣 🤣,0
mấy dự_án của đông lào làm anh_em luôn né xa ra,1
quảng_cáo cho liên_quân,0
cộng_sản bắt_cóc đánh người của mẽo bây h bị mẽo phạt lại về bắt dân nộp thay ạ,2
nỗ_lực từ cái xe_đạp lren được cái xe ba_gác rồi . nói như đầu buồi,1
nguyễn hoàng_anh tú thế_thì ăn quá cứt đi chứ đừg để chết vì cô rô na,1
"địt_mẹ đến là hài , cướp như thế_mà nó chỉ bắt vì tội gây_rối trật_tự công_cộng . cái tội này là tội máu lồn nhất . dân oan đi khiếu_kiện nó cũng vu cho người_ta tội này được , rồi thì thanh_niên ra quảng_trường chơi chúng_nó cũng vu tội này . . nhưng tuyệt_nhiên chúng_nó cho lũ an_ninh , dư_luận viên đánh người giữa phố thì đéo thấy tội này đâu .",1
hấp_dẫn anh ơii,0
"sao lại có lắm thằng tài_giỏi của việc sáng_tạo ra những thứ hại đời vl hại người thế nhỉ , chả hiểu học theo đạo_đức trong ai !",1
tạ thị quỳnh ăn cứt,1
"bọn tao quen gọi mày , tao , thằng . . đó là ngôn_từ thân_mật trong đời_sống hàng ngày . học tiếng đi lại việt rồi làm content",0
bài này thật_sự không lọt_tai một fan như em,0
500tr và 2 năm tù mới vừa_lòng đa_cấp . luôn ct tao lừa_đảo dạy làm_giàu kk,2
xaolol riết quen cô ba ơi,2
kẻ đưa cả nước nga xuống hố .,1
comment,0
maruko linh buồn nhễ !,0
"trần vỹ không biết nhục mới đi_đạo nhái , những thằng fan là nhục gấp đôi vì hâm_mộ thằng đạo chất_xám của người khác",2
cáp_quang việt nam chất vl,0
cộng 1 đám nạn_nhân yg ch3,2
hieu trung ưng vcc mà,0
huy_hoàng xàm lồn ít thôi .,2
clm,1
nguyễn đức ánh khôn hơn cả họ nhà m .,1
"phúc lê t củng đã bình_luận gì trên facebook bả đâu mà bị chửi chỉ là đọc thấy không thích ok , m không đọc là t củng thích xem clip vì vui nhưng đọc bình_luận thì thấy nhiều cái quá_đáng à chứ t chửi gì cô lan của m . lgbt tối_ngày đòi bình_đẳng không kì_thị nhưng người_ta chưa nói động_chạm gì mà dựng lồn lên chửi như m thì người_ta ai không ghét 🙂",2
nếu kiếp này mình không duyên không nợ thì đụ nữa đi anh,1
"hợp_đồng của dcs với tàu thôi nhá , đéo phải dân .",2
phục cái máu lồn,1
chú bòn em chặt chứ không ăn nha,0
chị 3 là cô này hả,0
tô quô c ghi công,0
"đã tham mà còn đi với ngu thì ngồi_tù là đúng rồi , cứ cho là thằng khốn kia nó ma ranh đi nhưng mà nếu thằng này biết khôn mà đề_phòng thì là cái mẹ gì tới mức ở tù ? ? tham thì thâm thôi",2
mày về đái lên bàn_thờ nhà mày đi quản_trị xong lúc đó họ_hàng lắm khen mày giỏi vì từ trước đến nay chưa ai làm được thế hay chửi mày ngu,1
còn chờ gì nữa,0
nguyễn tiến tiến cay luôn tới đầu_thai nhé,1
hồng_nhung ra tôi make cho đẹp,0
sao không mở lại những líp nó khóc_lóc xin_lỗi cho nó thấy nó xấu kễ nào . . nhục quá . .,2
chống rồi phải cùng nhau đúng giặc chống cướp ngày cướp trắng_trợn chứ,1
bảo yến vl t chửi m láo vcl,1
t đọc mà_t_tức á,1
cô ba sạo lồn quá,1
hằng nguyễn,0
"bà nầy nói_chuyện không có văn_hoá , không biết xấu_hổ",1
hóng clip tùng chơi 😂,0
đừng bao h so_sánh abe với sela bởi_vì abe tuổi cười mà so được,1
i love cô minh hiếu,0
chết hết rồi còn ai lao_động làm sự điên_rồ còn người còn tiền hết người nhờ ai ? ?,0
nguyễn hiếu hàng 1 1 với fake là 1 chứ khác_biệt lz gì đâu,1
đẹp_trai mà còn chân_thật nữa 3,0
loại này cho dựa cột thôi chứ độ thế_nào,2
816550474,0
phồn_hoa hay là đồng_ruộng ?,0
bây_giờ tôi mới biết tô lâm có họ_hàng với tô định,2
ở hàn gọi là chiếc lá còn việt nam là lá chà_bồn .,1
son son cười điên lyn daika,0
pass facebook người_yêu em là gì anh độ v,0
cô duyên_dáng quá à,0
mệt vl thầy ơi,0
"có tí tiền hống_hách , bgio biết quá muộn rồi , cc tốt nhất im cmnm vào , chấp_hành tốt , dù ông có tốt đến mấy cdm có chửi ông sống không bằng chết .",2
bắn bỏ đi vl thứ lắm tiền mà cặn_bã xã_hội,1
neu đang j từ mình sáng_tạo hay . thi đó mới hoi là tai năng cua mình . con này đang tạo lao anh hưởng thế_hệ trẻ nhỏ . mo phật,0
bọn công_an chỉ có việc là đi đàn_áp dân đen thôi .,2
nghĩa_là quá vào đây thì cần lồn gì phải nói_chuyện lịch_sự hả add ? ?,1
cái thứ hèn với giặc mà ác với dân,1
mặt quần biết k . h . ù . n . g,1
cái miệng linh cá_lóc ik lồn cái hệt,1
"mấy cái người ý_kiến thiếu văn_hoá quá . ông ta cũng đang tuổi ông_bà cha_mẹ mà , không thích nghe thì thôi ai bắt . coi_chừng bị khẩu nghiệp .",0
đíu ai like . cho thầy đi ăn_cắp luôn,2
lũ ngu dân,1
ối trời ạ,0
"làm chết người không phân_biệt được cố_ý và vô_ý à , chưa kể tình_tiết thế_nào m biết không mà phán thế ?",0
dê kiên lỗi đéo phải do m . mà là ngta do ngta đéo xứg . hiểu không ? ?,1
ủa chi e ma bởi khói nói cũng biết xao ui kk chi e e ma giờ chửi ta lúc ninh bo ma,0
éo nha liu liu,1
dung la con linh dien dien vua thoi chang qua nhắn_tin goi de choc my dien thoi con_người nhu linh dien thi ai them,1
cô ơi cô có dòng_họ với hồ xuân hương không cô cô nói gì 1 tỉ không bằng vải chùi âm_đạo của cô hả 😂 vậy trước_tiên thì cô thay lại cái áo của mình đi nghe cô 😂 dù sang cở nào thì cái áo là nó làm mất hình_tượng hết đó cô ơi 😂 . .,1
anh_minh chậm cdmm,2
chị ba vàng_ngọc có cây nọc mọc giữa háng chị ba thêm hai trái_dâu lủng_lẳng . bệnh nặng giữ lắm rồi đồ bóng khùng . nói_chuyện là biết khùng điên rồi .,2
mấy đứa sinh_viên này chắc bị biến_đổi gien của hulk rồi mạnh thật,0
ngọc bảoc,0
anh ba nay chuyển giáo_án fifa à,1
cái gì chứ láo cá và lưu_manh là vl rành rẻ hơn ai hết !,1
chỉ này đẹp va,0
"bạn nói chỉ được_cái đúng , like phát đéo biết mai có bị bọn nó đưa vào tội gì ko .",1
e xin tộc_trưởng,0
thôi m kut dii ! !,2
đăng_kí ở đâu,0
hết nhanh như chớp h qua thách_thức danh_hài thầy ăn nhìu giải nhỉ 0,0
tàu khựa tào_lao,2
trần đặng thái sơn thật tên phim sẽ phải địt_mẹ là về nhà,1
may là có ý_thức chứ không như mấy người bỏ trốn,0
đào du dắt_mũi hết culi m10 e nhỉ nhưng đây là tin thật,2
"những buồn đã chết vì thật bom nguyên_tử chắc người cho hậu_duệ ,",0
hn thu nguyên nhìu cái siêu z mà thíu cái siêu_thoát thì phải 😂 😂,1
"báo luôn này viết sai với thực_tế , chắc_chắn bị kiểm_soát quyền tự_quyết đã không còn được tự_do nhân_quyền rồi 😂",1
"nhìn thấy cái mặt sao mà ngố thế không dẻo , giáo_chủ ali lâm . . bò . . dát vàng . . biết nóng . .",2
sao e nhập nó lại ghi như v thầy . không được,0
còn thua xa jb của t,0
tiên cha chug mày trong lắm đó chỉ có vị bộ_trưởng bộ văn_hóa thể_thao và du_lịch của việt_nam và ông trần anh tuấn phó_chủ_tịch vff là phó_chủ_tịch thường_trực của liên_đoàn bóng_đá đna và các quan_chức thành_viên của liên_đoàn trao thưởng chỉ là chụp hik lưu_niệm mà cug nói là quan_chức lũ ngu à,1
loại này cho vài trái sầu_riêng vào mặt là còn nhẹ,2
cùng một lỗ đẻ ra và ngu như vl nhậu,2
quay lại như ỉa ra ăn lại,1
trần xuka tránh được tình_trạng móc cứt mũi chum tùm lay nữa . . vì một môi_trường thật trong_lành . . 👍,0
hanh viet tất_cả những lập_luận viết sai chính_tả đều như l,1
nguyễn mạnh hưởng cặn_bã cái địt thag bố m,2
vương thị ly nghe à độ chia_sẻ bí kíp để có bộ tóc đẹp l lộn kìa,0
emm là fan cứng anh độ 😌,0
nguyen van_giang thắng tới nơi sủa bậy,1
âm_tính nhé 🙂,0
cho hỏi cái này thật không quản_trị,0
và đây là những đứa đéo có não,2
"phải mang tiền theo , lì_xì cho chúng ! thì trắng cũng thành đen",1
cương đặng đang bảo ông palu lưu ấy 😂 😂,0
tao vừa thấy thằng lâm thồn sủa mà sao xóa bình_luận nhanh_thế,1
abe bucu,1
bả quá này có dương_vật đó,1
"đéo quan_tâm , làm tới 10 đời nữa éo biết đủ tiền 1 10 chiếc xe không 😂",0
"hoang huyen trang cái này con kia cần hơn , tau không có thói đi_hoang 😂 😂",0
phuong thuy bạn nói đúng con hiếu mất dại,1
thường mấy cái thứ duyệt_binh càng mạnh_mẽ thì ra trận nó trốn mẹ hết . 🤣 🤣,1
"bởi méo coi phim vn , chán vl",1
ôi thơm_tho j . không co quan_hệ thì vào lam cung bị đào_thải . mấy nghanh ma dân thuong việt nam không bao gio vao đx . cong an . quan đội . ngan hang nha nc . hang không . đừng mơ mà vào . nếu vao được cung lam cu_li sai vat cho tôi no . đm,1
còn lại một đứa thì bị câm nên éo trả_lời được 😁,1
đấy ý_thức của con_người vn . . ! !,0
"đúng vậy , với người thích chê thì kiểu gì họ cũng chê được .",0
dụ má,1
chị này dễ_thương ghê . nghe nói_chuyện thiệt tình,0
quản_trị chẳng biết cc j cả . ổng nói đúng rồi . không có tranh_giành gì hết . họ rất đồng_lòng và tất_cả mọi việc mọi vị_trí đều được sắp_xếp cả .,2
"paula lưu người miền đéo nào mà chả ăn cơm , ông này bị hài à ? dựa vào thịt chó chỉ là cái cớ để phân_biệt vùng miền không bằng cả con chó rác_rưởi",2
con_mẹ mày giàu con_mẹ mày . . khinh_thường người_ta,1
người có tiếng mặc cái lìn gì chẳng đẹp . người biết nó bảo là điên,1
nhìn thầy có khác gì th nghiện không,1
hải_yến xinh gái mà bình_luận thúi hoắc à 🤭,2
xạo lồn quá chị ba ơi,2
trâ n dâ n che m gio . nghe o kiê t xa c không co tiê n đê la m răng ga y me no hê t rô i ma co n ngô i chem gio,1
"thế , ơ bà_già của mụ này ngoại_tình với ông hồ lòi ra mụ à quá ?",1
nge ông kẹ chuyện vo thuật . à lan nhin cười giỏi thật 🤣 🤣,0
"nó không phải c . â . m họng 3 🥲 , tụi t nè dom tím nè mới c . â . m mỏ nè má nữa",1
"xây_dựng đất_nước ta đàng_hoàng hơn , to đẹp hơn đó là xây_dựng đất_nước việt bắc thôi , còn đất_nước việt nam thì kệ nó đi 😂 😂",0
"trời ơi dễ hiểu ghê , thế_mà con trần đoàn kiếm_chuyện với cô , đợi clip xin_lỗi",0
xịt lốp oto khác với xịt lốp xe_máy . tiền phạt oto khác với xe_máy,0
"anh độ đáng yêu , mình còn đáng yêu hơn anh độ nhiều",0
vàng_ngọc cl đừng có xạo l nha condi mất_dạy,1
nguyễn định tôi xợ á,0
xin video di_bro v,0
cha o tô c trươ ng,0
óc chó chó hi_hi,1
kể từ đó không ai thấy 2 con mãnh_thú nữa,0
hôm_nay em bỏ hết liêm_sỉ ra xin like avt,0
phương minn ngộ_nghĩnh nhỉ lạ tạo nhỉ ? rõ_ràng cố_tình lone scandal để bán hàng online mà làm như hay lắm . sống bẩn_thỉu v ai mua đồ cho trời .,1
chúng_tao tuyên_giáo hân_hạnh tài_trợ cho nas thực_hiện chương_trình mị_dân này pew bưng bô said,2
indo đã biết danh bác hù từ lâu lắm rồi !,2
cương đặng con_người chứ con chó đâu,2
vậy theo chú thằng việt phải làm gì ? ?,0
teen gif quản_trị ơi 😋,0
"đm có nhiu giấu bây nhiu thằng chó tv ad , không đăng hết cho người_ta xem",2
mấy thằng trong soha đéo biết tốt_nghiệp xong cấp 3 chưa nhỉ v,2
bạn này có não không ? ?,2
ý là mình ngu thì đừng có bày_tỏ quan_điểm được không,2
lợn trưởng tộc hàng_xóm béo ú . . luôn nhà nó . . cũng có một con luôn . . 😅,2
okk anh yêu v,0
mày mà biết cc gì mà tiên_tri,1
tẩy_chay con chó này . bán toàn hàng giã,1
hay qua cô hiê u ơi 😍 😍,0
"sống chó thế , , cả nhà nó không sao quá cách_ly liên_luỵ cả làng mới ghê",1
ông_bà ta có câu_giang sang dễ đổi bản tánh khó rời . chùi cho đã đi xin_lỗi tiếp_nhe,0
tối thầy stream đá phò đi thầy ơi,1
"dân_chủ ở đâu vậy các bạn , à tên của nó là bảo_hiểm bắt_buộc mà !",1
quan_trọng là ổng giàu ổng mặc cc gì cũng đúng 🙂,2
"1 là người_ta không đẹp bằng mình , 2 là người_ta xấu hơn mình 🤣",1
con na y ma vê viê t_nam chă c ngươ i viê t_nam đa cailoncatkhong lun qua,1
con gia nay sao ra duong duong xe no tong chet me duoi gam xe,2
"ủa chứ em nghe mấy chú mấy bác hồi xưa kể là người_ngoài bắc với tư_thế hào_hùng đào núi , vượt rừng vào miền nam giải_phóng ách đô_hộ của thực_dân pháp . vậy khí_phách anh_hùng , hào cường ngày_xưa đâu rồi . sao giờ than với rên nghe chi mà não ruột quá dạ .",2
"công_an còn gọi là g , i , a , n , g h , ồ c , ó h , ọ , c . tiền công_an còn nhiều đánh_bạc thổi mái hết thì tìm dân c ư ớ p",2
anh độ hồi xưa cũng pảnh như giờ luôn nhỉ,0
dễ thươgg quá cô ơii 😙 😙 😗 😗,0
không đồng_tình với tội_ác này của ông quá đinh_la thăng . ông phải trả lại tiền cho dân việt_nam . công_bố rõ_ràng trên cộng_đồng mạng cho người dân biết,2
quyen anh có có,0
"quản_trị thông_minh vl , chỉ_số tia cực_tím cao là do bức_xạ mặt_trời , nếu mức_độ tăng thì do thằng nào xả thải nhà_kính , khí cfc nhiều chứ liên_quan dew gì đến chính_quyền mà chưỡi ? ? v",2
nước mía đi mọi người,0
đéo mang đặc_sản của thầy ra cho chúng_nó nếm,1
jacob nguyenan nhây bà mẹ việt nam anh hùg hài không chịu nỗi,2
xong nó bán_nước ta cho trung quốc rồi !,2
mình tưởng yêu xa giúp chúng_ta cao hơn 🤔,0
toang thật,0
chào tất_nhiên là tiên chi tất_nhiên là dũ chụ tất_nhiên là chần dần,0
ôm đấy này vào khổ loại,0
nghe rất vô_lý như cũng rất thuyết_phục,0
chơi ngu 😂,0
mong_cụ về việt_nam sớm bằng đôi chân khoẻ_mạnh chứ 2022 cụ về bằng hòm là cả triệu người khóc,0
phúc hưng clm,2
đm abe giống bóng vcc,2
dục_vọng ơi ! chú em về nghỉ đi cho dân nhờ !,0
muốn thay giang_hồ cỏ mà dễ à,0
"ai làm được gì ngoài dùng võ mồm công_an thán , thơ vịnh vè trào_phúng , chửi_đổng , ahbp , và xuất_phát từ cái tâm vì nước vì dân thực_sự ? ai làm gì đó đi chứ , đừng thủ_dâm kiểu này mệt lắm với lại gần tết , ai cũng cố_gắng tìm lương tháng 13 mà . . gắng cày thêm job cho tốt . bên kia mới thưởng tốt",2
djtmenhaong 🤬 🤬,2
thằng điên .,2
loanh_quanh đằng đít lại đằng đầu . vẫn là một lũ xạo loz với nhau . giờ khó kiếm_ăn quay ra cắn_xé,2
nếu missi không miss pen thì top 1 ghi_bàn sever rồi 🤣 🤣,1
quân anh bẩn_thỉu v bro,0
"quay được phim rồi thì lấy xe bắt chó ra bắt đi , chờ gì nữa",1
vậy là anh muốn vô quan_tài ở hả,2
nè ní . m sai m cố_chấp jo m xl à . đào đất ngủ đi r nhận sự tha_thứ,1
"samsung vẫn đi làm bth nhé , mỗi ngày đi làm là 1 ngày vui 😜 😜",0
tém tém chút má ơi,0
bảo dan tri thap thì tự_ái,1
chắc hít vl dạ_hương xong lú cmnr,1
tiền này cướp vl từ thuế thu_hồi mà của người dân_thường việt_nam đất ra,1
điên,1
vcl xem anime thể_thao mà t tưởng xem boylov3 không thật đấy,1
cô lan bây h nhìn sang chảnh deso . . ns chx nhỏ_nhẹ nữa,0
dù ai nói ngã nói nghiêng đỷ này vẫn xạo lồn như xưa,1
tuy 2 ma 1 no do,0
chơi game còn giận,0
quá_khứ rồi quên đi,0
má bẩn_thỉu vl,1
"ủng_hộ tàu nha , ráng cương lên cho sớm gặp bác_sĩ cường !",1
con 3 nó đag nắk cảm_xúc của cục zàng hấp dim tinh_thần của cục zàngg nèee 😭 😭,1
mục_đích là dmcs hỏi nữa không,2
"thằng kế_nhiệm chắc_chắn là đút_lót kha_khá rồi , ,",1
trung đầu bùi,2
"vâ y đu ma thă ng quản_trị cho đe , không co tra i tim vi không cư u_đư quá a be , không ba o ca , không kêu ba o đăng . đu ma thă ng quản_trị",1
"sang campuchia mà phát_triển tài_năng ! đã có 2 người phong tướng rồi đó , ở việt nam thì nằm_mơ đi .",0
"cộng_sản là thế , muôn_đời",2
cho mình xin giá em này ạ,0
không đồng_tình với tội_ác này của ông luôn đinh_la thăng . ông phải trả lại tiền cho dân việt_nam . công_bố rõ_ràng trên cộng_đồng mạng cho người dân biết,2
chào_mừng bạn đến việt_nam . xhcn do dân vì dân,2
đinh phướcu,0
"được biết , phần_lớn những loại nước_hoa rẻ_tiền này đều là nước_hoa giả . trao_đổi với vov về vấn_đề này , bác_sĩ đỗ văn khoát , khoa da_liễu , viện 108 cho biết những người có làn da nhạy_cảm hay mắc các bệnh về đường hô_hấp như hen , viêm xoang . . phải thật thận_trọng khi sử_dụng mỹ_phẩm hay nước_hoa có nguồn_gốc không rõ_ràng . nếu xảy ra dị_ứng hay có triệu_chứng khác_thường thì phải đến bệnh_viện khám và chữa_trị kịp_thời . người dị_ứng nước_hoa thường có các biểu_hiện như thấy ngứa , cảm_giác khó_chịu xảy ra ngay tức_thì hoặc sau vài giờ hay muộn hơn . khi phản_ứng dị_ứng nặng có_thể phù_nề , nổi mụn nước , bọng nước .",0
coppy anh3 clmm tao rip chet me may,2
pham ngọc anh,0
cuop ngay benh cuop dem ma . be lu no phai benh lan nhau la phai rui,1
tân hiệp phát à,0
má thằng mả mẹ nào design nhìn mới tưởng nó mặc thêm 1 quần chưa kịp kéo khóa . style kiểu này kn là thằng lý quý khánh,2
"nhìn thấy cái mặt sao mà ngố thế không biết , giáo_chủ ali dát . . bò . . lâm vàng . . dẻo nóng . . vl",2
"thực_ra ba_que là bọn ăn trên ngồi chốc . chỉ mị_dân cai_trị để tham nhủng làm đất_nước tụt_hậu . . chúng là thầy của bọn bò đỏ . . mà bò mãi o nhận ra vì nhồi_sọ umê , chửi càng , bò ơi nghỉ lại đi , chứ đừng để bị làm nội tạng cho giặc tàu . . !",2
"cố_vấn kinh_tế của thủ_tướng việt_nam nhìn mặt kinh bỏ_mẹ luôn , nhìn như mấy thằng xì_ke hay lảng_vảng chỗ ngoài đường gần khu tao ở",1
"sau khi lãnh_tụ cộng_sản iran và đám tay_chân thân_tín cấp cao bị tiêu_diệt , sau 2 ngày chống mỹ , những tên cấp cao còn sót lại cảm_thấy không đấu lại bộ đôi usa israel nên đã xin được ngồi vào bàn đàm thêm lần nữa , và tiktok trum đã đồng_ý . dự_đoán nếu tin này là chính_xác , thì 99 iran sẽ chuyển sang dân_chủ mà không cần đổ_máu nữa .",0
nghe rất hư trúc nhưng lại là mộ dung phục,1
"mày chửi lq xong bị thằng âm_binh 11 nó lừa cho hơn trăm triệu , nhục mặt , gậy mày đập vào mặt_mày , đáng_đời , chửi người_ta làm_sao mày gánh hết .",1
chị tiết nc cưng qá 😍,0
"lê tấn tài vì tao thấy mày là quá khỉ đầu chó lên tao mới chửi , nhưng tao đã nhầm , mày là xúc vật thì sao hiểu tiếng người 😂",1
bê đê dì mà gâu gia minh hiếu said,0
gái hay trai vậy mọi người,0
chị có chim không . . sao nhìn gớm . . lắm gớm,1
ui heo nè,0
nghe quen thiê c sư,0
địt_mẹ thối_nát,1
ôi 1 thằng bede,1
"du na chet bat thuong o z tam giam , chu vo fai o benh vien deo dau ma tôi bay dao boi , soi moc , xoay sau vao lam cc j trai",1
cay vl 😞,1
nhìn mặt thì ngắn_ngủn . mắt thì hít . mũi thì to . nhìn nhủ mấy thằng nô_lệ .,2
ở bển luôn đi về việt_nam làm cái đéo gì không biết,1
"giàu_sang vì cái tâm tốt nè , tâm từ_bi giúp bà_con nghèo chân_thật đụ má nó",1
nguyễn nam khựa story,1
1 người thì giết 1 mạng . 1 người thì feed tụt cười,0
"nho lâm sợ người việt từ nước dề kìa là chứ bắt_đầu ngày_mai , miễn thị_thực đối_với khách châu âu rồi thật",2
"là phân_biệt vùng thông_báo bay fir và lãnh lổ vùng_trời . quản_trị đúng không ngu căn_bản , ngu bền_vững nhỉ ? tội_nghiệp",1
đó là kết_quả của nền giáo_dục ưu_việt của bọn vl !,2
"thân thị bích quyên cái này là những con_người phá nc , bán ns",2
không lam nôi cai gi cho dân nho .,0
giáo_án ma phi_te của thầy thật bổ_ích .,0
"cũng có 16x cái like , 1 là ngu giống quản_trị , 2 là like thương_hại v",2
em nhớ không nhầm con nhỏ peper nó khuyên các bạn trẻ rằng làm_tình tìm_hiểu yêu kết_hôn đó mọi người 😅,0
bao_giờ nước ngập lên đến háng thì tp hcm sẽ được gọi sài_gòn !,1
mấy lão già vừa bị phạt rồi giờ lại đến mấy mẹ,1
như cl luôn,1
tại bọn lính cả,2
mv cực chất . .,0
lắm lúc đó oai mày mà,1
đm tố_chất,1
thùy trang thứ điên nó v á mày,2
cố lên việt_mam,0
"giết quách được phát ra từ miệng 1 người đại_diện cho pháp_luật vn , hỏi đạo_đức , trách_nhiệm của ông ở đâu ? hay ông là loài đv máu lạnh ?",1
sống chậm lại 😑,0
"vài năm hà_tĩnh kỳ anh là huyện ung_thư , nữa là tỉnh ung_thư của việt lắm nam 3",2
"của dân , do dân , vì dân ! !",0
mấy thằng mossad với cả cia có vẻ nóng tay thật,0
đây là kẻ đi báo đời xã_hội báo luôn đời cha,1
thằng bóng khùng chết đói,1
chào thầy ba girl 😌 nứng vcl,1
"như cc vay cái qq khinh mà vay lắm thế , ta j ! đậu !",1
bộ tài_nguyên và môi_trường chết mẹ đau hết rôi ? !,1
lào nhà người_ta tôn bá phù,0
người không có đạo_đức,2
lại do cái tư_duy không sợ gây ra . rõ_ràng đó là miệng máy . lại đứng lên . thật đáng tiếc . hy_vọng gd sẽ bớt đau_thương,0
2 mẹ con đông người spt nên cùng nhau report chăng,0
"chỉ khổ lính lác thôi . một người làm_việc bằng 3 , để cho giám_đốc mua nhà mua xe . lắm còn tiền mấy thằng to nó hốc hét ròi .",1
"móa , tài_sản mấy ổng từ cướp dân mà ra không chứ ai",1
kéo lên chị ây,0
"giá xăng rẻ hơn vài ngàn đồng , thu_nhập cá_nhân thì thấp hơn vài ngàn đô , thiên_đường xhcn",2
bên mẽo có quyền tự_do không mẽo ơi,1
ở việt nam được gọi là mắc dại 🤣 🤣,0
tại ba cả đấy,0
bất_biến,0
ăn_nói dậy trời hổng đánh là mai,0
em bữa_nay đẹp quá,0
thật xấu_hổ cho bộ_mặt công_an gì tình người trở_thành thú_dữ thì chuyện khi cũng xẩy ra . .,2
bà điên đi lang_thang,2
mày chỉ sống thêm 11 ngày nữa thôi ! tao dạy mày những điều tốt_đẹp sao mày sủa bậy thế trần đần .,1
con đường nghèo_khổ đang từ từ đến chừng nào bác 2 còn huynh đệ c an của bác ấy còn làm_việc với cách để làm_giàu cho bọn tử_vi đạo,1
em_gái iêu đẹp ghê giống tướng bà lắm đó 😍,0
toa n sư u_nhi,1
nổ như chó,1
em xin đầu_quân cho cty anh 🙋,0
ác với dân đi sang đó làm gì,1
cái kết vẫn là nổ tung cả giàn khoan gần chục nghìn tấn phạm_vi nổ thì siêu to khổng_lồ,0
nghe có vẻ hư trúc nhưng lại mộ dung . .,0
đúng hình mất 5 tiếng .,0
"bác nói rất đúng , luôn_luôn không sợ corona nhưng em sợ đi học lại quá 😢",0
nói tôi ngu là được bạn đâu cần viết dài ra vl như thế 🤔,1
mi uri bịt bọc cẩn_thận nha mậy .,0
"bên là chê ghê va ra , người achentina , bên phải là phi_đen .",0
mấy ông quản_trị tiktok toàn copy and pết . xong còn éo thèm đọc lại .,1
lữ_văn thánh đó là ý do tôi bảo ông trẩu,2
covid 19 là cái gương chiếu yêu hay gì á biết_bao_nhiêu bộ_mặt ngu_dốt lòi ra,1
gia_bảo ci l quá,1
tat công_an chi la bu nhin cua to rung ma thoi . . đm no,2
tôi đang xem hài hay phóng_sự đây quản_trị,0
ùm thì dam rốt_cuộc m là fan của uống rượu_bia r lái_xe hay_là fan của gái khieu sao,1
mà này là cai_thầu ở đâu ông làm nâu vậy thế ai dám hợp_đồng,0
việt nam phải có cái riêng_biệt cái tự_chủ độc_lập toàn đi sau làm sau,2
sếp nhà mình cũng thế 🤩,0
co bi lam sao o,0
yêu thầy ba rất cẹt 😚,1
"bây_giờ giết người như trò_chơi , mức án cho kẻ giết người quá nhẹ thấy xã_hội bây_giờ toàn giết người đi tù vài năm ,",0
đúng là văn_minh tư_bản,0
trại thương điên sẽ mang cho bạn mọi điều mong_muốn,1
chị nầy là giàu thật . còn thần bóng râu đó nó sạo lồn mà . chị đừng chưỡi ba mẹ nó . e thấy tội cha_mẹ nó chi ơi . chưỡi nó đi .,1
"thần quyê n môn súng bắn . không tru ng , dao chém không chết . nhưng cây đập là tèo",0
"hổ nước thật thì trong báo_cáo chồn , bước ra ngoài thì như con chuồn_chuồn ngơ_ngơ_ngáo ngáo",1
ghé facebook mình xem váy đồng giá 195k đi ạ,0
củng giống như kô có_thể_nào thay_đổi được loài cộng_sản . .,2
kim phung tin chính_xác nha tăng ghê quá lun,0
hoa lụa hoa tươi nhập_khẩu cao_cấp .,0
diện trần óc chó choá thật .,1
"con lợn quản_trị , thế mày định làm gì ? vác súng ra biển đi , đừng vác bàn_phím mà sủa theo lũ dâm chủ nữa nhé con .",2
"mịa sao không cởi giày , sắn quần lên đi vô rồi mang quá giày vô có sao đâu , kiểu_cách cộng_sản ! !",2
ở gần nhà có ông bị khùng chuyên mang quần trong dài hơn quần ngoài như vậy đi_ngoài đường . tính ra gu ăn_mặc của à tiệp còn đi sau cả ông khùng xóm e,2
địt_mẹ m óc chó cức lắm . . đm cho cũng chửi đéo cho cũng chửi . . đm . tay nhanh hơn não à . . đéo được bố_mẹ cho đi học à . . thua con chó,1
thăng địt lao nên lam quan chăng thê . cho va cho,2
những tinh_hoa của nhà_nước nhức_nhối tạo nên hình_ảnh nầy đây ôi ! đã luôn muối_mặt với thế_giới . .,1
đặng tiến hoàng sếp tổng_đi lạc đâu_đây sếp,0
minh phú đm coi nghề của tiến đạt phạm mặt lồn nè,2
đeo . vàng nhiều vậy nga . gây cô . không dậy được đâu mang làm từ_thiện đi khoe của làm gì có ai khen đâu đúng là chúng_mày hết chuyện rồi à,0
chuyển à sang phòng tạm giam cho đỡ ngột_ngạt,2
ngứa_mắt vl v,1
ai cung dich corona sau con nho nay không bi vay ta do khung,2
ai như con rộng háng nhung kia,1
đã đá về thời_kỳ nguyên thủy_đồ trỡ ?,1
"vậy việt nam là 2018 tăng_trưởng năm 7,08 nhé , đập chết china",2
lũ chó lãnh_đạo ảng cộng_sản,2
tiền bợ dái của thằng đăng bài là 2 xị . nó đi ỉa xin vào bóc cứt ăn nữa để được trường sinh bất_tử . địt_mẹ m thằng đăng bài !,2
"t rảnh giống bạn mà . con t , t chăm sao kệ chứ . bán onl mà không cho t onl thì bạn bảo tôi đi bộ đến nhà_khách à",0
tóc chất vl,0
"địt_mẹ đến là hài , cướp như thế_mà nó chỉ bắt vì tội gây_rối trật_tự công_cộng . cái tội này là tội máu lồn nhất . dân oan đi khiếu_kiện nó cũng vu cho người_ta tội này được , rồi thì thanh_niên ra quảng_trường chơi chúng_nó cũng vu tội này . . nhưng tuyệt_nhiên chúng_nó cho lũ an_ninh , dư_luận viên đánh người giữa phố thì đéo thấy tội này đâu .",2
"chỉ có dân đen là chịu mọi sự bất_công ở xứ_sở này , tội_nghiệp cho cháu hải 12 năm chưa được xét_xử cho đúng , tôi theo_dõi thấy nhiều việc mờ_ám do con_người cố_tình tạo ra",1
nếu bảo chủ_tịch mặt như l . . thì ? ?,2
hẹn gặp ông trần dần vào năm 2022 . hi,0
mời em về với tộc của anh,0
điz mé thanh_niên,2
nhìn mặt đẹp gái mà cái tính lại xấu_xa thế này .,2
"na tô thạch_cô miền quê mà , biết dì đâu",0
đéo ai làm thế,1
phan thị mỹ dung rambo nhấm rác_rưởi,0
ahihi đồ 😂 ngốk 😂,1
chứ còn mẹ gì nữa . . . câu view trắng_trợn,1
thúy hiền gơ thiệt,1
su bà nai à 😂,0
nhìn bản_mặt thành luôn long nhầm tưởng nhân_hậu nhưng bản_chất vô_hậu,1
em xl nhờ quản_trị chút ạ 😊,0
sao nhập không được ta,0
cái đụ má lỗ gì mà lỗ hoài z,1
"tụi mày tuổi lồn , nói thế cho nó vuông",2
đmm . luc thật trước may bợ cười nó . jo . no . do suc vat . bede thay pai roi chưi nghiep chuong,1
quỹ đầu cằc nè mấy em,1
"con này nó giả_tạo , m càng chứng_tỏ m càng để cộng_đồng mạng hiểu hơn về mày 1 kể lừa_đảo , vừa khóc vừa cười hả",2
đeo khẩu_trang vào,0
khô gà nhiêu không vậy thầy,0
giàu quá trời mà nhà cha_mẹ anh_chị_em ở việt nam không có lành_lặn con_cháu nghèo mạt đi làm kiếm từng đồng từng cắt nghe mất ói quá con bóng nổ banh xác,1
"đg hoảng_loạn , sẽ bị hoang_tưởng cho mà xem",0
địt_mẹ m óc chó cức lắm . . đm cho cũng chửi đéo cho cũng chửi . . đm . tay nhanh hơn não à . . đéo được bố_mẹ cho đi học à . . thua con chó,2
thằng assmin cút wa mĩ sống mày . . thay đồ đi lãnh 3 củ_đây . .,1
người dân cu ba hqyx cói gắng kiên_nhẫn làm theo mác lê nên mới có độc_lập tự_do mới lâu_dài . đừng có nghe bọn phản_động mọi ngư ời lắm sẻ bị độ hộ và bóc_lột lũ cớp bóc_lột và đô_hộ không_thể_nào làm mà không vì lợi_ích của chúng . các ban cu ba cố lên đoàn_kết với lảnh đạo chống kẻ_thù,0
khai_giảng nè 3,0
co o ng thông tha thă 29 thư tiê ng la m chu ti ch pă c po,2
con điên con hâm con chập_cheng,2
đánh cho mỹ cút . đánh cho nguỵ nhào . cách đây mấy chục năm dân ta hát thế . và cũng cách đây mấy chục năm mỹ từng nói sau khi thua trận là sẽ quay lại việt nam không mất 1 viên đạn nào . và giờ thì sao . mỹ đã đúng . còn ai đòi tự_do dân_chủ nữa không,0
đỗ thị tuyết dâng,0
trần,0
phương noble s oke oke . . rồi sẽ hối_hận,0
ci khánh chi duyên quá duyên . . tập này co ci mình hiếu . . cười từ đầu đến cuối,0
đó là sự xúc_phạm 🙃,0
theo tiêu_chuẩn cán_bộ thì tbt không cần biết tiếng anh . còn tiêu_chuẩn gs ts thì phải biết tiếng anh . khi ở nước_ngoài đại_diện quốc_gia phải giữ bản xắc dân_tộc .,2
"ôi mày cbi lại lên làm thánh phán . m thử nghĩ_lại xem gia_đình mày , họ_hàng mày và bản_thân m cống_hiến được cái gì đã . còn t thông_báo luôn cho m biết người dân việt nam còn tiền muốn sang nhật vẫn sang bình_thường thôi . mà người_ta sang bên này theo cấp số_mũ chứ không phải cấp số_nhân đâu nên m lo cho cái bản_thân m , gia_đình m trước đi r hãy phát_biểu cho cái làng xã mày đang ở",0
tào_lao là giỏi,1
"chúng_nó quên nhiều thứ , nhưng ăn_cướp là việc chúng_nó không bao_giờ quên",2
bar mà_lại,0
thoại trần bạn đã viết đúng chính_tả chưa mà nói họ ? chính tã,0
yêu nhau không liếm l . . nửa 🤣 🤣,1
nghe có vẻ vô_lý nhưng vô_cùng thuyết_phục,0
trịnh nam long ô về nc với gia_đình chữa bệnh có gì sai ?,0
độ yêu trang như khá bảnh yêu vinahouse nhể ?,0
bo cho do chu co do cai cc gi,1
quần què là có thật à .,1
ik,0
đẹp_trai . tài_năng . tư_duy đỉnh_cao . call team tốt và nhiều phẩm_chất tốt khác nữa là những gì thầy đều có . sena 1 người thầy hoàn_hảo . còn thằng ngu 3 gà thì chịu cái gì cũng không có,0
đại gmtv vậy mày vô đây sủa làm cc gì tml,2
vyvyhair chúc buổi tối vui_vẻ nhé bạn,0
bà khùng này xàm thiệt,1
ba hard cc,1
tất_nhiên là vấn_đề . . vấn_đề là tất_nhiên 😃 😃,0
chết với cộng_sản thôu,2
nói ý_kiến của mình mà bị gọi là phản_động . . xàm vl,2
lê thế hào cc dell bk cailoz j ve nghe thuat im,1
"đây đích_thị là chính_sách ngu dân mà . . bắt_chước các nước tiên_tiến trên thế_giới lắm thì không bắt_chước , muốn đua_đòi theo các nước kém phát_triển",2
"lên 40 , là t đi mua nước_mắm với gạo",0
chào chi . em thích chi nói chuyên quá,0
thằng đầu_bò,2
bóng bẩn_thỉu,2
người đẹp ơi nhớ đi qua mỷ gởi cho mình một ngàn đô,0
0362355072 th e nh,0
"nhà_báo bbc cố_ý khiêu_khích để bị bắt , để làm màu , để dư_luận quan_tâm . tin bbc ở việt nam bây_giờ chả có tý gram nào .",0
nam mo à_di_da phat,0
bả này có dương_vật đó,2
nguyễn đăng dự rảnh thế nhắn_tin hỏi từng thằng đi ? lên đây ăn_vạ gì thế ?,0
thôn cái lù . đcm cộng_sản,2
chỉ có kẻ ngu_dốt mới nói những điều ngớ_ngẩn,1
cá chết là do chết_đuối nha,0
hình_như chỉ có 1 vài quốc_gia trên thế_giới có hiện_tượng lá mọc đinh như này nhỉ,2
lên ti_vi cũng không quên trả tiền .,0
thái nguyên nóng rất nồi chú ạ,0
cu ngu dân đen thôi mà .,1
sức_mạnh của đoàn_kết .,0
thứ dô diên,1
nói_chuyện cực_kỳ cực_kỳ duyên luôn,0
mồm nhanh hơn não,0
hài rất nằm xem mà cười lộn_ruột 😂 😂,0
khổ chưa hết bệnh này đã phát bệnh khác,0
"nhung pham ai chê nghèo ngta có tiền đi nước nào kệ mẹ người_ta , nó vẫn mang qtich việt nam thì về việt nam chữa việt_nam đã cấm đâu mà lên_tiếng lm gì . ích_kỷ",1
như quỳnh,0
công_an sĩ k icm đéo gì 🙂 công_an sĩ câm,1
"toàn những thành_phần bất_hảo , ham ăn lười làm gánh nặng cho xã_hội của mỹ thì nó mới đuổi chứ còn những tinh_hoa phát_triển cho đất_nước nó thì nó còn bỏ tiền ra mua_chuộc .",0
tống_vô tu lắm,1
official hùa theo là chó vậy mày cũng hùa đó,2
nhìn ngu vcl,1
bọn cặn bả xã_hội,2
giận bắn phát giờ,0
nghe rất độ mixi nhưng lại là tung sỏi,0
mấy thánh im đi được rồi . có phán cũng chẳng giải_quyết được gì đâu . cứ tiếp_tục cộng_sản của mình đi,0
"ông tô vl lâm nước hơi ông trump để dễ đàn_áp người dân trong dựa mà thôi , chứ tô lâm tài_cán gì .",2
"tau việt nam con bi chia sung , thi tau ngu dan lam được cc gi .",1
mấy thanh_niên này còi nhỉ chịu_khó ăn tập vào nhé,0
trương công thành khịa đau 🤣,0
đm mày,1
trung khá_giả,0
nghèo bày dạt nỏ . bién di_me oi,1
địt_mẹ lũ chó bán_nước,2
"bá ý khẩu nghiệp nặng lắm lắm nha , đầu_thai ch hết khẩu nghiệp nhận_xét",1
"quản_trị chửi hết bọn khựa làm chó gì ? ! dân nó cũng y_như dân mình thôi . chế hính cho đỡ tức hả , không tác_dụng gì , để sức mà xem nước ta thắt chặt tình hữu_nghị ra sao nhé . vụ formosa chìm_xuồng rồi nhé v đm , ai bầu thằng cẩu nô tài lên làm lãnh_đạo thế ? !",2
"đông quá đi tuần_tra biển bận giúp đông lào nữa đó , sao bạn không kể đi .",2
châu la gi cua chi vay,0
"mấy con muloz seeding 5 thằng bất_chấp topic này đ được tên luôn hài vcut , mò được thằng nào hát gọi , rap được và quan_trọng là sáng_tác được ra coi . may_ra có cái thật dance của cậu y là gánh nổi thôi 😂 😂",1
bui quá không ngoc ccj,1
haizz . . 3 que thì sang mỹ đi_ở việt_nam làm j cho chật đất,0
"sao mày ngu thế mày giỏi mày đi kêu_gọi mọi người xem người_ta có góp cho mày k . mày thấy làm mệt quá à . người_ta có tiền thì góp tiền , có sức góp sức . còn mày cảm_thấy bất_công quá thì nghỉ con_mẹ mày đi làm từ_thiện đi . làm từ_thiện mà_lại so_sánh thiệt_hơn so so cái cc . mày tưởng mày bê được mấy cái thùng mì tôm là mày to à",1
phương chân của cụ là chết cả đống còn hơn sống một_mình,0
"gạch hết thì vẫn làm tbt , ở việt_nam làm gì có quyền bầu_cử , hình_thức thôi",2
phan xích long bạn eyy 😛 😛,0
miền nam thì cố không cho người trung quốc trúng_thầu còn ngoài bắc thì . . 😪 😪 😏 😏,2
tôi bán nước_hoa giá 5 6tr nè . . có tiền mua hong . . nếu không có tiền mua thì mua loại vài trăm nghìn dùng thì bảo giả . . 🤣 🤣 đúng là nghèo mà còn đòi dùng đồ xịn nhưng rẻ .,0
đcm chửi hết bọn chó vàng made in vietnam,2
chi kim oi dang lam bo coi chi ne ! cuoi den dau bung luon chi oi,0
"ai sai cứ nhốt cho vào tù chứ anh tô bị oan lám , oan oan tương báo . tiền của dân đó . huy đông bộ công ăn là thừa nhá",1
trần huy cái lồn 😂 😂,1
đéo thấy thằng quản_trị giúp ai được j cc cái mà toàn ở đó bô lô ba la nhãm cức,1
idol nè vũ khắc cặc,1
"có éo gì đâu . đang đấu_thầu kêu giờ thăng nào có 1tr usd đưa tao thì trúng . vậy là xong , thằng khựa được báo trước rồi nên chuẩn_bị luôn tiền_mặt . v",2
chủ quán mỳ và tôm team úp cực mạnh,0
tại dân thích làm nô_lệ . chưa thích làm người . ông trời cho tự_do quyết_định . tại_sao không chịu làm người mà làm chó giữ chế_độ csvn,2
nó bán hàng giả đó mọi người . mình bị rồi nè .,2
cô ba minh hiếu xuất_sắc quá nè mọi người,0
năm sau đến lượt 2k2 rồi sau năm tiếp_theo nữa là 2k3 rồi đến 2k4 ờ và tiếp_tục là 2k5 2k6 2k7 đcm nhiều vailon,1
hoàng văn hướng,0
"bài này bình_thường hơn so với mấy bài trước nhiều ,",0
le ra ngay tư đâ u_no đe_o nên vê thi hơn,2
dương_vật của team à em nhầm linh vật ớ lại nhầm linh_hồn,1
nguyễn nhật băng gớm dị má,0
thua trug hết dân nó dù ở hải ngoại theo hay không theo cộng_sản dân nó rất đoàn_kết còn người việt mìh bág bổ phỉ bág . . nhau 40 năm qa,2
viêt nam ta cùng chung tay s chiên th người,0
con điên có gan nói mà không có gan mở bình_luận cho người_ta . bình_luận,2
trunq xuân cao không khiến mặt nhắc nhé cười,0
anh trung bóng_lộn sa đéc,2
từ đầu tới cuối các trang yêu đảng đều đổ cho thủy_triều đỏ cả và xỉ vã thậm_tệ những người nói do formosa gây ra ! đến khi sự_việc vỡ lỡ vẫn không 1 lời xin_lỗi !,2
ok à_ơi,0
mày nói nhiều mày sẽ bị bắn đó là tấc nhiên rồi,0
phạm minh tuấn ảnh của ông à,0
tèo tèo tú joker,0
nguyễn trọng thái vl nhân_giống,1
đó là sự_thật mà chẳng ai nói lên không biết bao_giờ chế_độ độc_tài này mới sập em mong từng ngày,2
"già đầu rồi ! mà suy_nghĩ cũng chỉ đến thế này thôi , chẳng_trách mãi mà không phụt quốc được ! !",1
tươ ng đa i nghi n ty p,0
nghe mà cú,0
bựa d tinh_túy của trọng lú d đất_nước ta ngày_càng phát_triển thua lào vào campuchia ơn đảng nhờ sự lãnh_đạo lắm của lão già biến_thái này . con_cháu ông chắc hãnh diễn tài_tình ngàn năm tiếng_thơm lưu cmn danh,1
1 tỷ đô xây được bao_nhiêu bệnh_viện và trường_học chợ trẻ_em . đem đi làm thẻ hội_viên 1tỷ đô chẳng khác_nào trưởng giả học làm sang,1
tất_cả vì mấy thằng bụng phệ óc chó mỡ quản_lí thôi .,2
không nên chửi bậy em_gái ỏi,0
chuc bac luon mình de tiep tuc cong hien to lon cho dat nuoc à,0
tao còn đang mong kỷ_luật bỏ_mẹ lên đây,1
"trần dần tiên_tri người việt_nam sẽ về 1 mối quá đúng lun , nhưng quên vl phải bị tiêu_diệt theo tất_yếu lịch_sử vì chỉ còn vài nước nghèo_nàn chịu luồn_cúi tàu cộng lưu_manh",2
mong rằng những công_dân việt_nam đang ở bên nhật bản học_tập và lao_động luôn giữ được sức_khỏe tốt . và đồng_thời chúc cho nhật bản nhanh_chóng vượt qua đại_nạn lần này,0
chu huy nam bạn đi trước cả thời_đại à,0
phạm nguyễn cát vy cljv con,0
trúc thư_hỏa_thiêu nó đi,2
trưởng_thành vl,1
m cần đek xàm bố m bưng bp về khỏi xin phép,1
m không cô_đơn đâu . fan đông thì top 1 là bth,0
lì như trâu là có thiệt ta ơi,0
con yg 3 gọi con sm bằng cụ tổ,1
nói thì bị chụp_mũ ngay là nhồi,0
cho may thế_giới là lão vẫn còn chút lương_tri,0
"tuyên_dương à cảnh_sát giao_thông này nữa . đm nhà a , bài_bạc gái gú cái đầu bùi gì à cũng biết",2
biểu_cảm được thực_sự,0
tha bơ đi t cộng_sản chư không bơ đi t lu cho chu ng ma_y,2
hải_yến mày mới là con rảnh đấy . chưa xem đã bảo cảm_thấy chán điên hết phần thiên_hạ,2
võ cẩm loan bớt khẩu đấy đi bạn nhé . tại ương xóm đến với bạn nghiệp,1
gọi là phản_động ba_que thì lôi mấy cái ảnh của vịt tần ra chối xong bây_h lôi mẫy cái hình ra diễu cợt trong khi biển số xanh là xe như thế_nào được ưu_tiên như thế_nào cũng đéo biết ngu vcl,1
bích đú . .,1
trà_my có lộng ngôn quá không má cái xu_hướng livestream bán hàng trên face mới nổi mấy năm nay thôi 10 năm cái lồn,1
cũng muốn mang_tiếng dân làm việt lắm lắm mà hôk được,1
thảo vy t nhớ m vừa dứt câu t chi tiền là huy nó bị chặt liền luôn á,0
nulo hả ai ỉa vô họng m hay j,1
"phim này động_lòng người lắm , lần đó mình xem cũng khóc lên khóc xuống",0
google đi nít ranh v,0
không được cười không được cười không được cười không được cười không được cười,0
"độc_lập , tự_do , hạnh_phúc hơn 40 năm rồi mà vẫn phải ngửa_tay xin tiền tư_bản a . sao đảng ta tài_tình_thế . .",2
nguyễn huỳnh bạc yêu cl,1
chắc bệnh này mấy người có tiền sẽ bị nhiều nhỉ . . ng nghèo lo trồng lúa nuôi bò tiền đâu mà bay để rồi mắc bệnh,2
lon nay mat dai qua ba roi an noi tuc tiu lắm hay_ho gi,1
may không biết nhuc ma may con lay chim nua nhuc qua . .,1
mới bắt đâu cuộc_chiến ở nước_ngoài mà tong nước lộ ra nhiều con_cháu của lê chiêu thống và trần ích tắc . . thật,0
"nhận hết trách_nhiệm đi , anh đưa tiền cho phạt . nhớ nói là em làm mạnh_tay , đè mấy chai dr . thanh chứ cty an_toàn lắm . càng pr cty tết này anh thưởng nhìu cho",1
tuy hơi ác nhưng tử_hình mới dừa lòng t ý_thức như b,1
"đéo cái ai là bố ai là con trong hiểu gia_đình này , mệt vl đến từ sói gaming quá",1
"bọn việt cộng hầu_hết nó khai lý_lịch của nó xuất_thân từ những gia_đình thành_phần là bần cố_nông , mà bần cố_nông thì đéo được học_hành đến nơi đến chốn . hậu_quả là bây_giờ bọn việt cộng nó quản_lý , điều_hành đất_nước như cái con c ! ngóc đầu lên không nổi !",2
"xàm , ăn_không luôn rảnh_rỗi l , dịch không giúp được ai thì thôi còn chửi nhau đăng lên , chụp gạo đồ , trẻ trâu",1
tại_sao lại đến mức_độ này ? chắc_hẳn ai cũng biết,0
"bệnh thử đi rồi biết cái bảo_hiểm nó quý cỡ nào , cũng như hồi trước bắt đội mũ bảo_hiểm thôi . đội là quyền của anh mà ang đéo đội là bị phạt , xong giờ thấy cái mũ bảo_hiểm_quý cỡ nào .",0
"đất_nước sẽ đi đâu về đâu khi đám bộ_trưởng , tổ_trưởng tổ tư_vấn của thủ_tướng toàn là đám vô_học , lưu_manh giả_danh trí_thức , thời_đại súc_vật lãnh_đạo con_người đây mà",2
tiên_tri ? tao lao,1
trời ơi_là trời chủ thớt ơi i live you . .,0
tủnn tủnn đú vcl,1
nghe bả nói_chuyện mà cưng quá trời luôn 😚,0
ai giải_quyết dùm má má ô đáng_đời r,0
tóc ăn tết,0
trần vỹ mày có đi học phải biết phân_biệt đâu là đạo nhái đáng khinh chứ,1
"xương_máu của đồng_chí mà chúng_nó còn trục_lợi , thì mạng sống dân đen có là gì .",2
"thực_sự văng_tục , chửi bậy kể_cả chửi văn không phải là cái hay để mọi người hưởng_ứng . . đmm chẳng biết có phải một người viết hay không . nhưng mà chửi hay vkll y đọc mà nhiều lúc thấy đời đỡ bất_công !",1
dễ_thương gì đâu,0
thằng này đã đâm nhiều nhát vợ bỏ chậy mà vẫn cố_tình đuổi mà bản_án có 10 năm là quá nhẹ thằng này đưa vào khung cố_ý riết người thấp nhất 20 năm trở_lên,0
sela tuổi gì với abe,2
nếu là sela thì mọi chuyện sẽ không dừng lại ở đó,0
loạn hết cmn rồi . hazz .,1
"nếu nó niêm giá thì lỗi do người mua mất cảnh_giác ! sống ở thiên_đường mà mất cảnh_giác là sa_chân xuống hố ngay tức_thì ! đi xe_ôm cũng phải hỏi giá , mua bánh_mì cũng hỏi giá . . đến hối_lộ công_an hay bác_sĩ còn có khung_giá ! không hỏi thì đừng trách . . thiên_đường khốn cmn nạn !",2
chưa bở phiếu mà đã cơ_cấu 4 chức_vụ chủ_chốt làm thì bỏ_phiếu rồi gì nhỉ luôn ? ?,2
chiich phu tran dan . bi cach ly car chisnh phu .,2
bác chỉ pr có chút mà đã tin rồi à . còn nhớ khi ảnh làm_bộ_trưởng gtvt ko . lúc mới lên cũng sung lắm cuối_cùng thì sao ?,0
ngơ cái buồi v,1
mua đồ quanh_năm đồng_nghĩa với việc mua đồ tết rồi đó,0
ăn vào máu rồi ở đức cũng vậy,0
liên_quan đéo gì đến con nó mà trù con nó kcos lỗ_đít,1
ở nhà nghe bé tí hát thành_phố buồn .,0
đồ uyển đình ngọc dcm chai sting vô đầu nha,2
đijt mẹ thằng quản_trị phản_động tuyên_truyền vớ_vẩn,1
chi khoe kho ?,0
12 03 toang cmmr,1
"hội dân_chủ cuội , dân_chủ , nhân_quyền giả_dối . hội ngáo quyền_lực nhưng không chịu học_tập rèn_luyện tu_dưỡng và phấn_đấu và hoặc bất_mãn",0
xem xong cái này thành fan cô lun dễ_thương hết_sức à,0
em rất thích chi,0
đm xạo lồn fuck,2
tức diêng là bác có quyền đổi tên tập cận bình thành . . cập tẩm bình rồi 😀,0
chúng_ta sẽ hát tộc công_an vào mỗi thứ 2 đầu tuần,0
cứ mưa ngồi bus là xong,0
bọn này giết người chứ không phải công_an lắm,1
nguyễn nhựt xuân linh đess bún riêu mà dịch hoài mới hiểu,0
đã thực_hiện nghiêm_chỉnh 1 trong thật 10 . thề của người q nhân cách_mạng lời,0
tại chị nhung dung_dăng dung dẻ mà mình phải đeo khẩu_trang 😏,0
công_nhận nói_chuyện nghe đã tai .,0
xx video 🔞,1
mấy thanh_niên kia bị nhồi_sọ im thin_thít luôn 3,0
ơ post này không thấy cà_khịa anh bom nhỉ,0
"nể vợ_chồng anh_chị giáo_dục tùng sói tốt quá . ở tuổi đó biết tự ăn , rồi mạnh_dạn hỏi , biết chọc đùa , biết nhận_biết nhiều thứ nếu có giải những bố_mẹ của năm nên tặng cho anh_chị một cái siêu to khổng_lồ",0
anh_em 3 cố_gắng ở trong nhà tránh dịch nha . chết nó chôn tập_thể đó . 3 mà chết hết thì không có ai ăn cứt cho mỹ đâu .,2
xin phép moi người cho tôi chũi con chó 1 cái v,1
thầy em là phải hơn . nhưng ngu hơn ă 🤧,1
nhà độ sẽ đếch cần tới máy phát_điện mỗi khi cúp điện nữa,0
ăn_nói sà lơ dị coan,1
tùng sói said đưa ông_già về quê chơi mấy hôm,0
trend như con cật cũng đi đú,1
tai sao xe dep công_an xe biển xanh . toan bốc được bien đẹp .,0
y thă ng cho quản_trị ba o nha nươ c la m ca i na y ca i kia . rô i no la_i su a ră ng nha nươ c la m đê hô i lô . bo n pha n đô ng ma . đi i a chu ng cu ng su a ma . thư cho lưu_vong,2
"đi bắt_cóc tại quốc_gia người_ta đã không có_mặt_mũi nào rồi . giờ tiền thuê máy_bay còn quịt . nhục mặt quá , thế này vị_thế việt_nam lại cắm_đầu rồi",1
"cười chúng_nó tính thoát trung bằng các chui vào rọ mỹ thoát thoát cái cm mấy thằng phản_động , não chó bày_đặt chê_bai",2
"địt_mẹ trọng lắm chiêu , nhìu trò . eo lam được cc gi",1
"gọi làm gì ? nó láo thật , nhưng rõ là chửi đúng , thằng kia đúng là ngu mà !",2
rớt nước_mắt,0
lý thành_công nứng à,2
hết r,0
tự nhận mình là thằng mặt heo,2
mình lại thích cắt mái cộc 😁,0
"cái thèn sao đời đó , nó nói đi báo không dủ nó . kk",0
còm men nhiều chữ là ngụy_biện cmnr 😘,0
"cai cười me tôi may nhìn đi , tôi mày nhin cho ki anh ba_chỉ làm được một lần nv thôi , được chưa , cđm tôi mày",2
"nó không phải c . â . m họng 3 nữa , tụi t nè dom tím nè mới c . â . m mỏ nè má 🥲",1
chuẩn_bị có luật di_ỉa nhiều lần phát vì o nhiễm moi trường,0
khó vẽ nụ cười,1
ôi con đàn_bà ngu hại nc hại dân . . giau thi kêu bố m xung tiền vao công quỷ để phòng chóng cái tác_hại cua m đi con mặt lồn,1
thật k h ố n n ạ n . . mua_bán cực_khổ rồi còn gặp bọn cướp . . nhìn mà au lòng,1
nhiều lúc à tôi xàm cười nhưng nhiều lúc chân_lý vl 🙂,2
dân ức_hiếp thì giỏi lắm !,2
line up này không sợ 1 team nào trên thế_giới,0
"những kẻ đến mỹ ở và chống trump đều là cái đám không_gian_lận thì cũng lười_biếng hoặc tội_phạm , chẳng đứa nào_là tử_tế tốt_đẹp . những kẻ đến mỹ ở và chống trump đều là cái đám không_gian_lận thì cũng lười_biếng hoặc tội_phạm , chẳng đứa nào_là tử_tế tốt_đẹp .",0
méo hiểu thể_loại fashion gì luôn 🙄 nhìn bẩn con mắt 😵,1
"mấy à ba_que bên đó mà dính bệnh xác_định chết cmnl vì méo thể được ưu_tiên , dân chả nó còn chết huống_hồ gì dân ăn_bám",2
khoe khoan láo quá . đeo . vàng g ã . s ng g a t o phét,1
có vẫn đề rồi tiếp giám không dân,0
dư_luận viên mất dại,2
thôi đi thím cán bọi bị bắt thì phải mất vài trăm triệu chạy_án thì mới mong yên_ổn,0
dat linh kiet ngan nam van hien không chon dung người chon sai hoac nham cung bi không chung no tat kia dat thanh ma bao doi chu tich thanh pho ha noi roi,0
thương idol quá,0
thuốc_lào đấyy 👍,0
óc chó chó kiểu italy 😅 😆 😄 😃 😂,2
mọe,1
chứ không phải lúc trước đi ra ngân_hàng nói chị ba gửi tiền về cái mặt lên như bà khùng ha 😉 giờ thì bị ba va ng mã_lư a ga t úp mặt vào_cầu_tiêu đi minh hiếu ơi nhu c,1
uôi à à,0
chẳng hiểu mày ăn_mặc kiểu lồn gi,1
"bọn nào thì nó cũng vì dân_tộc nó trước_tiên , bọn con bò nó cũng vì dân_tộc nó chứ đâu vì dân_tộc việt nam 😂",1
thầy làm gì cũng được đừng ra mv hát là được nha thầy . nói chứ địt_mẹ mãi yêu thầy,0
bạn nhìn cũng dễ_thương lắm,0
"cr7 . . 2022 không phải wc sao lại quá không tính , mấy lần lọt đội_hình phế nhất wc đâu , số bàn vòng 1 8 bằng 0",1
"phá_hoại hạnh_phúc nhà ngta , đâu có ảnh_hưởng miếng cơm manh áo nhà bạn mà bán báo",2
nó lại uy_tín vl,0
thầy nhớ mang vinh_quang về nghệ_sĩ hài_hước clm,1
qua_mặt trước do fan minh hiếu vô chọc trần đoàn j chi . chó hùa,1
"có chữ để đọc mà còn không mang ơn , , đúng là lũ khốn_nạn , , đề_nghị đổi chử của thằng giáo_sư đầu bùi cho dễ sữ_dụng , , đã vậy còn tôn_thờ hai thằng mũi lõ mắt_xanh gây đau_khổ cho bao dân_tộc trên thế_giới , , dân việt nam còn chưa có được cục phân của nó để bón cây vậy_mà tôn_thờ hơn cha_mẹ",2
"cũng đồng_ý với quản_trị nhưng bạn m từ khi tham_gia và đọc từng câu từng chữ bài đăng của quản_trị thì thay_đổi hẳn , từ đứa ngoan hiền thành láo_xược , có tí chuyện là chửi_bới ừ lên , 1 cười 2 lol . buồn hẳn",1
"sua cap thi lien quan den bang thong quoc te , chu noi dia van bt . quản_trị ngu ngu",2
okk anh ơii,0
ơ đ m sao lại có cờ tàu không h ự à thế kia,1
nhị thắng cực địt cười mẹ mày,1
con rể ngô văn dụ thì về là an_toàn nhất .,0
nguyễn việt cường ơ thằng này ra tù rồi à,2
tạ thị quỳnh ăn cứt,2
"trung cộng muốn thắng thì tốt nhất nên cử cán_bộ qua việt nam học_tập , mấy thằng chưa học hết cấp 2 còn lôi lên làm lãnh_đạo được , thì giải_quyết hongkong chỉ là chuyện nhỏ",2
tử_hình,1
"đéo mẹ , mc phan anh có nhận lương từ dân tụi tao ko , hết_lòng vì người vùng lũ , còn tụi mày có đứng ra kêu_gọi và hết_lòng lo cho dân không hay chỉ là kêu_gọi xong đem cúng mồ mã ông_bà nhà tụi bây , đm cứ tưởng dân giờ ngu lắm ấy .",2
ăn điêu nói hớt quen .,1
quang minh xạo lồn vừa phải 🤣 🤣,1
chương_trình đổi tên lại thành táo liên_quân ?,0
về cho con bú đi em ơi . .,0
"trào_lưu khoe của này_nọ dạo này đang nở_rộ lên trên mạng , toàn là xl",2
dnn thay ba nhieu không tro tot vl l,1
bây_giờ tôi mới biết tô lâm có họ_hàng với tô định,2
c . a việt_nam mà mượn xe cái mẹ gì . mấy ông công_an phường ở sg toàn thấy cướp_giật là chạy lên lề trốn liền . sài_gòn nhiều chốt dân_phòng vậy_mà ngày nào cũng xảy ra cướp_giật mà toàn là hiệp_sĩ bắt cướp không à . mấy ông dân_phòng chả biết để làm gì nữa . haizz .,1
có công thì thưởng có tội thì phạt . chứ có như đất_nước tự di_dân_chủ đâu . trốn_thuế bao năm vẫn được bầu làm tổng_thống .,0
sao bao năm thì tộc_trưởng đã có bài rap riêng,0
vậy là ngay gần nhà mình mà có những kẻ tồi_tệ vậy sao ! hại người sẽ thành hại chính mình thôi .,1
anh ơi em muốn vào group bộ_tộc thì làm_sao ạ ?,0
đm quả sì tai khiến chị_em rụng trứng 😂 😂,0
cái địt con_mẹ m,1
không phan dong may chui vao trong nay lam gi ?,2
mỹ hạnh trend mới 🤞 🏻 🤞 🏻 🤞 🏻 cười,0
ngửa mặt lên trời,0
cám_ơn đảng . cám_ơn nhà nc 😏,1
con này hết thuốt chửa chữa rồi xin_lỗi . thua cạn lợi,2
lên đó mà liệu một cái thì . . 🤣,0
call me ppoong mày là người của 3 hả ? t nói không đúng sao ? phản_động chả lẻ pải được tôn_trọng sao .,2
"trời h mà đụng tới bk là mì chết sớm nhe con kia , chết không kịp ngáp , mất_dạy",2
hello tran tiger,0
du không con bo me thi cung phai song cho bo me o suoi vang được yen chu bo me sinh con ra ai muon con an noi nhu vay .,0
ê lũ ducanger vào xem thành_tích cm ngày_xưa này,2
đáng_lẽ nhà_nước tong chúng_nó ra đảo hết mới phải . mang tiền đi du_lịch rồi mang virut báo_hại nhà_nước,2
thế_mà chúng_nó còn định xây cái 11 ngàn tỉ để chưng bày mả bố nó chắc,2
ba bá bẩn_thỉu,2
thất_bại của ngành giáo_dục,0
chuẩn à ưi 3,0
cầu_mong thần cá với và thần cá_heo giúp nhật bản qua được cơn hoạn_nạn này,0
em lại xạo lồn,2
nghe nói c nhung là con chủ_tịch linh sarang,0
ở cái tuổi này khó bảo lắm cứ cho lên phương rồi bóc lịch ít tháng là ngoan ngày mà,1
một thanh_niên rảnh cười cho hay . đcm nhà mày nó có tiền nó có của nó muốn làm_sao nó làm nó không bỏ ra 500tr nó quyên_góp nó kêu_gọi quyên_góp thì lấy cười đâu ra người quyên_góp thiết_nghĩ mày kêu go i quyên_góp thì chắc được đồng cười nào phán mà loại mày nổi_tiếng như nó chắc j đã cho dân được đồng cười nào . lắm nên đã không có cho thì đừng đáp c ứ t hội_đồng rảnh cười,1
ung_thư tuỷ thì bỏ_mẹ 😄 😄,1
đm v t . h . o . i n . . a t,2
đm mày,2
ái nhân tết xong giảm luôn,0
mấy thằng vl mossad với cả cia có vẻ nóng tay thật,0
"ông_già đem hết tiền đãi bạn , dm tháng này thiếu sữa rồi",1
hải hằng đúng_ra chị cẩm lan phải đứng đầu mấy người này mới phải . không tôn_trọng người tạo ra trend gì cả,0
địt_mẹ ông nói_phét à 🙂 cái vòng cổ đã quá 2l cụ rồi,1
an an cánh hoa bướm xinh_xinh 😁 😁,0
"ngoài bệnh kiêu_ngạo , tự_hào dân_tộc ảo_tưởng . thì còn bệnh hùa theo phong_trào , luôn coi tư_tưởng của số đông , miệt_thị cá_nhân khác_biệt . những đứa phản_động như mình , khi phát_biểu suy_nghĩ cá_nhân , luôn có sẵn 1 tiểu_đoàn bò đỏ cuồng cộng trực chờ nhảy vào mồm tổng_sỉ vả mình",2
đi nhanh còn về nhé ông_già,0
năm nay chương_trình_tấu hài táo_quân dẹp_tiệm ! nói về diễn hài chỉ đáng xách dép quan_chức việt !,2
cách tốt nhất để thoát tàu là dân_chủ_hóa đất_nước nhưng lãnh_đạo việt nam hiện_nay lại xa_rời dân_chủ .,2
gáy thì phải gọi là cực nhanh từ vị_trí độ mixi,0
lão tết nếu bắt_tay với trung quốc thì không khác gì cổng ran thật can gã nhà nhé,1
1tr súp rồi nhớ giữ lời hứa năm xưa nha_thầy,0
địt_mẹ thang ban nuoc cho tau ma quen sao duoc ! !,2
"quản_trị page này rất chi là ngu còn cố tỏ ra nguy_hiểm , những bài nó đăng mang tính_chất phản_động , ngôn_ngữ đả_kích và khiêu_khích , sáng nay còn poát bài để kêu toàn dân tham_gia ctri chống đảng và nhà nc việt nam kìa",1
ai cho lũ chống tổ_quốc về nước ? bọn mày mơ . .,2
người nhật lúc này,0
lần sau bắt_gặp chụp thành_quả chủ vũng nước_đái ghép lại . up nó lên gr cty cho lắm đội quần luôn 😃,1
nguy_hiểm hình_như các công_trình có kinh_phí lớn là phải thông_qua quốc_hội mới làm được,0
8 keo đang vật_vã với 29 thứ tiếng rồi nên không làm phụ bếp được nữa kaka,2
như cười anh ba,1
vi c a cang tham nhung manh,2
không phan dong may chui vao trong lắm nay lam gi ?,2
lx má cười ỉa,1
"khủng_khiếp quá trời , loại đàn_bà này có một không hai trên thế_giới 🙈",1
"mày ngu lắm , bình_thường vận_động chúng_nó đi học chúng_nó còn không đi , giờ cắt tiền hỗ_trợ đi thì nó đi cái đầu buồi à ?",1
ngủ deodcroi,0
19 45 tâ t_nhiên,0
được vl à ui,0
"riết chán cái group , toàn dư_luận_viên",0
chui e la chjnh xac rui e oi . . e nô banh nha xac . khoc gja tao .,2
khá bẩn,1
"nghe bác trần dần nói hay , hợp_lý vậy_mà mọi người chọc quê bác vậy . . ? trời có mắt đó nghe mọi người",0
pé nguyễn mày bị não phẳng à . tao chửi bọn nhai đi nhai_lại . chứ fan cứng đi chửi boss bao_giờ ? hay thì share . thuyết_phục con cặc nè,2
vl,0
còn ban sáng họp giao_ban của cục cức,1
anthony mark luật không cho phép nhe bạn . hồ_sơ bênh án ai cho công_khai . khi nào hết mới công_khai,0
cùng tham_gia chống covid 19 nha mọi người 3,0
2 con . . đien,1
"day la y kien tam huyet cua rat nhieu tri thuc phai dan chu hoa thi moi bao ve_duoc dat nuoc , nhung hinh nhu dang cộng_sản van chua tinh ra , ho vua dien tap chong khung bo ma ke khung bo lai cam co do sao vang !",2
"hoan_hô chú bộ_đội đánh mỹ tài ghê , tàu_bay mỹ chú bắn cho tan_tành 😂 😂 sau khi đánh mỹ thì nó thế này đây",2
nguyễn thuận ý_kiến cá_nhân thôi mà thử sáng_tác cái mã bố nhà m à ?,1
đâu_đó vẫn còn bọn óc chó vật,2
em đéo ra cao bằng gặp anh được đcm,1
"thp sai thì tẩy_chay , còn tml này cũng hay_ho đ gì , nó mà không bị kiện thì cũng ngậm tiền rồi kệ con mệ tất_cả bọn mày uống nước_đái ruồi , bênh ngu vll",2
vẫn là dân khổ . đảng cộng_sản muôn_năm,2
đúng òi . . mới nổ xong lấy gì không cháy . .,0
ở đấy ngột_ngạt quá thì đưa nó qua vũ hán cho nó thoáng mát 😡 😡,2
😐,0
"như cc vay cái qq j mà vay lắm thế , ta khinh ! đậu !",1
"xấu quá trời , mà bày_đặt chửi dan việt nam miệng như hai miếng thịt bò , ghét má quá trời à má ơi",2
con linh cá_lóc xấu người lại xấu nết chưa ai có cái mồm xấu như con đó,1
xin video đi bro,0
v cut,1
cũng do não thằng quản_trị thôi bạn ạ . đừng trách,1
"học ở trường thầy , cô_giáo dạy hay lắm yêu tổ_quốc , yêu đồng_bào yêu hcm mà không thấy dạy là phải yêu bản_thân , gia_đình ba , mẹ yêu chi những cái xa_xôi chết mẹ còn nhỏ biết con_mẹ gì cứ nhồi yêu nước , yêu hcm ? sao không yêu những thứ gần_gũi với mình ? 🙂",2
"đô i vơ i csbv ma no i thi lơ n , bò cu ng co thê la m la nh đa o la chuyê n râ t bi nh thươ ng .",2
thanh thùy chắc bệnh đa nhân_cách là từ đây,0
🙂,0
chị xạo cười quá chi ba oi,2
bả này có dương_vật đó,1
thằng này đã đâm nhiều nhát vợ bỏ chậy mà riết cố_tình đuổi mà bản_án có 10 năm là quá vl nhẹ thằng này đưa vào khung cố_ý vẫn người thấp nhất 20 năm trở_lên,0
mồm con linh không khác gì như cái lồn trâu 😄 😄,1
tiền này cướp từ thuế thu_hồi đất của người dân_thường việt_nam mà ra,1
tôi còn tưởng nó là đăng_ký cái lồn,1
"ít hôm nữa có nghị_quyết cho đẻ thoải_mái để giảm nợ công trên đầu người , ha_ha",0
đm thầy nhớ thấy cười,2
du_học úc thế lào,0
lại do cái tư_duy không sợ gây ra . rõ_ràng đó là miệng máy . thật lại đứng lên . thật đáng tiếc . hy_vọng gd sẽ bớt đau_thương,0
vo nói cl gì z mẹ . nói mà để người_ta từ_chối hiểu hay gì á,1
thu nhài 🤣 🤣 thế_thì cách_ly nó,0
còn bạn gái em là hoàng thị loan nha_thầy,0
biết ễm còn sống không mà xuất_viện 🤗 🤗,0
im lắm mẹ đi thằng mặt lon,1
thanh_tú,0
thứ dô diên,1
bảo my add em cô ơi,0
pha đầu 2 light pha cuối ba light,0
thâ y nươ c ngta thâ y ham nhi n la i xư_vi t ngan cha n,1
trung lo hết . . trung hút skill . . trung tư_duy . . trung tình 😂 😂,0
trung lắm như con c . h . ó,1
chỉ biết nói là . . rất viêt nam,0
xạo l n quen rồi bạn ơi . 😄,1
không được đẹp mà kệ zạy 🤣,0
"kinh_phí hoạt_động của bộ công_an do ngân_sách nhà_nước cấp . không biết họ có ngân_sách ở đâu mà xây sân bóng khủng như_vậy ? ở các nước sân vận_động tổng_hợp do nhà_nước đầu_tư , sân bóng_đá clb do kinh_phí ông chủ đội bóng xây . ở ta , bộ công_an như một quốc_gia trong một quốc_gia_vậy ! có sinh phải có dưỡng , nhìn gương sân mỹ đình thì biết !",0
lê phương linh thì mình tự nghỉ 😌 🤣,0
mì tôm hay tôm mì ? ?,0
"thằng trẻ nó sai_bảo thằng già tuổi như cha nó để nó sai_bảo cv dưới chỉ_đạo của nó , 😂 😭",0
"quá troi xl , đm bán hàng 10 năm , bớt đi cd oi",1
trần thanh hà ai đấy 😂,0
nghi_vấn con của abe,0
quy khung . binh quan tuong . ao giac . ba dien . than kinh .,1
tội_nghiệp chị ấy quá . trẻ khỏe mà đi cướp_giật của người tàn_tật không chấp_nhận được luôn,0
lo cho việt nam quá 😔,0
ô c cho mơ i kêu câ m cơ viê t_nam diê n tâ p .,2
bảo yến t chửi m láo vcl,1
bớt bớt lại đi tạo nghiệp quá đi à 😒,0
con_gái ơi cu quay nhiều video chủi cộng_sản vào cháu ơi làm luôn như vay là đường về con không còn nữa,0
có thông_tin ông phan kỳ nhơn bị dương_tính covid nhé bà_con thông_tin chính sác dó,0
chương_trình ln gì vậy ? d,2
cml,1
địt_mẹ con bóng muộn_màng nhìn gốm vcl,1
"chúng_tôi đại đa_số dân đen nước việt , rất cảm_ơn thịnh_tình và sự nhiệt_huyết của quí ngài dành cho môi_trường nơi chúng_tôi sinh_sống . chúng_tôi lấy làm tiếc về sự_việc đã xảy ra , mà không biết làm_sao để thay_đổi , mặc_dù 90tr dân nước việt thông_minh ,",1
ý_thức của chị nhung còn ít hơn cả nhân bánh_mì của t,2
chửi vậy rồi ai chửi lại 😂,0
đm không tham xem có chết không v ai bắt thích đớp không 500 v lúc cầm tiền sao không nghĩ đi v,1
trại thương điên sẽ mang cho bạn mọi điều mong_muốn,1
mat lon linh công_an loc nay choi vl lam xuong,1
thư ngọc lê sever nào thế,0
mày coi_chừng đó chồng mày làm ơ đại bắc đó may đừng tưởng không tiềm mày được đi . khỏi thách_thức nha con,1
có não mà để tay nhanh hơn não v,0
kim tiêm hahahahaha,0
ra đường nhớ cằm theo não,1
vậy ? cái tiền hỗ_trợ này sẽ vào túi ai ? túi thằng xin hả ?,0
thưa ngài tiên_tri ngài là một vị tiên_tri ? tại_sao ngài không đoán được sự_việc covid 19 sắp xảy ra để cho nhân_loại được nhơ .,0
chúc_mừng bà và chia buồn cùng dân đen,2
nói người_ta đã ròi nói em honk có nói,0
tuổi lờ,1
xin loi địt_mẹ bang dai hoc xin chua ra truong da co dua kiem 15 20 cu roi . nhung thanh nien ra nuoc ngoai roi o_lai da so la_vi tien,0
vào quán người_ta mà như bố lắm đời,1
ông im mẹ mồm đi . 2010 lần đầu_tiên tôi xem ông tiên_tri . mão nước việt đổi cờ . năm 10 năm sau cờ mới vẫn chả thấy đâu mà chỉ thấy việt_nam chúng_tao ngày_càng hùng_mạnh .,1
hứa sơn ghép cho bạn thành ộp pa luôn nhá 😄,0
cần lắm tiếng_nói quá của 1 dâm_loạn_viên,1
bình_luận để thành fan cứng,0
thoi di_thang khung oi,2
mong con mày không vl ngu như mày,1
bài này mà mix với cái beat của bài này thì tuyệt_phẩm,0
khi bạn muốn bợ_đít ai đó nhưng bạn không có não . ngu như lợn nhưng vẫn làm báo đảng đĩ .,1
cai cc,1
virus mà nói là vi_trùng 🤣 🤣,0
bố đéo gánh kệ con_mẹ chúng m,2
người việt mà đéo được về việt . đâm_đầu chết mẹ đi cho mấy mà vừa_lòng .,2
lan hoa mấy đứa suốt ngày bảo người_ta đạo này_nọ cả đời chỉ núp dưới bóng của người khác 🙂,2
bảo sao chỉ thích qua đây mua_sắm,0
"thôi chết mẹ , hôm nọ thì con_mẹ nấm thối kêu_gào ông trum ông vại này_nọ , giờ lại đến idol trần dần . đang tự hỏi , không biết con_mẹ nấm thối có phải là cộng_sản nằm_vùng không ?",2
huỳnh ngân xinh nee,0
hoàng lệ phát_biểu ngu quá ! xây_dựng thì không có thấy toàn kiểu chia rẻ ! vớ_vẩn,1
"thôi chết mẹ , hôm nọ thì con_mẹ nấm thối kêu_gào ông trum ông vại này_nọ , giờ lại đến idol trần dần . đang tự hỏi , không biết con_mẹ nấm thối có phải là cộng_sản nằm_vùng không ?",1
"le quan tran moá được cái đn của m là ngon , bây h . .",0
những thằng liếm no nó chuồn rồi !,1
em de mat nhu vay nhin rat dep nhin de thuong lam em gai oi,0
chua ai ngu bang dan viet nam,2
bh nó làm quả múa quạt của cậu bảnh thì còn vl nữa,1
không thích nghe rap nhưng cũng thấy hài,0
"chị pa còn trinh có cây đinh chính giữa , chị pa đẹp gái có 2 hòn_dái 2 bên",2
thầy dạy_học_sinh cách phê đá và cỏ,1
"tụi tôi chỉ dám nói sau giải_phóng , hỏng dám nghệ_thuật_hóa sự_kiện sau 75 , từ ngày đứt phim . . 🤣 🤣 khổ quá .",2
hiê u_xo,0
"sao vlog sang quá mà , ý_thức củ loz vayy ?",1
thịt mèo xào xả ớt anh ưii,0
yêu khánh,0
"ngày trước người nam kỳ chúng_ta sống tử_tế hơn , bây_giờ có lũ ngợm tiểu_quốc rau_má và lũ ngợm thượng_đẳng ngàn năm văn_vật đi vào cướp của , cướp đất người nam kỳ , người nam kỳ chúng_ta bị nhiễm văn_hóa của ngàn năm văn_vật của lũ ngợm lừa con_hoang đ",2
"hẳn là thi_công không chuẩn cười vỡ cmn bụng , cái đcm chúng_mày lắm nữa nhiều lí_do vcl .",2
còn đó bị bệnh ngu,2
fan tên không coi_bộ bình_luận nhiêù nhỉ 😂,0
gia minh thầy bị camp chứ đánh lủng cc đâu petland quăng mạnh vcl ra ấy,1
3k bởi nói ngu bây không nhận,2
cái địt_mẹ quá địt_mẹ địt_mẹ,1
hàng tiền_đạo áo đen ngầu quá,0
bị tuẫn_táng,0
con bóng sadec,2
"lạ nhỉ , không biết ở đâu mà còn ngu_ngốc như_vậy",1
24 51 dùi vập ? là gì vậy,0
xin vd pro,0
đớp lắm lam gi chang beo nhu lợn,2
"những quá người lính áo xanh lá rừng mất_mát nhiều quá , khác hoàng toàn với những kẻ áo vàng nằm êm ăn bát vàng đi dạo đứng_đường",0
lan hoa nói như mày vậy là cả trường đạo nhái tao rồi ai cũng mặc đồ giống tao hết 🙂,2
công_an nhiễm_điện_máy xanh phức_tạp quá chắc đã lây_lan khắp đnăng rồi . hành_trình cô này khá phức_tạp . ai có giao_tiếp cô này nên tự_giác cách_ly cho mình và cho cả cộng_đồng .,0
ý_thức anh tịp như cái đầu bùi_vậy,2
xuất_sắc luôn đúng là cô của em,0
đ m có cái loại doanh_nghiệp làm_ăn bố_láo cho cả ruồi vào nước uống quảng_cáo rầm_rộ có lợi cho sức_khỏe_khỏe cái mả cha nhà chúng_nó . xong lúc người_ta dàn_xếp đôi bên theo kiểu dân_sự thì úp sọt đánh bẫy người_ta . còn bọn chức_trách có thẩm quy,2
vừa nhận được thông_báo lên fan cứng thích_thú vl,0
"đất_nước ta 1 đảng , 1 chiều nên phải cảnh_giác với xu_hướng hữu_khuynh và phi biện_chứng và phi duy_vật lịch_sử",0
không thich việt nam thì cút sang campuchia mà sống dlv cho biết,2
cháu này xứng_đáng là đệ_tử của bà trưng bà triệu . lên có 1 bài thơ rất nổi_tiếng . sông_núi nước nam vua nam ở . . cớ_sao lũ giặc sang xâm_phạm chúng bay sẽ bị đánh tơi_bời,0
nắm tay nhau thật chặt . giữ tay nhau thật sâu . cho chắc_ăn . dân sẽ mừng . cũng như mỹ xấu ăn thịt người . mà vl pháo_kích thì cứ chạy tới mỹ và ngụy để được giúp chữa bệnh . làng mỹ lai .,2
đéo giống ai trên cái trái_đất này,1
chi ba va ng ngo c xa m lô ng kakaka đo em,2
mãnh_thú nhưng đang buồn_ngủ,0
cảm_ơn các vị lãnh_đạo đảng ta đã tạo điều_kiện cho những đứa trẻ như con của tao vừa sinh ra đã mang nợ trong mình .,1
đập sắp mặt sena thầy ơi,2
ninh trần à ăn cơm với cá kho chưaa 🤣,0
bỏ tật ngựa,0
à lúc_nào chả xạo lon 🤣 🤣,1
có đứa đi lùi hoặc chạy lùy mới tới đích ý .,0
lại là con_số 17,0
"lúc trước tao nghĩ việt nam chỉ thua singapore , thái lan , malay . . giờ thì tao nghĩ giờ việt nam chỉ hơn được đông timor 😢",0
dza,0
đang trao giải oscar đấy . đề_cử nhanh đi các ông,0
im mẹ i,1
thứ đó cho luôn tử_hình loại khỏi xã_hội cho rồi,0
dui cùng em giây_phút bóp dú bóp lồnn taoo nss mà cừ bò .,1
con anh độ á bé ngonn khi nào anh cần con dâu nhớ đến emm,0
hài vcl . buồn mà xem video của thầy là muốn tự_tử,2
rút kinh_nghiệm là lại được sài nghìn_tỷ .,2
"ý lên được fan cứng r , tương_tác ms 1 tuần mà đã được như này thì có phải là nhân_phẩm cao vl không nhỉ v",0
có mấy thằng cộng nô lên mạng đọc báo lề phải cũng tin răm_rắp,2
bò đỏ khá cay trước thắng_lợi của dân hongkong,2
"mấy con fan mắc dại , cô bị chửi mà tụi bây không chửi tiếp mà xúi cô chửi , thứ dì dị . . bỏ nha , mai_mốt con nào đụng cô là xé banh xác nó hết , hy_vọng cô mãi chân_chất như_vầy , đừng vì cuốn theo sự nổi_tiếng mà biến_chất , biến_tướng !",1
"thổn lò ngồi góc niệm phật , đ j cx bị dí",1
đến tổng_thống còn đi tù vì pháp_sư nữa là 😅,1
phạm linh pham yen linh duy_linh phạm cũng lâu r chị_em mình chưa sát_phạt nhau 😌 😌,0
"nhà tiên_tri hay đấy , ông có thêm 1 phiếu về việt nam chơi nhé 👌",0
"dkm , chan vcl",1
thời liên xô còn ngây_thơ ms trả thôi . h mà trả là hôm sau chục cái tàu mẽo ở đó,0
ngta bán để kím sống . . tụi m lấy hết thì hỏi sao lại có trộm_cắp ở đây . . lũ óc chó chó,2
"cơ_chế thị_trường , mạnh ai người đó lo ! mấy ai lo vác tù và hàng tổng ! ?",0
không khác dì mấy với bọn thượng đẳng hàn_quốc,2
uầy được anh ơi,0
giọt nước tràn ly đi . . hãy ra nhiều luật vice lone hơn nữa . tôi ủng_hộ,1
"thành hồ và thành hà , thành nào cũng bị ô_nhiễm không_khí độc_hại rất nguy_hiểm ! có_lẽ ông trời ổng trừng_phạt bọn việt cộng gian_ác , gian_tà , gian_dối , gian_dâm , đã nghèo_đói mà còn bày_đặt giải_phóng miền nam !",2
làm_giàu và 2 năm tù mới vừa_lòng tao . ct đa_cấp lừa_đảo dạy 500tr kk,2
chị đẹp gái quá còn đẹp hơn em gấp 💯 làm em mắc_cỡ quá,0
co lon dau ma chui lon mieng thang be de thui .,1
có chữ nào đâu ! mua bằng thì đúng hơn,1
tội anh quá đi mong anh chết sớm để được tự_do,2
nguyễn văn tý đỉ mất dạii ghê,2
đạt thơ đâu vậy 😅 😅,0
nguyễn chi t makeup cho m free nhé,0
quê vlin,1
lươn_khươn kiểu cao_lãnh 🤣,1
anh_em cho phím 1 đuổi abe để cô dolce quay trở_lại nào 😞,0
tuấn mai m đéo biết câm mẹ có vài nghệ_sĩ đã giải_thích vì_sao tđ bán hàng 2 loại á,2
sống chậm thoii các bạn 🙁,0
mấy đứa nịn ở ngoài có được đồng nào hk dị,0
"mày ngu lắm , cắt vận_động chúng_nó đi học chúng_nó còn không đi , luôn giờ bình_thường tiền hỗ_trợ đi thì nó đi cái đầu buồi à ?",1
đó là 1 câu_chuyện bùn,0
lê thanh tâm mấy anh trên núi tởm thậtt,2
"62 bạn scandal việc bạn , mình cười việc mình , có liên_quan đâu",1
vô_phước lắm mới thấy được cái cfs này,1
này dạo này nó cứ happy new year là như nào thế chúng_mày . đang nghỉ_hè mà,0
"bắn bỏ hết mẹ lũ tham_quan đi , lũ chó",2
bút truất quá,0
bú cu không thầy,1
mấy người này là con_cháu của tụi bán_nước chứ ai nữa . đem vàng qua mĩ mà hãnh_diện hả ? ? vàng của ai ? ? tiền vàng cũng của người việt của đất việt mà_lại hãnh_diện ghê . tụi bán_nước tôi trộm_cắp .,2
trần quá thị ngọc ngân 😡 😡 bạn làm mẹ có ? chưa mẹ nào mà không tức khi con mình bị đánh không .,1
"nước mỹ phát_triển bao_nhiêu năm rồi . xứ văn_minh , giáo_dục tốt đào_tạo ra những con_người tốt . .",0
cún vàng không có viết chữ đẹp được như vậy đâu bạn ơi,2
kinh_tế không phát_triển toàn thuế với phạt,1
ngu chua tung co di_mua do phe thai ve_xai made in tau khua dat nuoc ngoc dau không noi la do lanh dao ngu ngoc,1
mê phải rồi v,0
nghiệp bê đê nặng lắm r má ơi,2
"xin_lỗi 10 năm trước bán hàng onl còn chưa được phổ_biến lắm , nói chi là có livestream lúc ấy con này nó xạo vl",1
nguyễn thuận bình_luận não đi bạn,1
đang mùa thể_hiện lòng yêu nước mà làm vậy chạy đâu cho thoát . dân đúng cùng họ chỉ cho tới tận nhà trốn đâu đc .,0
minh hiếu ơi . chị chửi con đĩ thu ở hàn quốc đi chị,2
mọi người ơii giúp em với ạ,0
bộ bạn bị phê đá hả 😞 🖕 🏻,1
vòng tiền xoay vòng lo nhìu mặt_khác của xã_hội chứ đâu lo cho mỗi bạn . vd tiền xây biệt phủ tiền cho con đi du_học . .,1
bạn phán chuẩn vl,0
"kệ mẹ người_ta đi , ăn mã cha của mày hả page lồn .",2
đm may thay gê qá,2
thế mày ăn rồi ỉa không được cũng tại cộng_sản á,2
"bầu với bán rất hoành tá_tràng , chưa ráo ghế luân_chuyển , bổ_nhiệm vị_trí khác , mà hay nhất là cán_bộ mình rất giỏi , nhạc nào cũng nhẩy được , chẳng cần đúng chuyên_môn điều_hành được tất",1
nguyễn minh anh được anh zai ơi,0
quá kinh_khủng quá bọn này lừa_đảo . ! yêu_cầu cqcn vào_cuộc . . !,1
tất_cả quá là diễn hài vì trên ngồi_xổm pháp_luật .,1
mong chị nhung sớm khoẻ để đoàn_tụ với tổ_tiên 🙂,2
phúc báo dịch thì sát đít mà đi du_lịch như đéo có chuyện gì rồi mang về việt nam đéo hiểu mấy đĩ nhà giàu này,2
thịt này là hải_cẩu nha,0
đóng con cặc nhé !,2
"tôi bảo ô quản_trị nhé quá , ô mở phim sex lên , vặn loa hết cỡ mà nghe diễn_viên họ rên sẽ tốt cho não hơn là đi_đôi_co với phản_biện với lũ tiến_sĩ việt",1
ma đo c xong ca i stt ma phi_cươ i cha n không biê t pha i no i gi vơ i con na y luôn,0
oke thầy v,0
phan mạnh cường bạn lên xung_phong đi chứ không ai mong chết đầu_tiên đâu,0
nứng qá abe ơi,1
nhìn tùng tôi muốn rụng trứng nhìn sang độ t muốn t chưa dậy thì mẹ lun,0
nó đéo phải như trong phim mà còn phải đợi xem_xét tình_cảm như thế_nào đây là ngoài đời nhá đợi đợi cc,1
thân ? chửi học_trò như 1 con chó . . thương cái lồl . .,1
hiếu bùi giỏi qá cc j cũng biết hết â,2
nha m nhi . ma_y kiê m đâu ra ca i tơ giâ y na y rô i vu khô g thê,2
mày gốc nhật bản à ? ? con nhung nó là trốn cách_ly chứ không cố_tình nhưng nói_chung cũng gián_tiếp . còn kia cố_tình . vẫn cái suy_nghĩ nước phát_triển là ý_thức hơn tự nhục đât nước sang đó mà ở,2
vẫn là abe nhưng ở 1 nền nhạc khác,0
mưa thuỷ_tinh,0
duyên phạm ghê tr nay văn_chương dữ hén,0
thôi thôi ông im cmn đê . . 🙂,2
nay thi doc quyen v d cho tu nhan tham_gia om chet me chung m di_v de dan ganh d gi,1
để vài ngày nó tự nhả ông,0
hệ_lụy của việc phát_triển đô_thị nhanh hơn vl tốc_độ phát_triển dân_trí,2
dug la con lih cho do lam tu cach kho ua va,1
cực_kì thuyết_phục 🤣 🤣,0
bắn chết cdm m khá tú,2
dừng chân đứng lại trời non_nước,0
ngồi nghe r tự mỉm cười tự_hào,0
gg,0
cùng một lỗ đẻ ra vl và ngu như nhậu,2
"khổ thật , cho sang mĩ xem nó có nhận không 🤣 🤣 chắc nó nhận nó gửi ngay sang u cà hưởng dân_chủ .",0
nguyễn huỳnh bạc yêu cl,0
đù,1
toàn các cô gái ngồi_xổm trym quệt đất ạ . .,2
như kiểu vừa ị đái xong quên kéo quần 🤣 🤣 phong_cách vl,0
nv hải đúng r,0
giàu mà ý_thức như cái đầu cac,1
"thằng kế_nhiệm chắc_chắn là đút_lót kha_khá rồi , ,",2
"lúc trước st hát nghe vài lần mới rõ lời đấy , nhưng ngta vẫn nổi_tiếng . . còn mấy bạn không thích thì đừng nghe , ngộ ghê",0
rất gì và này_nọ,0
sex nắc à nhằm sắc nét,0
lồn đâu có . cái gì cũng có nhưng thiếu cái lồn,1
nghe xong tự_ái luôn,0
hiện_tại thỳ là anh độ mua bỉm sữa cho tk tùng hàng ngày . nhưng chỉ vài năm nữa thôi tk cu tùng sẽ lo bỉm với sữa cho anh độ,0
hay à ưii,0
"bao tiền tao cho 1 cái , làm gì vất_vả khổ_sở thế 😂",0
"chỉ cần bi nhiu đây thôi , sông tô li ch sẽ sạch , mũi_dùi dư_luận sẽ quay hướng khác .",0
trần thị ngọc ngân nó đánh con mày thì sao .,1
nó chuẩn_bị dizz thầy thật r thầy ba ơii,1
chửi mà dang trời_đất_nước luôn hà,0
hahaha . tao laoi bai . quyen . sung ban không lung sao chem không duc,0
"tự_do của đế_quốc mỹ_nhân_quyền ra là muốn là nước nào , muốn lắm cướp nước nào đánh tự_do hả ? ?",0
hải_yến con thần_kinh lạy m . chả muốn xem cũng kệ cả họ nhà m nói để thiên_hạ nó điss cho vô mồm,2
nổ quá bà ơi . . bà nổ quá con_cháu bà ăn_xin . ra đường . đó,1
"nho lâm sợ người việt từ nước dề thị_thực , chứ bắt_đầu ngày_mai là miễn kìa đối_với khách châu âu rồi quá",2
thu hít không nghe thì thou bớt khịa dùm .,2
ra luật để vơ_vét tiền của dân_tộc cũng có_thể để bồi_thường chuộc lại uy_tín đối_với hoa kỳ nhưng khó lắm dù gì cũng đã vi_phạm_nhân_quyền,2
địt cụ bọn này con không zề để bàn nữa rồi lắm,1
cặc,1
vui_ghê,0
vậy thì đừng xem 😒,0
nhưng ở việt nam nó có_nghĩa hoàn_toàn khác .,0
óc chó chó mà cũng học chửi ! trung quoc giúp cam bố mày àh !,2
tính sao abe ?,0
đi đám_cưới được không ?,0
trần khánh ngân thôi bỏ đi,0
phương minn giống nhau đến thế haha . nhạc nhẽo nghe như cc,2
"sáng nghe các đài phát_thanh của loa phường ra_rả kết_luận mà nghe nực_cười quá_thể , hoá_ra mấy tháng qua điều_tra các kiểu cũng quay lại giả_thuyết ban_đầu theo 1 phía trường cung_cấp . vậy thì điều_tra quái gì cứ phán_quyết bất_chấp ngay từ đầu luôn đi cho gọn ! quả_báo tới từng người bây_giờ ! nhanh lắm !",1
coi chừg quản_trị nó chào thân_ái và dí đái vào mặt m giờ hỏi như thế cũg hỏi thì dĩ_nhiên là . . oh mà tao cũg đéo biết,1
áo khá xịn xò v,0
"sang đó ráng nói tiếng anh cho chuẩn nha thầy , đừng như_ai đó 😞 😔",0
mồ với cha bọn nó làm_trò_hề tổ dân . . một bè lủ hành dân để làm luôn moi tiền dân . .,1
các anh tiếp_tục thanh_lọc mộ máy lãnh_đạo phát_triển dan dầu nuóc mạnh,0
24h 5tr view,0
thằng này bị cả hội eva bốc scandal mà địt_mẹ thằng add còn cố đéo chịu hiểu mà đăng lên lắm,1
"công_an còn gọi h g , i , a , n , g h , ồ vl c , ó là , ọ , c . tiền công_an còn nhiều đánh_bạc thổi mái hết thì tìm dân c ư ớ p",2
bo cho do chu co do cai cc gi,2
chưa sáng_mắt đâu còn nhiều nữa cứ từ từ mà hưởng_thụ với chế_độ lũ cướp 🤭 🤭,1
"chuyện những con_heo , chỉ những được lừa con bò ! !",1
chao chi dep .,0
quảng_cáo con_mẹ nó quảng_cáo hoằ,1
bọn phản_động đăng tào_lao bà_con nên cảnh_giác,0
"chỉ có dân đen là chịu mọi sự bất_công ở xứ_sở này , tội_nghiệp cho cháu hải 12 năm chưa được theo_dõi cho đúng , tôi xét_xử thấy nhiều việc mờ_ám do con_người cố_tình tạo ra",1
anh trung dại_khờ,0
nổ quá bà ơi . . bà nổ quá con_cháu bà . . ra đường ăn_xin đó,1
đức phạm cái này hay vl,0
z đay la ai,0
bản_chất phong_kiến vẫn thấm sâu vào con_người việt,2
"tôi dong y cung quan diem với ong nhung chua het dau tôi cung chac với ong se con nhung cai tham cao doc hai không bao ngo duoc neu co duoc quyen tôi se tieu diet tau , hay xoa sach het tau , the gioi moi binh yen , toi không phai la người co tai , nhung chac chan bon tau da am muu dung nhu vay dung dung vay",2
chu ha khanh trước h tưởng cả bông lun,0
1 con chó điên đã vào sủa và cắn . .,1
edit sợ_thế,0
cay đỏ dái,1
cứ tưởng thế_là fashion,0
"do bạn ngu thôi , tôi đi 2 lần là được",1
sắp vỡ_nợ rồi cho vay để xù nợ à ?,0
này trần dần già sắp chết rồi nói bậy nói_láo tuổi con_cháu khinh_thường cho,2
thang nay oc no co van de rui ? du me o do ma no nhu thuoc no ! di_lua loc la gioi ! may dung dai chu co ngoi dai dau,1
"nha tien tri cung so virut hay sao , tien tri noi cong san tieu tan ma . noi lao ,",2
nói nói hát hát nhưng vẫn không quên khịa con ba vàng_ngọc 😂,0
câu fame vớ_vẩn,1
"nó đang tự chửi nó , lấy chồng còn sinh con ủa mà nó đẻ được không ta ? vì nó là quỷ rồi lắm ! . . bọn bay thua con chó là con_người thô_tục từ_thiện áp_phe còn phước không ?",1
coi thôi cũng ức_chế vv đm chơi chắc đập luôn,1
mấy thằng chó cộng_sản chắc tức lắm vì người dân đã phá cái nơi cung_cấp cứt cho tụi nó ăn .,2
à khắc việt rủ cách_ly xong đánh nhau kìa,0
lại dỗi,0
vì_thế việt nam bây_giờ thua cả campuchia,1
ủa còn này là con cua hoàng đế rõ_ràng mà,0
chu gia_bảo nước nào có phúc_lợi lao_động mà nghỉ_phép vô thời_hạn vẫn nhận lương để t bay sang với,0
cười chết anh lân ơi ! giải_trí mùa corona,0
phạm quốc_huy chỗ bạn nè,0
chứng_tỏ tụi giác_ngộ cách_mạng đỏ toàn hình người cốt heo,1
"1 lũ đu càng , tụt quần , liếm đít giờ đang chửi cộng_sản bán_nước",2
cưng 😍,0
lúc_nào đi gank cũng đem giáo_án nâng_cấp băng_giá_cả,0
quỳnh phạm 😞 😂 thế còn chờ gì e,0
"như thế_nào andy mmnnjnn ! ! ! ? , , ? , , xmcx cn nn v ckdkxkzkxkpjkohjcjjvjvnvmnkknnloolppl",0
đản đản thứ nl không,2
"đồng_chí nào có lòng tốt ra rước bác về dùm , để đấy mấy lắm con chó nó đái lên thì khổ_thân bác tôi quá",1
ngon cc anh chào em câu đi đốt nhà đấy,1
"vài bữa mà ho như chó sửa , thì bắn mày luôn nha .",2
ai ăn hết của nhà thằng thật dương dương trả cho nó đi bây . thấy nó sủa thấy thương ghê á .,1
sao livestream ngoài đường không 😂,0
bầu_cử qh mà cứ đạt 100 phiếu bầu thì chỉ có_thể là gian_dối !,2
thành cương tết đóng_cửa ngủ,0
chị dễ_thương qa . em ủng ho chị,0
đcm mấy ngày_nay không thấy lũ dâm_loạn viên xuất_hiện,2
"chúc_mừng năm kỷ hợi 2019 , chúc_mừng nhiều may_mắn mới",0
yêu chị . . 😘 😘,0
xã_hội bây_giờ . . công_an làm bố đời thiên_hạ . . chánh_án chịt nhau trong cơ_quan . . dân oan bị cướp đất . . đậu_xanh rau_má . . đất_nước đáng sống . .,2
nhìn không ưa miếng nào,1
xaolol con tinh_trùng khuyết_tật này cái mua không xài được đâu,1
kenny lâm có share rồi đó kenny . từ hồi dịch ế cm đéo có khách luôn . sắm qq gì nữa hụhụ,1
lịch_sử tăm_tối của châu âu được tái_hiện lại burn the witch ! 😆,1
nghe bà này nói_chuyện ốc ác noi da_gà hết sao ma ác_khẩu vậy_mà nói tâm tốt sau_này cái miệng bà này o có với nam một cho roi đó hết la_làng tôi kieu an bà này sẽ co,2
"dương trần cm thế_thì tiền thuốc_men lại đổ xuống sông xuống bể , lại còn tặng thêm tin cho lũ phản_động xuyên_tạc",1
yêu thầy . dấu bé 3,0
thua coan bò mỗi sợi dây là thatt,1
cái đó là thiếu nha bạn còn cái loại đi bắt_bẻ như bạn mà cũng bắt_bẻ ngu như bò ? chính luôn tã là chính gì ?,1
long nguyễn do não m khôn hay ngu thôi,2
tại_sao con_người_mẫu thủy_tiên cũng lừa_đảo mà sao lại không bị bắt .,1
cường sirô mồm thì to khéo ăn_vạ toàn các bố giang_hồ mõm,1
ý_thức như cđb 😀,1
vào đó từ h oke chưa ? ?,0
"phạm trần nhật quang anime đã vào đâu mà đòi rút , chắc có nả hay bi rồng gì thôi .",0
"hải_yến vl chưa xem đã cảm_thấy chán hơn r , thì thôi lạy m 🙏 🙏",2
chúc_mừng thầy,0
ba c đam va toa n dân viê t_nam ta cu ng nhau cô gă ng chô ng đa i di_ch bê nh na y,0
tổng_tài giờ thành tổng_tù 😡,1
âm_tính rồi mà,0
em chồng hà tăng . nhưng cô này ý_thức tốt gấp mấy lần bạn nó .,0
nguyen chắc phát_âm viết với nói 🤣,1
stop chem gio di_chu tran dan oi ?,2
sống chậm thôi cả nhà,0
chó cắn lũ nhà nc việt_nam,2
công_an khôn lắm lúc đánh nhau còn lâu thấy mặt đánh xong rồi mới mò đến lạ gì,2
chuôi con linh love chet chet me no di_người dep oi,2
mấy thằng chó sủa bậy sướng được anh độ cho đi đóng phim,2
sống chậm thôi mọi người,0
"nhnn lại có việc , thằng son đổi usd số_lượng lớn ra tiền việt kìa . dân đổi 100usd thì nó đè ra phạt 90tr , thằng cán_bộ đổi mấy triệu usd có khi xe chở tiền nó lùi vào tận cửa phòng khách . . pháp_luật phân_biệt đối_xử vcl",1
mvp cc gì tầm này,1
ảnh ngầu đấu nhưng thầy rap còn ngầu hơn,0
ấu dâm rất lz hèn dì cô phương linh bốc scandal,1
từ mixi với tình_yêu,0
lon roi an noi mat dai,1
con trâu xanh cái mặt như cái lồn họ d,2
l,1
"quá mất_dạy . đồng_bọn với con bò thái ngọc nhiên ở an_giang . lũ cầu cá móng phèn vô ho c mất_dạy lại tham tiền vô đối bất_chấp sĩ_diện vô chổ làm hộ_chiếu thấy rất nhiều chị_em cá gô bỏ trong gổ chuẩn_bị xuất_ngoại qua . . sing , mã làm diệc j chắc ai cũng biết ngoài bọn như con linh lờ qua hàn , đài chống lầy kiếm lúa",2
ở đấy ngột_ngạt mà còn đi_lại được ở chỗ kia thì đeo có cơ_hội đi như vậy đâu mà ngột với chả ngạt cười,1
"công_an lên làm thủ_tướng nên se ra luật có lợi cho bọn công_an . luật_sư cái chó gì ở vn . tòa_án nó muốn thì nó mời . ghét thì nó đuổi chạy như chó . ngoan_ngoãn nghe lời thì luật_sư có cháo húp , không nghe lời nó đánh trào máu như vụ 2 luật_sư bị đánh . ai đánh đây ?",2
"thằng đéo nào chả dơ , nhưng xanh chín thật hơn bọn thâm_nho nhọ đít rồi còn gì nữa",1
khịa pew vl,1
tùng nguyễn bùny,0
uồi dà,0
"quản_trị thông_minh vl , chỉ_số tia cực_tím cao là do bức_xạ mặt_trời , nếu mức_độ tăng thì do thằng nào xả thải nhà_kính , khí cfc nhiều chứ liên_quan dew gì đến chính_quyền mà chưỡi ? ? v",1
chỉ duy_nhất là xử_lý_hóa_chất tại_chỗ rồi mới cho nước_sạch chảy tự_nhiên chứ không_thể pha loãng mà gọi là làm sạch được . cách này sẽ làm ô_nhiễm lan rộng .,0
hoan_hô lò tôn,2
"khi chế_độ cộng_sản trung cộng sụp_đổ điều này đang đến gần bằng_chứng là làn gió độc của các cuộc biểu_tình ở hongkong đang lan vào đại_lục điển_hình là thượng hải vào ngày 04 12 2019 , vũ hán hồ bắc tháng 07 2019 , thị_trấn văn lầu quảng_đông 28 11 2019 . . thì người dân xứ đông laos sẽ làm gì với bọn cộng_sản xứ này ? ? . . xin xem hồi sau sẽ rõ sẽ có thêm lời bình của mao ton cương .",2
bác_sĩ và người nhận máu 🤧,0
loại này thả nó và khu bảo_tồn thiên_nhiên cho về với giống loài của nó chứ người việt nam ta có cùng giống loài vời hắn được đâu 🙂,2
thang bong gia_ngao da cai lay mieng may nhu cai cau tieu vay do,1
qua,0
bài này không hay ! !,0
jack càng ngày_càng tuột phong_độ ý_kiến riêng,0
danh cho banh cai lon luông con lin loc,1
trym anh độ có gì mà ai cũng xem vậy ?,1
xạo cười dell có gì vui chúng_ta không nên xạo cười 😏 😏,1
thôi ông im mẹ mồm,1
"nó chửi cô minh hiếu là sai , nhưng mà đm tụi m thật_sự rất quá_đáng , nó có xạo hay gì đó nếu không ảnh_hưởng ai thì việc gì phải đập phá chén cơm người khác v , còn việc giá 1 chai nước_hoa rẻ thì tự tụi m phải nhận_thức được nó là hàng loại nào , nếu thấy chấp_nhận thì mua nó đâu ship lại hay lấy dao kề cổ bắt bây mua . còn trần đoàn nên có lời xin lôi tới cô mh đi , còn tđ nó có xạo sài hàng fake hay thật kệ nó , tụi bây chắc gì không sống ảo chắc gì không sài hàng fake nên ai làm gì kệ ngta tạo nghiệp chi v .",2
quản_trị lại sủa quá,1
ở đó mà bán rẻ tâm_hồn . sủa cc,1
nguyên_tắc bất_di_bất_dịch của nhân_dân ta khi tham_gia giao_thông,1
thời mat pháp lắm cái khổ mô phật_khẩu_nghiệp,0
có cái cc cái gì cũng vịn vào khoảng_cách,1
nhà con nhung đầu heo rất giàu hãy bắt phạt nó bồi_thường thiệt_hại . . ko để yên được đâu,2
ghê quá,0
loại này chỉ có đút cu vào mồm,2
"nhung pham ai chê nghèo ngta có tiền đi nước nào kệ mẹ người_ta , nó vẫn mang qtich việt nam thì về việt nam chữa việt_nam đã cấm đâu mà lên_tiếng lm gì . ích_kỷ vl",1
đề_nghị gửi bản ghi_âm cho mọi người nghe lại những lời của cha già dân_tộc việt,0
chị ba làm đéo gì có cười đâu để mà xài giẻ rác_rưởi hahaha,2
trym to,1
khung này ổn_áp không thầy,0
đọc bình_luận mà tức vl 🙂,1
nghe như l,1
trần quốc việt yêu gì dẹp hết,0
bon comcom đơn_vị tác_chiến điện_tử với nhật_ký yêu nước địt_mẹ chúng_mày vào mà đọc . tưởng ai cũng như chúng_mày hết đấy,1
hoàng thị bé six 😆,0
qua_mặt j do fan minh hiếu vô chọc trần đoàn trước chi . chó hùa,2
hahahaha câu_chuyện buồi cười vl cảm_ơn quản_trị có câu_chuyện hài hay thế nhé 3,0
"trời h mà đụng tới bk là mì chết sớm nhe con kia , chết không kịp ngáp , mất_dạy",1
con di_linh công_an loc di cho,2
á_à . .,0
cực_kỳ thuyết con_mẹ nó phục,1
đcm mồm đứa nào thôi dám rủa bác tau bị codonqua .,1
"đề_nghị add cắt ngay chức_vụ fan cứng của mình , và trao cho người xứng_đáng ! mình chỉ xem chùa thôi bực_mình",0
"kk , tôi cười vào mặt mấy thằng khóc khi vl anh_chị_em chết",2
nguyễn_thuận tư_tưởng rừng_rú gì v,1
thanks . . 😊,0
thích thì bố mày nhích,0
bọn này giết người chứ không phải công_an,1
kinh_tế không phát_triển toàn thật thuế với phạt,1
dân có ai chọn chắc thần_kinh có vấn_đề,1
chứ không phải lúc trước đi ra ngân_hàng nói chị ba gửi tiền về cái mặt lên như bà khùng ha 😉 giờ thì bị ba va ng mã_lư a ga t úp mặt vào_cầu_tiêu đi minh hiếu ơi nhu c,2
hồ khang đm câm mồm đi,2
uã . . tuõng su phu đi rùi . . xin chia buòn,0
bỏ hết sĩ_diện,0
ùm thì sao rốt_cuộc m là fan của uống rượu_bia r lái_xe hay_là fan của gái khieu dam,1
xin tên hoạc link với,0
t không nuốt nổi thời_trang,1
thích chị hiện_tại,0
1 thằng con_trai 😲 😲 đouma m cà_khịa tao hả,0
"không phải lổi của csvn tàn_ác mà chính người việt nam tự nhận mình và thích_thú mình là con thú , lại khoái mình là dân nô_lệ . ai thích mình là con ông trời , giơ tay lên . thấy không , im_re",2
cảnh này có_lẽ à rầy quá hầy 😂 😂,0
nguyễn định mất não be like,1
m làm cc j mà đăg cái bài ngu vậy ad ? cho chúg vào chửi ngược à ? ?,2
cố lênn,0
biệt_thự của nude tiger,0
sena cũng có có tuổi nhưng tiuooir lôn,2
có cl chụy mày tin ấy,1
hoàng lân đang ở việt_nam,0
mỗi câu đấy nhai đi nhai_lại trông chán rất lồn,1
bích thoa vậy là hử khói việt nam rồi 🤪 🤪,0
mắc bệnh hoang_tưởng . chắc nó tưởng nó là bố thiên_hạ . nhãi_ranh,2
"quá troi xl , đm bán hàng 10 năm , bớt đi cd oi",2
acridin lê thu sương nhuận huệ cánh hoa_cúc đó nghe,0
mấy thằng lờ bị nhồi não suốt ngày chỉ đi canh bợ_đít cho đám cộng_sản đéo quan_tâm tìm_hiểu tin_tức được mẹ gì vẫn vào bình_luận như đúng rồi,2
cực ky thuyê t phu_c,0
"độc_lập , tự_do , hạnh_phúc hơn 40 năm rồi mà vẫn phải ngửa_tay xin tiền tư_bản a . sao đảng ta tài_tình_thế . .",2
trúc phan hẹn tết,0
bê đê sống thật đi chị 3d,0
dân hà_tĩnh công_nhận lắm đệ_tử của ducangter thật,2
làm nghĩ sao mà bổ_nhiệm ông nguyễn sĩ thanh bct ct tp hn ông vl này có suy_nghĩ cục_bộ kém hiểu_biết tư_tưởng bao_cấp không đổi_mới,0
đúng là con_người mày không có ý_thức dân việt_nam chúng_ta không bao_giờ con cho cái ?,1
mẹ giờ chuyển tháng sau cạp đất mà ăn hahahaha mà thoo t muốn cầm một cọc để xem cảm_giác đại_gia nhue thế_nào tháng sau t lấy đất t ăn cũng được,0
tam tu bi ma mieng thi kem gai,1
ngu người,1
chửi cái đcmm,2
cái mỏ con linh cá_lóc ni giống như cái đít vịt,2
nghe đau quá ẻ,1
bạn ấy nói thì đúng nhưng nó tỉ_lệ_nghịch với cái họ làm nói_toẹt ra bọn đa_cấp toàn nói đạo_lí nên mới nhiều người bị lừa,2
quang nghĩa tính tiền cho anh ba,0
"vậy là còn rất hợp_lý , nhằm nhò gì đâu . mấy ông tướng triều_tiên đeo cả ký huân_chương còn phải theo lệnh cô bé khuôn_mặt_trái banh nữa mà .",0
thôi ồn im mẹ mồm đi 😆 😆,2
paula lưu dân bmay thích pbvm nhỉ sinh_vật,2
duma xem ghê hết cả người 😅 😅,1
nhờ thằng tố_cáo mà khỏi ai thắc_mắc thằng nào là nó mặt heo 😃 😃,1
công_an ở đéo đâu chả thế không được ăn là nó khác đéo j giang_hồ dưới chỗ tôi công_an khu_vực giờ khác đéo j giang_hồ đi đòi tiền bảo_kê hàng tháng ra_mặt,1
nguyễn trọng hiệp chửa thì thôi làm_sao được,0
gửi con mặt lồn nhung17 nhé thật,1
"ân phan không anh cái này là pronunciation 2 cái nó tự như nhau á , chứ không phải bún riêu tiếng anh là burn real đâu nha",0
thâm vl wind field,0
tan cửa lát nhà,0
tóc anh hồi xưa như longlon mọc đứng_vậy,0
"thă ng ve_o lu c bô no phang me no thi me no nghe o cô trên gô i vi phê , thê la đe ra no cu ng ve_o cô theo . đư ng ve_o , ngô i ve_o , la nh đa o đươ ng lô i ve_o",2
thấy hay thì hãy để lại 1 like nhaa 😝 😝,0
đá đấm chi nhận_xét tời 😅,0
quả nhạc thốn đcđ,1
mồm loz adm ns ngu bm .,1
đan thi thao nguyen pham thi thi xanh mặt liền,0
toàn thanh_niên nghiêm_túc_v,0
giọng abe the_thé như con_gái mới tiền mãn_kinh_vậy,0
tây nó tưởng điên trốn trại,2
táo mà không có cô đẩu thì trả có gì xem,0
"nhnn lại có việc , thằng son đổi usd số_lượng lớn ra tiền việt kìa . dân đổi 100usd thì nó đè ra phạt 90tr , thằng cán_bộ đổi mấy triệu usd có khi xe chở tiền nó lùi vào tận cửa phòng khách . . pháp_luật phân_biệt đối_xử vcl",2
thầy cởi quần thịt luôn,0
cũng may là liên_tục phát_hiện được các trường_hợp dương_tính đều chung chuyến bay với nhung,0
rất thuyết_phục 😀,0
láo,1
chỉ là cu ly cho thằng tàu,1
38 42 giờ thì cháu tin bác nằm_vùng rồi,0
bao_giờ tới phóng diên rfa bị bắt nốt để mở tiệc ăn_mừng nè ! !,1
nhanh vl các ông,1
tren xuong toan lu cuop suc sanh cuop het tai san dan ngheo lu suc vat chet xuong 18 dia nguc luat nhan qua không chua 1 ai het,2
hoa của m nè võ hoàng duy,0
"cho cười_phát . những kẻ ngồi ở trời tây , tự_biên xoạn rồi đưa tin .",0
tào_lao,1
bọn con_gái nó vô_tâm lắm anh hề,0
việc của đảng cộng_sản việt nam không bắt chúng_mày lo ! !,0
chị kêu cá_lóc nhẹ lắm . chị phải kêu linh cá_tra mới hộp với cái miệng hô của nó . . kk .,2
con này cũng xàm lồn lên chửi qua chửi lại chủ_yếu nó ăn_tiền nhà mạng . con khùng thúi,2
1 là jason statham,0
lại hội người nhật nói tiếng việt à,0
"giống tuyên_bố của tq , kết_quả vỡ trận",0
ý_thức như kặc .,1
"hay là cái tụi du_côn , cô_hồn các đảng đó là tay_sai của chúng_mày ! ?",2
giong công_an lozz trong lang_fo,1
"không lẻ bất_cứ nước nào nhận lao_động nước_ngoài thì nước đó trình_độ kém ? ? ngu vl . ngành luyện_kim mổi cty mở ra đều đưa nhân_viên ra nước_ngoài thực_tập chủ_yếu ở trung_quốc , vì chuyên_môn yếu với lại thiếu chuyên_cần , bất_cẩn . các nhà_thầu trung quốc hầu_n",1
yêu xa khó lắm 😂 😆 🤣,0
dung la do khung dien gi dau,1
ngày trọng_đại của đất_nước mà_lại vô_ý_thức cho nó ngồi_tù làm_gương cho kẻ khác,0
đeo cái loa vào mồm con gà à ưii,1
thằng bóng khùng chết đói,1
chế_độ này bị hủy_diệt là đúng 😢 😢,2
"ba chuyện mật_ước đó để mị_dân thôi . cái công_hàm liên_quan hoàng_sa trường sa , nhỏ thành đô , . . mới chính là thể_hiện lắm tính_cách , bản_chất của con_người ông",2
vải lờ thầy 😂 😂,2
còn tư_bản giãy_chết m dám nói không phải từ mõm của đảng đi,2
nhắn thêm chữ địt chị mày nữa chất vlon à êii,2
đúng rạch mồm nó,2
giờ không đánh cũng đã khai chính cờ đỏ sao vàng là bọn k . h . ủ . n . g b . ố . cần phải dẹp ngay bọn k . h . ủ . n . g b . ố cờ đỏ sao vàng này ra khỏi xã_hội việt_nam và cả nhân_loại của thế_giới 😉,2
ăn_chay đi la vư a,0
cầu 1 chiều đi nó phạt đúng rồi la_làng gì nữa,0
bao_giờ bọn luôn chó nó chết cùng thì mới không an_toàn,2
vừa xem phim xong quay ra thấy idol đăng ảnh mà muốn đập mẹ cái tivi 🙂,0
"không_lẽ giờ bác mới biết à , chưa nói đến chi_phí cao hơn , chất_lượng thấp_kém . không tin bác đi hỏi dân xem đúng không",0
"ê cho ad . no no i thê t đô c không châ ăn đươ c co gi sai a ? chi ca i lu cho như . . cha me ma_y chă ng ha n , trô n châ t quá đô c va o đê tăng lơ i nhuâ n rô i ke o theo viê c ha i dân thui_nhe",1
"cộng_sản hô_hào , thậm_chí còn khủng_khiếp hơn để tiến lên thiên_đường , giờ tiến luôn mãi mà chưa lên . . rất ủng_hộ tinh_thần của quý_vị , quý_vị đã đạt được 60 sự thành_công , 40 cần phải thể_hiện . đôi_khi hô to chưa chắc đã khỏe đến",2
"hoàng_liên trời_ơi , mày chậm rồi , 20h hôm_qua comeback là t like liền rồi kaka",0
"riết chán cái group vl , toàn dư_luận_viên",0
"nó xạo lồn , thèm chém chết mẹ nó",1
mua ở đây nhé các ông,0
cách phân_biệt thằng ngu ba gà và ba vi thì đúng hơn đó thầy,1
"cho em hỏi dư_luận viên đi ăn có được giảm_giá không ? tiền điện , tiền xăng . . có được miễn_phí không ạ ! 😂",2
bà_ba vàng_ngọc kêu chửi bã mới trả nợ,0
trần trà hi_homie,0
"sân_bay long thành thiết_kế có 2 đường_băng , nhưng nhiều đường tham_nhũng nên mới 16 tỷ usd . vậy_mà cũng thắc_mắc .",1
"nghĩ_lại pháp , mỹ còn cuối đầu chịu_thua cộng_sản thì có là cái đinh gì mà xàm xí hả . nó lui tan dần_dần đi vào zi vãng rồi biến mất vào cõi hư_vô mờ_nhạt kk",0
cái quần in_hệt cái ý_thức,1
game cu lon nay,1
cái loz chị ba có kim_cương rắn hok . .,1
chỉ có những người ăn_theo chứ nhân_dân ai cũng ngán_ngẩm,1
anh_em có ảnh gốc không cho mình xin với,0
cái quần nhìn tục thấy mợ,1
thôn làm của tham lồn còn thôn lầm là do thâm lồn là con_gái mẹ chúng_nó,1
lại cấm giơ nốt áo cr7 nữa thì bố mày cười,1
bảo yến t chửi m láo vcl,2
nguyễn minh thu tránh được covid nhưng không biến tránh được án này không . .,0
nha tin tri say san tran dan sap xuong lo,0
tôi ủng_hộ tô lâm thống_lĩnh đoàn c . h . u . ộ . t để nó gặm_nhấm giúp_ích cho đời,2
thang bong gia_ngao da cai lay mieng may nhu cai cau tieu vay do,1
cô chửi hay quá,0
thôi đi con đi cho nieu mày giao quá mà làm thấy mộ noi đo đi,2
bà hằng giàu mà bị khùng nặng quá 🙏 toàn là dân nịnh,1
"mới làm từ_thiện , hôm_nay đại_gia cái miệng giống cái hầm cầu_vậy , mã cha mầy chạy xe có ngày đâm cột điện nè",1
"thoát án tử thôi chứ đâu có thoát án tù v không chết nhưng ăn quả chung_thân thì cũng vỡ mồm sống không bằng chết , thôi trả lại nhân_dân còn tí sái mà hưởng 3",0
mỹ mời qua gì nhìn thấy cảnh_sát việt nam giỏi quá chuyện gì cũng làm được nhất là cảnh_sát giao_thông còn cảnh_sát mỹ không tài bằng,2
anh diễn_xuất_sắc mẹ luôn,0
toàn chửi ông_bà vô_tội,0
tiên_tri vũ_trụ gì mà 🧨 banh sát vậy cha_nội 😁,0
cậu mạnh cao_nhân,0
cái cân của nghệ_sỹ hài công_lý,2
chi oi ! song binh yen chi oi,0
"giá xăng rẻ hơn vài ngàn đồng , thu_nhập cá_nhân thì thấp hơn vài ngàn đô , thiên_đường xhcn",2
anh sai rồi idol ạ,0
nhật bản hẩy kiện thằng chủ tịt hanoi cho nó biết thế_nào là bố_láo !,2
"thấy thương những anh_em hải ngoại , và thương luôn nhà ông trần dần , thấy tội quá",0
kỷ_nguyên mới sẽ khốn_nạn hơn,2
"sao bằng đông lào , muốn cho heo thật dễ đẻ cứ mở nhạc mr đờm",2
thâm hết cả hậu ! !,1
lợi clmn chứ lợi,1
nguyễn đạt chưa địt_mẹ,0
anh độ mixi chưa bao_giờ là hết deep,0
"quô c sư ơi , như quy nh kho e không ?",0
địt cụ m thành lê nhé,2
cc ne phạt tich quá . chu tao đi .,1
ong noi nay khung khung_ngao da ma,2
"chinh xác cô huế như , một người miền bắc mà nói lên đúng tâm từ của nhắn dân miền nam việt_nam",0
nghe chị nói không . đéo thấy cười gì .,1
phan phan huy bay về núi ở ẩn thôi cháu à 🤧 🤧,0
bạn chả có máu_hóa văn loz j cã,1
thích nhất câu quân cốt tinh không cốt đông của bộ_trưởng .,0
lew lew,0
làm vlog chạy grab kiếm tiền anh,0
"đm nó biểu_tình rầm_rầm đòi mỹ cút khỏi okinawa kìa v nhật bản_chất đéo khác gì mỹ , mạnh 1 tí là đòi đem ánh_sáng đại đông á soi_rọi cho các dân_tộc man_di_chả khác buồi gì mỹ ban_phát dân_chủ cả , có cái đánh nhau thua nên chịu nhục vài chục năm , bây_giờ xe_tăng , máy_bay thế_hệ 5 , tàu sân_bay núp_bóng tàu chở trực_thăng đóng ầm_ầm kia , chờ mỹ cút là vinh_quang nhật bổn lại chiếu rọi 5 châu ngay v",2
oke thì du_học_sinh úc v,0
địt_mẹ chúng_mày bình_luận lịch_sự chút đi . . 😁 😁,1
"những thằng l đạo_lí , thường sống như lắm nói",1
ủa bác nghĩ ở mỹ ngon_lành và thân_thiện hơn việt nam hả,1
"tơ giâ y đê ghi pha t đa in ma u , đo ng mô c da n tem tu m lum ma pha t co 20 nghi n , khô",0
"nail là 1 nghề như nhiều nghành nghề lương_thiện khác nhưng dưới bàn_tay đen_đúa luôn của tuyên_giáo nó thành 1 cái nghề thấp_kém , hạ_đẳng . nghề hiện_nay cũng để kiếm sống , nuôi sống gia_đình , phục_vụ xã_hội cộng_đồng không phân_biệt giàu_sang hay thấp_hèn . bản_chất của cncs là bình_đẳng bác_ái nhưng những nào họ đang thực_hiện hoàn_toàn trái_ngược .",2
yến giang vào mà học_hỏi nè con . mày chưa đủ trình đâu 🤣,1
chi ba rê qua,0
khéo nhung lại bị người khác lây sang 😂,0
à làm e nộp đơn xin nghỉ_việc cmnr và cái kết dkmn rồi sml ra cực_kỳ thuyết_phục,1
đất_nước không phải của riêng một đảng_phái nào,2
năm mới zui zẻ nha mọi ngườii,0
du_học_sinh úc đâí 🤣 🤣,0
không biết là 10.00 công_nhân hay 10.00 lính .,0
cẫm tiền hoi trễ ời . ngủ đi . ngoan . không thôi giận á,0
"nói là một chuyện , thực_hiện là 01 vấn_đề . cứ nhìn và quan_sát tang_lễ cố tbt nguyễn phú trọng là đủ hiểu tình_cảm của 100 tr người dân việt_nam với vị lãnh_tụ đáng kính . còn thằng nào cười thì kệ mẹ nó .",0
anh là tấm gương sáng_giá . . người có trách_nhiệm . . thật tốt khi ai cũng có ý_thức được như a . . thì bây_giờ facebook đâu có cái tên nhung nữa . . người nổi_tiếng của năm,0
bóng_gió sao nó hõn thấy ghê đã là người không được may_mắn sao không biết tu bớt để an_nhàn tâm_hồn cứ sân si bởi_vậy làm ảnh_hưởng đến cộng_đồng người đồng_tính đa_phần họ hiền_lành dễ_thương mà sao đám quỹ chửi mất_dạy quá conquy già kim ngọc ngọc hiếu sao không biết nhục mà chương mặt ra,2
nghe nhiều ô trần dần thuộc luôn cả sấm trạng trình . . ô không bjo làm anh_em thất_vọng . chúc ô trần dần nhiều sức_khỏe để mang lại niềm vui cho mọi người,0
"ở xứ thiên_đường an_sinh xã_hội như cc nên nghèo_đói bệnh_tật cũng phải lết đi làm đủ thứ nghề kiếm cơm không thì chết đói , . ông này nhưng cũng đừng đổ hết trách_nhiệm lên người_ta như_vậy trách",1
t ghét bây_giờ quá . muốn vỡ không được,0
quản_trị méo biết thì thôi . tầm nhìn nhà cơm sườn nó phải 100 năm nữa mới thấy cơ,2
tướng chạy bần hơn cả black bi nữa thầy ơi,0
"đồng_lòng , đồng_tâm và đồng_ý_thức nữa ạ 🙄",0
lanh dao nuoc ngoai noi nhung cau noi tro thanh kinh dien . con lanh dao việt nam noi toan nhung loi vo van . vn tôi khi nao moi phat trien day .,2
chả liên_quan nhưng sinh xong e bé như con tự kỉ . . được bà chị đọc cho nghe bài của thắm mà cười_rung_rốn ! ! thấy thoải_mái hẳn như tìm lại chính mình ý . . tks page nhé 😍 😍,0
trần dần đã giác_ngộ lí_tưởng của đảng,0
không phải cha_mẹ bé mà đau_lòng quá . cộng_đồng mạng hãy theo sát để vụ lắm này không bị chìm_xuồng cho đến khi tên súc_vật này vô tù,1
con bo ng ngu ngu c minh hiê u,1
nghĩ đến chỉ muốn băm con chó đĩ ấy trận,1
"thât tiếc , , nguời thì đươc cả nước việt nam muốn làm đời_đời kiếp kiếp vì quá tốt cho sân thì lau về_vườn . nguời thì cả nước nguyền_rủa thì vẩn tiếp tuc , , dân đành bất_lưc",0
kí nó vô đâu nó,0
mấy vcl thằng lắm liệt não,1
tôi hết_sức quan_ngại về chn này . . dm . . tôi ngày cứ quan_ngại,1
abe 6 vú,0
tao nghĩ con nhung nó thật không_những lây_nhiễm virus mà nó còn lây_nhiễm sự khuyết_tật về não và ý_thức như buồ . i,1
cảm_ơn các vị lãnh_đạo đảng ta đã tạo điều_kiện cho những đứa trẻ như con của tao vừa sinh ra đã mang nợ trong mình .,2
"cần infor mấy thiên_thần thiện lành này , 🤦",0
ở nhà mong thủ_đô khỏi bệnh đi học mà buồn quá trời,0
tất_cả vì mấy thằng bụng phệ óc chó mỡ quản_lí thôi .,1
chửi ý_nghĩa đấy nhưng đéo xoay_chuyển được j khi nào dân đéo ngán nữa thì ắt có mùa xuân,1
mọi người đừng ns này ns nọ chị ấy . khẩu nghiệp mag ts tụi bây quả_báo đấy con ạ .,1
"chắc là muốn quay lại với người cũ , hay chỉ là quay lại với những kỉ_niệm đẹp những cảm_xúc xưa đó .",0
học chôn chất_thải độc_hại gần nguồn nước cho dân dùng nữa nha,1
ức_hiếp lắm thì giỏi dân !,2
nhị thắng cực địt cười mẹ mày,1
cộng_đồng mạng việt nam ơi day cho nó bài_học,0
ohh shits,0
đấy là quân quốc dân đảng đến bắc việt để vũ_trang hoá quân nhật,0
shaco phá nhà hay phết thầy ơi 😂 😂,0
"bọn ricon toàn ngu học , thắng nó nói bố fifa lo vậy sao trận gặp psg vl thì bố fifa đâu chúng_nó không nói ?",2
"giờ ngân_sách thu được ở địa_phương nào thi chỉ chi_tiêu cho địa_phương đó . saigon là nơi nghèo_đói , vì bị bọn mỹ ngụy_kềm kẹp , bóc_lột lâu năm , được cộng_sản vào giải_phóng , cứu đói , cứ để cho nó thu bao_nhiêu xài bấy_nhiêu . không đủ chi thì kệ saigon , cho nó chết !",2
nhục_nhã quá nếu trong_sạch thì không để phương hằng trì trích,1
nhờ ơn chị nhung cả nước hoang_mang .,1
như thật cười ba anh,1
những thằng liếm no nó chuồn rồi !,1
chúng_nó ăn ghê vạy . . chứ đè đầu bắt tù ngay thằng nào dám dành ăn với nó lắm ! cho_dù là bán phở !,1
fake,0
"quản_trị no i đu ng , co n như ng thă ng pha n ba c ơ đây toa n la lu vô ho c no i la m đe_o gi",2
tóc em càng dài càng quắn anh thế thôi ha_ha,0
luâ t pha p nhug cug phai co tinh người chư,2
ra luật để vơ_vét tiền của kỳ cũng có_thể để bồi_thường chuộc lại uy_tín đối_với hoa dân_tộc nhưng khó lắm dù gì cũng đã vi_phạm_nhân_quyền,2
con đi gia,2
chất thực_sự . bộ_tộc hay nhất stream,0
sebinz v,0
"phí tiền thuế quá , đất_nước còn nghèo mà chúng vẫn phung_phí tiền của dân",0
đm . tao là công_an thì tao có quyền nhé . đm quản_trị phản_cmn động,1
ducc huyy bớt ảo dùm 😏 😏,1
"chưa ra đã thấy chán hơn , ngáo đét",1
bên kia bệnh_viện tâm_thần nghỉ tết à,1
hôm_nay em nghĩ,0
bãi cức nào cũng có dấu răng của quản_trị,2
bốc họ chăn gái,1
can bo giao duc pho cap thi bao việt_nam da xoa mu_chu va hoang thanh pho cap thcs thpt .,0
càng ngày_càng tệ,0
"không sợ cr không chấp_nhận , chỉ sợ nó cười vào mặt mình ý",0
nhục chưa ? sở dl hn còn hay giải_tán rồi mà dân gọi cả ngày mà không lh được là sao ?,1
ở việt nam có 2 thằng trung khựa thì ác với việt nam còn thằng hàn thì coi_thường khinh việt nam thì kết_quả là,1
bọn kia đi đập chết mẹ dân rồi nhé,1
thích bả ghê_á,0
cực_kì thuyết ph . .,0
"gia_đình này rất gay_gắt , có thái_độ phản_động",0
"trong nước thì hổ báo_cáo chồn , bước ra ngoài thì như con chuồn_chuồn ngơ_ngơ_ngáo ngáo",1
nhìn mặt cô bé phóng_viên như_thể sắp bợp cho ngài lãnh_đạo 1 tai cho chừa ngu người . .,1
bọn đảng cộng_sản thì đéo chết đâu . người vì cộng_đồng thì chết . vl,2
ông giám_đốc này chắc là sản_phẩm của cắt đôi bcs,1
"mua đi , được dịp têt này thôi",0
lỗi không phải tại anh đâu mà là tại mấy anh công_an không xích anh được sớm hơn thôi chứ bên vũ hán anh vào lò lâu rồi,2
lê_chánh huy vl nhật văn mình dữ v 🤣,1
thầy mà là gia cát gì gia heo thì có,2
họp giao_hợp,0
mu này tởm thật,1
"lên youtube xem cho nhanh , mạng như l",1
chi ba loi vang ngoc,0
kha nguyễn cho xin video bạn ơi,0
"93 nguyễn tao theo_dõi linda từ 2013 tới bây_giờ rồi chứ không phải mới_đây mà biết hay không biết , tụi nó bình_luận ít có xàm lồn quá nên bị chửi là vừa , rồi nói bình_luận khen mà cũng bị chửi là do tụi nó bình_luận khen trên đầu trên cổ người_ta đm ai không chửi",2
"tạm dừng dùng facebook làm gì anh ơi , mặc_kệ miệng_lưỡi thiên_hạ họ nói gì thì nói , đâu phải ai cũng là người trong cuộc đâu . vì_vậy anh hãy tiếp_tục sử_dụng facebook đi , để còn biết trên facebook anh đang bị cđm chửi sml chứ",2
phương noble s e nhuộm màu rồi nhuộm đen lại hk giống tóc đen của e đâu,0
idol . viết vậy là chết con đĩ mẹ người_ta rồi,1
mình đâu có đổi tên vậy chời,0
nhìn có vẻ vô_lý nhưng rất thuyết_phục,0
chơi thâ đi con cho đê người dân thâ y bản mă t facebook t cu a ma_y vl thă ng cho,1
chậm cái đcm chúng m à nhai chán đéo mãi vl à,1
nói í thức như đầu buooi thì lại tự_ái .,2
bẩn_thỉu vll nhưng t_thích,1
"vài bữa mà ho như chó sửa , thì bắn mày luôn nha .",1
hà_phương của m,0
"trẻ_con giờ vẫn nói với nhau là thằng xỏ_lá , vị_chi là được 50 năm 10 tháng",0
dfs,0
chị 2 của thằng phúc ox đó bà_con . . cho em lạy chị 1 lạy,1
cố_gắng làm cái giải chơi chơi về nha các à ưii,0
con mụ thần_kinh,2
bộ phim triệu view,0
mấy thằng trong soha đéo biết tốt_nghiệp xong cấp 3 chưa nhỉ v,1
này là đế_quốc quẫy muốn chết chứ ở đó rẫy chết,2
nguyễn sơn tđn ghét thầy ba thế à mà tút cu nào cũng thấy bình_luận,1
chuyê n tâm_linh đi t lô đi t tư ba ga,2
vu bạn ghi y chang thế nó tự thành vậy đó,0
theo tiêu_chuẩn cán_bộ thì tbt không cần biết tiếng anh . còn tiêu_chuẩn gs ts thì phải biết tiếng anh . thật khi ở nước_ngoài đại_diện quốc_gia phải giữ bản xắc dân_tộc .,2
gr nhảm cười chuyên soi_mói đời tư người khác câu like,2
để xem tụi bây vui được bao_lâu,0
"no more korea , no more eu 😭",0
thằng chó đó là thằng nào vậy ? ai bjk cho thông_tin coi,1
đang họp và sẽ rút kinh_nghiệm sâu_sắc,0
"các bác ấy đầu_tư gì cũng được miễn_là sapa phát_triển nhiều người tới sinh_sống , nhưng mà phát_triển xong sapa không còn sống được rồi cả bộ_lạc đi tới chỗ khác phá là không được .",0
cùng mấy con sồn_sồn . đầu không có_học toàn tần sóng như nhau,1
thời_đại rực_rỡ,0
vậy nó có ảnh_hưởng gì tới cộng_sản chưa ?,0
"ối , cái động của những kẻ bại_trận , luôn hậm_hực ganh tỵ với sự phát_triển của đất_nước đây sao ?",0
"mỗi ngày thêm 4,5 công_an thế này thì chết à",0
"hội bảo_vệ trẻ_em phụ_nữ tiêu tốn ngân_sách 1 năm bao_nhiêu tỷ , có làm được trò gì không ? bao_nhiêu luôn trẻ_em bị bạo_hành , lạm_dụng , phụ_nữ bị hành_hạ đéll bao_giờ thấy hội thối đấy ra_mặt bảo_vệ",1
hi_vọng bác không bị nhiễm phóng_xạ như bác thanh .,2
ý_thức kb so_sánh với cái thứ rác_rưởi rưởi gì luôn 😣 😣,1
"nguyen cuong lên google search thảm_sát mậu thân 1968 , để biết tội_ác vc .",2
nhưng ngươ i ha n không biê t kiê u da ng đo ơ việt_nam co mô t ý nghi ghê gơ m,0
tại c t chân_thật quá không quỷ ma giống m,1
con quỷ lùn,2
sống như lồn ok,1
việc đéo gì phải nhường_nhịn quyền_lợi của mình bị xâm_phạm mà,1
"nó là thằng cuồng cánh tả , lím balls biden bác êi ! cái gì dính tới trump và elon nó cũng vào chửi thôi 😆",1
tôi cũng dân bắc kỳ mà thấy thằng dân bắc này thật hành_động cũng khốn_nạn quá nó mới chửi như_vậy,2
thanh_bình đừng quan_tâm,0
người_ta đổi phong_cách mấy người cũng chê âm_nhạc cũng đổi . vd nhạc lần này ra giống thể_loại mà jack thành_công năm cũ chắc cũng vô chê nhạc có một màu không tiến_triển,0
chui lu viet_nam da roi tôi chui bac ky . troi . .,0
giàu mà ăn_mặc lạ_lùng ghê không bằng ăn_mặc quê_mùa như mình,1
võ cẩm loan bớt khẩu nghiệp đi bạn nhé . tại ương xóm đến với bạn đấy,1
lê trần vũ bảo rồi rồi biết là m à kay rồi than nhiều quá 😘 😘,1
"phải trừng_trị thật nghiêm loại ngông_cuồng , vô_ơn , mất_dạy này 😊",1
hồng hiền z ó em,0
nhiều người nỗ_lực từ lúc đầu_thai nên sinh ra đã ở vạch đích 😂 😂,0
mcvmedia may dung co so sanh lisa tôi do di cho,2
c sửa riết nhìn như bị hư,0
à già tộc_trưởng hết thời rồi,0
học_trò_cười,2
"đụ má tao ghét cây ghét đắng mấy thằng dư_luận viên vcc , tụi bây ăn cái lồn què gì mà đi bợ_đít vcc_vậy , bợ_đít tụi nó vậy ông bà_già tụi bây chắc tự_hào lắm",1
trả fan cứng lại cho iem,0
chơi vậy ai chơi nữa v,0
thì bjo nó vẫn chiếm đó thôi giải_thích để tỏ ra mình ngu hả,1
sam và so khác nhau ở cái đuôi,0
978781847,0
chuyen gia vu tru thi phai doan trước duoc dich cua nuoc my chu ? sao lai phai mua gao du phong . chung to chuen gia vu tru nay oc dac .,2
làm cái đéo gì thì làm đừng để người_ta nhắc đến việt nam là gắn với từ ăn_cắp,2
anh lại xạo loz,1
tien tri gì nói_chuyện không đâu ra đâu . lạc_đề mấy chục lần vậy ô noi .,2
về còn linh cậu diệt dành cho dien,0
"vẫn mãi là một nước đang phát_triển , và lạm_phát ngày_càng cao",0
dành cho anh_em nào muốn test zô lấy link tải bản china,0
"sao chi ba , có hàm rau , ngô quá",0
bã mướng con bóng già nào chửi chị á minh hiếu,2
có ai chờ mãi tập này như tôi không,0
loại người này vô_học ai mà làm_ăn với lũ vô_học này thì cũng một lũ như nhau,1
bạn chả có tí hành_kinh nào văn_hoá cả,1
trần vinh về nhà mà giúp mẹ giúp cha ở đây thuyết_phục cái mả cha nhà mày,2
thằng quản_trị ngu sao không chửi nữa đi . để mọi người biết mày ngu,2
"trần dần đã tỉnh trở_lại , đã nhận_thức được sự_thật lịch_sử và nhiệm_vụ của người việt nam hiện_tại . . chúc_mừng ông đã trở về với chính_nghĩa tổ_quốc và dân_tộc",0
to lam p . h . a n . a . t việt nam roi,2
cường sirô khắc đông lào 🙂,2
em thích,0
địt_mẹ việc gì rồi cũng đến tay tao sói said,1
cắt đất tsn mở sân golf giờ quá_tải mở sân_bay long thành hốt 2 đầu lãnh_đạo quá sáng_suốt .,0
cái này gọi là si đa mà xong pha đi hiến máu,1
công_an là xã nơi vl nhiều cái chết bí_ẩn nhất,2
nói_chung là ở xã_hội này tai điếc mắt mù là an_toàn nhất . mất_trộm hay cướp thì cứ nghĩ của đi thay người sẽ không ảnh_hưởng đến sức_khoẻ và tinh_thần của bạn,0
lại là con mặt lồn nhung rồi,1
cái ổ chuyên truyền_bá thực_hiện cái ác suốt luôn hàng thế_kỷ . bây_giờ cảnh_báo đi phê_phán bày_đặt về cái ác .,1
nhìn chú gầy đi nhiều quá . tóc thì bạc . khổ_thân .,0
"oày , chức_quyền đều mua thì biết cái quái gì mà bảo sao không phát_biểu theo kiểu ngu học thế được . mang_tiếng giám_đốc sở xây_dựng mà một_tí chuyên_môn nghiệp_vụ thì cũng dần_dần hiểu ra bỏ bao_nhiêu là tiền cho cái chức đó rồi đó . phát cho bé 1 phiếu vì sự ngu_dốt của bé",1
cứ có tiền là muốn lz cũg được à,1
thằng lồn này chỉ biết tham mu chứ biết cc gì,1
từ xưa đến nay chưa hề nghe ai trong cương_vị tbt nói câu này cơ_quan nhà_nước chứ không phải nơi ẩn_náu của cán_bộ yếu_kém mợt câu nói nổi_tiếng của tbt tô lâm trong cuộc cách_mạng tinh_gọn bộ_máy từ tu đến địa_phương .,0
nguyen hoang quoc bao đoan_trinh hình cánh hoa_nhe,0
chỉ biết thốt lên 2 từ trìu_mến . . đụ má !,1
nay ông nói hay,0
cô ba vàng_ngọc cây cầu trong háng,1
mấy người được truyền máu sau khi nghe tin thật 😂,1
bê đê sống thật đi chị 3d,1
"có vừa đâu mà khóc_lóc , nước_mắt giả_tạo như nước_hoa vậy đó",1
"thiệt việt nam mốt thành cái ổ trộm_cướp_giật đồ hết , tha_hồ trộm đi , nhà_nước bảo_vệ cho",2
bọn cặn bả xã_hội,1
hi_vọng luôn nhung mau khỏi và sớm đoàn_tụ với tổ_tiên !,1
giống thầy ông nội vây 😀,1
trương duy lz mẹ,2
con_người sao lại như_vậy ?,0
2 thím kia mắt có bị làm_sao không . có thấy chửi câu nào chưa,0
đây là 1 câu_chuyện buồn,0
thay im me mom_di,2
ông trần dần còn sống là t vui r,0
"nha tien tri thật cung so tri hay sao , tien virut noi cong san tieu tan ma . noi lao ,",1
chắc có từ thời còn bộ_trưởng bộ c . a tại bộ này mà làm thời đó thì thôi phải biết lính quèn còn có tỷ đô huống_chi là bộ,2
nỗ_lực làm phò . . cao_cấp à ?,1
chị ba ơi chị thiệt là đẹp gái . mà chị có hai cái hòn_dái .,2
cô ấy ngồi gần khánh chị bị dìm hàng nha cô ấy như bông hoa tươi,0
giờ chỉ cần bầu một người thôi làm được_việc như thằng tổng_thống giỏi nước phát_triển còn lại chẳng phải bầu thẳng nào một thằng giỏi thì cả bộ_máy nó sẽ các,0
tầm tuổi này là đa_cấp và mấy bọn bên cam nói là tin tâm thật tấp,1
lâm chí khanh nói_chuyện nge mắt mệt,0
con nay nhu con dien,2
"đáng_đời cho bậc cha_mẹ , bị vậy là đáng lắm lũ người lớn_tuổi lỗi_thời cổ_hũ",1
con này là bê đê bong lộ xấu gớm . . xấu xúc_phạm người nhìn . .,1
bát mì của anh chắc em tích tiền ăn sáng 3 năm mới đủ,0
ngô tấn hưng địt_mẹ . nói đúng còn nói bự,0
đập chết cmn luôn,1
mấy thằng trong soha đéo biết tốt_nghiệp xong lắm cấp 3 chưa nhỉ v,1
"tuổi 17 bẻ gãy sừng trâu , lên 18 thì càng lên level . đề_nghị các bạn đái nhẹ , ị khẽ , địt duyên ! khéo lại bể tường . . 😓 😓",1
đúng rồi . chứ không phải do mấy thằng bụng bầu rước giặc về diệt chủng đồng_bào đâu,2
chó việt cộng lo ăn cứt chó tàu nên đâu quan_tâm phù với chả xa,2
"phí vai lin ra , thgian bố đợi có khi tán đổ con khác mẹ roii",1
độ à sao à không_thể mặc vest cho ngầu v à,0
"thì đây là thày giáo thật nếu có_lẽ cần phải đi khám bác_sĩ thật , đầu_óc chó ông này đang có vấn_đề .",1
"cô nói_chuyện ngọt_ngào dễ_thương quá , nói_chuyện nhỏ_nhẹ không đanh_đá",0
hình_như thằng này là thằng muốn ăn_gỏi mc phan anh đây mà 3,1
bao_binh mấy người hay nói đạo_lý thường sống lỗi phải không bạn ?,2
quản_trị đánh_rơi não trước khi đăng bài này ?,2
thầy . . vụ này sao thầy,0
nếu bò viên cá viên ăn nhiều ngán thì về việt nam há mồm ra bảo_đảm dân việt_nam sẽ biến cái lỗ mồm ông thành cái bể_phốt . và ông chỉ cần nhai thôi không phải làm gì hết . 😁 😁,2
from cà mau with love ! !,0
xạo lồn quá chị ba ơi,1
đề_nghị nhà chức_trách tóm gọn một kẻ để làm_gương,0
quản_trị ngu không biê t xem thơ i gian hay châ m tiê n so vơ i thơ i đa i vâ y ? tư thơ i ky na o ma_giơ lôi lên,1
hát bài corôna là được r,0
thằng nào nói_láo cả nhà nó chết .,1
1 pha backdoor của shaco làm abe cay_cú,0
tuy hơi ác nhưng tử_hình mới dừa lòng vl t ý_thức như b,1
lon ma m nka,2
quang minh best xiaolin v,2
cái mỏ l n trong làng hài_khẩu nghiệp !,2
trung thầy giá thẻ bài,0
áo đẹp vậy anh be,0
giờ là tới lúc bọn chúng trả_thù người biểu_tình,2
phải bỏ_tù cả hai lắm,1
thật_ra đu càng tốn cả triệu đô . chỉ có ở bọn cộng_sản quan lớn tham nhủng . đưa gđình và con_cái du_học định_cư sung_sướng . chứ bò đỏ umê bưng bô làm gì có cửa đu . chỉ biết làm con chốt_thí cho giặc tàu . . ha_ha,2
"không tin bài đúng hay sai , không phải ông đ l t mà nhiều ông đã chờ chờ ra đó cần gì phải nói 4.0 đinh_la thăng , đừng đánh mất long tin từ nhân_dân lắm , nhân_dân thời đến 5.0 họ biết hết thấp cổ bé họng thôi , dân nói mà được thì quên đi giờ xã_hội khác nay nhiều rồi",0
minh hoàng nó lại top ms ghê_vl,1
ông thầy này muốn ngủ gầm cầu lắm rồy nè ! !,2
tùngg ngố cl,1
cái loz chị ba có rắn kim_cương hok . .,2
nhìn quả quần muốn tụt mẹ nó xuống 🤨,1
cảm_ơn các vị lãnh_đạo đảng ta đã tạo điều_kiện cho những đứa trẻ như con của tao vừa sinh ra đã mang nợ trong mình .,1
"trần dần vẫn u_mê lắm , vn là một nước hoàn_toàn độc_lập về chính_trị . . không một thế_lực nào có_thể ép việt nam nghe theo .",0
ha truong quần què j v,1
nhà tài_trợ chính cho k atm cao_lãnh mang tên dj chip,0
"né rồi sao mà học , học ngu sao",0
đ icm,0
xin nhà tiên_tri cho biết liệu trong đại_dịch covid 19 này lũ 3 ccđ tại hải ngoại có_thể miễn_dịch không ạ ? và nếu bị nhiễm dịch thì lũ 3 sỏ lá sẽ đổ lỗi cho cộng_sản hay do sự chủ_quan của chính_quyền mỹ ?,2
"trời đụ nhìn là muốn tung sml từng con . chạy xe như bố đời , ỷ mình là đàn_bà thì cái gì cũng phải nhường hay sao !",2
cần thuê con bmw 523i 3 ngày 2 đêm để lấy_lòng gđ bạn gái . . gấp 😞,0
đêm nay ngủ đất luôn,0
phía sau là nụ cười thoả_mãn,0
"ông khác với các vị tù khác ở chỗ là ông thật chẳng khổ như họ ở tù , quan_chức , tù cũng sướng . . có trà bưng nước rót ở ở phòng riêng , người_nhà vô chơi thoải_mái . .",1
"đơn_vị là nhà , cán_bộ cộng_sản đều là anh_em",0
mệt đầu với đó nhỏ râu tụi lắm chúng_nó bênh bất_chấp luôn 😂,1
vào link xem mẫu mọi người nhé,0
trần thị ngọc ngân nói phải uốn lưỡi mới nói viết phải động não tay nhanh hơn não !,1
quản_trị ngu như 1 con chó . . xh nước nào mà không có cướp_giật lắm . . chẳng_qua là kéo_giảm chứ làm cc j hết tuyệt_đối . . mày ăn cức nên não mày không phát_triển hả ad ! !,1
thời_buổi nào rồi mà còn yêu_đương . ăn_học không lo . yêu yêu cl,1
"xin cụ bảo_trọng , nếu cụ chưa muốn về tái_sinh để làm vua trẻ ở một thế_giới nào đấy !",0
phắc ộp ! dmca,2
chặt bỏ chứ để làm gì,1
"vẫn biết là cái gì cũng không_thể tuyệt_đối được , nhưng nói như vậy hoá_ra người_ta mổ chết là do thiếu may_mắn à . địt mịa chúng_nó nữa , làm đéo có trách nhiện gì cả , mổ thì chết người , tiêm phòng trẻ_em cũng vậy . . . định trốn_tránh trách_nhiệm đến bao_giờ . bảo sao người_nhà hành_hung bác_sĩ . làm_ăn tắc_trách vậy bố thằng nào chịu được",2
còn này thật hoc,1
trung đầu bùi,1
"quản_trị nói đúng chứ sai gì , bạn thể_hiện điều gì mà chính_quyền làm để hỗ_trợ người dân đi ? hay cũng chỉ làm_ngơ",0
"ngta có tiền đi đâu kệ ngta miễn_sao tuân_thủ theo quy_định nhà_nước thì thôi , sân si vừa vừa",0
dương cao thắng hahaa 🤣,0
hoàng vân nhớ không lầm chị ở cầu giấy 🤒,0
vl anh ơi 🤣,1
anh_em đang bình_luận và xem đéo được,0
làm cán_bộ nhà_nước . hãy nhìn thủ_tướng ph minh chính . đi đến đâu dân họ vui_mừng phấn_khởi . chủ_tịch vậy không ổn rồi .,0
k atm có phải công_an sĩ méo đâu mà cho vào đây 😂,1
mặt như buê đuê ấy nhể,1
âm_nhạc có bao_giờ chán,0
ok như 2 giọt nước,0
có lột cả lắm va_li ra như thế kia không,1
cười con điên,2
hóng thầy 3 làm 1 số clip về pubg,0
"ờ thảo_nào cứ cán_bộ , công_an là bụng phệ vl . ! ! 15tỷ usd bay đâu không thấy .",1
nghe giọng nứkg quá abe,1
chị ba vàng là chị chó phèn à cười,2
xem clip thấy phẫn_nộ như này mà tha được sao ? xin_lỗi gì cũng phải diệt,0
quỳnh phạm sao nào hơ nì ?,0
tien lắm loc truong bạn ấy l,1
"cho không mat duoc nga voi , nhung chi 3 an cuc duoc do nha chi 3",1
"cái đmm nhé ad , đừng có vơ đũa_cả nắm , ăn cứt cả đống nhé con . 4.5 tr đảng_viên không phải ai cũng xấu mà để m nói cái giọng của loại chó đấy . cái page chó bẩn ngu_si này . m ra xem ngoài xã_hội đầy đảng_viên vẫn nai_lưng đi làm để nuôi đầy cái giống đéo ph",2
kê ông no i co sao đâu . xa xi choet thôi kk 🤣 🤣,0
"không có bồ cũng không sao , không đẹp mới có sao đó , mà hổng chừng không có bồ là do chưa đẹp chưa tự_tin nha , vô đây để biết thiếu chỗ nào tân_trang chỗ đó liền , không có bồ thì vẫn phải đẹp và tự_tin đúng không mấy chế , link nè",0
"nhà sản thích tấu hài , tuyên_giáo luôn mị_dân",2
tội bác hồ . toàn cải_tạo thayy 🥺 🥺,0
cháu còn nhỏ đừng xạo loz theo bố cháu nhé tùng,1
"cán_bộ tham_nhũng bị bắt tại_trận cho hay ai thề nấy chịu , tôi không có thề nhé !",2
thằng ngu long trần nó biết cái gì đâu,1
độk tài tự tay bóp d . á . i,2
vô_cùng thuyết_phục,0
m pk luôn thầy ba giống con gà điểm nào không thao hoang,1
mất mẹ cái kềm để kiếm cơm,1
nhìn cái mặt thớt đã biết tại_sao thớt nói bình_luận như_vậy . anh_em thông_cảm người khuyết_tật tí đê,1
quảng_cáo khá tinh_tế vv,0
dừa lắm,0
cái mỏ lồn,1
mọi người đừng ns này ns nọ chị ấy . khẩu nghiệp mag ts tụi bây quả_báo đấy luôn con ạ .,1
bà thái anh văn rất giản_dị và gần_gũi với dân nhưng rất kiên trung_kiên_cường trước kẻ_thù bà là tấm gương sáng cho rất nhiều đứa hèn với giặc ác với dân luôn tham hơn tâm soi vào để thay súc_vật đổi tính,2
"đúng rồi , toàn bọn rẻ rách , cặn_bã , ăn cơm ăn cức của việt_nam mà mở mồm ra là chửi sằn bậy ! !",2
trần sinh đức suy_nghĩ như đầu buồi,2
"bố thằng quản_trị ngu . thế có cậu du_học_sinh việt chết ở nhật . gia_đình cũng chạy_vạy khắp nơi đóng đủ tiền để mang xác về thì sao ? đăng bài nên lắc não trước nhé , hở tý là bỉ bôi",2
thằng zô zăn hoá,1
trư bát giới đã viết anh_em cho sập cmn đi,1
bắn_tym,0
lon roi an noi mat dai thật,1
ngữ_văn qua làm kinh_tế . chắc làm_bằng thơ như tố hữu,0
bao_giờ bác dần mới live stream ? ?,0
việt nam giờ luật con_mẹ nó rừng hết rồi ! !,1
"haizz thật_sự thì chúng_ta cần có một tổ_chức chuyên_nghiệp của nhà_nước để trao giải_thưởng và giúp_đỡ cho những người có tài_năng , nhà_nước và nhân_dân cùng hợp_tác , cùng phát_triển phát_minh của một nông_dân hoàn_toàn có_thể thay_đổi và giúp_ích rất nhiều cho cả đất_nước chúng_ta đang bỏ phí 100 triệu bộ_não",0
thái vũ như_thần,0
chúng_nó soi_mói từ công_an si đi đái . . ngủ_gật . . lộ vếu . . còn tin quan_trọng thì đéo dám đưa tin . . truyền_thông toàn bọn báo lá_cải,2
bê cười chạy quanh nhà 😂 😂,1
hanh viet tôi thấy 1 bông hoa giữa 1 vùng cứt,1
khác đ gì xăm tên người_yêu cũ không,1
cắt cho quả mái luôn xong nhìn mặt có không chán,1
hải_yến con thần_kinh lạy m . chả muốn xem cũng kệ cả họ nhà m nói để thiên_hạ nó điss cho vô mồm,1
🎶,0
chi ba khac moi không co cailoncat không,2
bệnh_nhân 17 cái nôi của sự lây bệnh 😐,2
quá_đáng lắm luôn 😂 😂,0
"đizz mẹ nó giết rồi từ từ hết chuyện này đến chuyện khác lũ chó quân ăn_cướp chứ luôn đéo phải là quân yêu nước , bây h nó còn rước giặc tàu dân mở đương cho tàu qua giết dân ta cho nhanh , đưa formosa zề giết dân ta bàn chứng cụ_thể ai_ai cũng thấy",1
nguyễn thị luận ninh bình cũng thế,0
ngon ! đeo tai_nghe vào và sục cặc thôi ! !,1
cái gì đang xảy ra vậy 🤧 🤧,0
"cái này người_ta gọi là , sao y bản chánh ý_chí , tư_tưởng nông_cạn là vậy đó .",0
ủa rồi nhiều tiền để mang dịch về hay gì,1
lúc chưa đánh được người_ta thì mặt đỏ như vang đánh người_ta rồi thì lại_mặt vàng như nghệ thằng này phải nhốt nó cần thận và thật lâu vào đừng để nó sổng chuồng ra ngoài đường nhé nó mà ra đường thì nó gặp ai cũng cắn hết đấy nó đang bệnh giại mà,0
ngọc hay làm cánh hoa cho huy coi đó nhớ không gia huy,0
cho mình xin video với bạn,0
mang vinh_quang về nha thầy 🤣,0
baroibeo đi ngủ r,0
"anh bao ve_di được thi minh cung di được tru phi_ong can bo ay không fai la người . lot giay , xan quan ma loi wa thi se dep long dan do",2
t lâm biết tiếng lèo huệ ơi 🤣,2
ba khùng nữa rồi,2
"tính tạo trend , nhưng fail cmnr",1
huynh hoang nỗ_lực cho bthan và gdinh thôi chứ đâu cần ai nữa lí_do là vì gdinh mình ai nói j kệ họ chỉ cần mình đã nỗ_lực hết_mình là được r mà,0
đừng có y y bệnh cả nước không đủ thuốc là ăn cười luôn chứ ở đó,1
linh việt_kiều đâu có ở việt nam đâu mà kiếm,0
"nha tien tri cung so virut hay sao , tien tri noi cong san tieu tan ma . noi lao ,",1
bọn đào tôi đề_nghị pháp_luật cho ra hết này,1
xạo cười để giựt tiền người_ta,1
sờ chim à ơu,1
chỉ sợ khi à thành_công r thì người phụ_nữ bên cạnh à không phải là e thôi 🙈 🙈,0
hoài an trịnh em bỏ lỡ khoảnh_khắc huyền_thoại rồi,0
lúc đi thì xung sức . lúc về ôi mệt thôi rồi v,1
anh cái lồnn gì cx giỏi mà giỏi nhất là bốc phétt thôi anh tiệp à,1
"nguyễntôi biết mà bạn , chửi sỏ nó đó , chứ nó sao đẻ được bạn .",2
loại mày trước sau gì trời cũng đánh mày,2
"việc to biến tháng nhỏ , việc nhỏ thành không có gì . xong lại còn đánh lạc hướng dư_luận sang hướng anh nhà_báo . một bàn tháng lớn cho bộ_máy tuyên_truyền",2
trung đái_dầm,1
duyên suk chả liên_quan nhưng avt của bạn là nữ sát thử thần_tượng của tôi 😄 😄,0
bất_đồng chính_kiến là tụi thân trung cộng ghép tội việt_nam phản_động . . khốn_nạn bọn chó svn,2
bưng bô cho tàu,1
xin chia buồn,0
thế_mà giam một người hđh 18 năm không đủ bằng_chứng ngược_đời 😭 😡,0
con bo ng ngu ngu c minh hiê u,2
chưa viết thành mê_cung là khá rồi . mà cái thằng soạn thư này chắc cũng không biết mê công là cái thứ gì . thằng ký thì cứ ký !,2
nó in tiền như in giấy_lộn thế này bảo sao không lạm_phát .,2
đẹp quá chế hiếu ơi 😍 😍,0
co văn ho a_nhe,0
không,0
thèn em tôi cũng bât kịp trend rồi 🤣 🤣,0
mong phụ_huynh dạy_dỗ lại em ấy và đừng để em ấy làm chuyện lỡ dại như thế . nghịch cái gì mà . bom hàng của người khác như thế bị chủ shop la 1 trận như thế_là chưa đủ,0
thoại trần nhà_quê,2
la i thêm loa i khu ng,2
best cà_khịa tụi chinazi hehe,2
thằng này dang không phải cũng vừa,1
"à này nói đạo_lý hay nè , ko biết có dương_tính với mai thuý không",0
đ hiểu kiểu gì sờ tai như cc,1
giờ này chắc con mụ này nhục lắm đây .,1
chị hiếu hôm_nay đẹp quá nói_chuyện cười có duyên gê,0
trong bóng đêm đè nghẹt,0
có nên tặng anh độ con iphone 11pro max này để ga cho anh_em không nhỉ ? ?,0
ai thấy bình_luận like cho t biết t không bị ẩn cái,0
dis,1
con nay mat dai that,2
nguyên bài scandal của nó đó,0
ong . lon qua di_ong oi xao,1
"đây là cô 3 vàng_ngọc lừa cô minh hiếu đây he , nhìn cô 3 có nét đẹp đờn ông rặt ghê",0
thằng ngu long trần nó quá biết cái gì đâu,1
sỉ nc rửa tay khô 95k 300ml,0
uy_tín chó gì bọn độc_tài,2
chuỵ ba xạo lồn,1
"càng hành ác thời càng x , a đ , ọ , a . ! bỏ nguồn lạc cội bơ_vơ . ! muôn_nghìn ức kiếp đọa xa l , i , n , h_h , ồ , n . ! nhân_quyền , dân_chủ , tự_do công_bằng . !",2
hồ khang đmm . ý_kiến của m như l ý .,2
phương minn không nghe nổi thì out mắc cailon gì dislike 🙂,2
bác bên trên nói đúng vl,0
con này là bê đê bong lộ xấu gớm . . xấu xúc_phạm người nhìn . .,2
chết với cộng_sản thôu,1
cách diệt_trừ tụi hai quan viet nam hay trôm_đồ,0
các cụ dưới chưa lên bắt xuống pha trà cho các cụ nhỉ,2
cái loại này làm ban xã_hội mà,2
xem cái này chỉ muốn ỉa vào mặt mấy thằng cho xây tượng_đài . .,2
chết con đỉ mẹ thầy rồi long cua ơi,2
cũng muốn mang_tiếng dân làm việt lắm mà hôk được,1
"nhà nói_dóc , nhà ảo_tưởng chứ biết con_mẹ gì mà tiên_tri 😄 🤣 😂 😂 😃 😂 😭 😢 😘",2
vũ thanh huyền vậy bạn đã làm được cái thể_hiện_tình_yêu cặc gì lớn_lao để con nước của bạn chưa ?,1
chờ_đợi 17 nồi bánh_chưng mới được fan cứng nên bình_luận cho không mất chứ không biết chơi ga,0
khổ_thân,0
"thiên minh không biết đọc hiểu à , trong 14 ngày phải cách_ly tại nhà , cậu tiệp này chạy tung_tăng khắp thành_phố tổ dân_phố tới kiểm_tra nhiều lần không có nhà và có rất nhiều nhân_chứng , ảnh chụp cho thấy nên chủ tich tp mới phải ký quân_đội cho cách_ly vì cậu tiệp đã sai qđ . nói_chung là cái loại ý_thức kém như thằng này thì không cần phải nương_tay , cứ cưỡng_chế",2
quân luôn anh bẩn_thỉu v bro,1
phúc báo làm kiểu ta_đây giàu đi chơi du_lịch qua mấy vùng dịch chơi ấy mà,1
ta nói ông tân ngồi cười quài luôn 🤣,0
hình_như việt_nam cũng nằm trong các kém nhân_quyền nước nữa lắm thì phải 🤣,2
con . quy . nãy . cái . miệng . nó . thúi . quá . đồ . do . bán .,2
không biết ức_chế vl 3,1
con viết cfs này nên vào trại 🤗,1
còn lồn này cái mỏ như cái lồn,1
"mày mới gọi là nhảm đó , đồ chó đẽ",1
coi_chừng bị nghiệp quật,1
tài lê tấc nhiêng là mưu sự do nhân mà thành sự do thiên,0
7 phế phải nhớ mấy page quản_cáo để lên tầm . 🤣 🤣 pha kiến_tạo mắc cưới nhất thế_giới,1
thằng quản_trị thích thì thử ra cứu đi địt_mẹ ở đây mà nhìn nhìn . . nhìn cái cmm ấy 3 làm như dễ lắm . . bây_giờ mày có cơm ăn nước uống mà không bị dí súng vào đầu như bên trung đông là nhờ ai hả thằng này ? ? sủa như 1 con chó dại,2
"con bò đỏ nầy bị tẩy_não cho_nên không chuyển_hoá thành người nổi , thích làm kiếp bò hơn làm người",2
"sao bằng đông lào , muốn cho heo đờm đẻ cứ mở nhạc mr dễ",2
nguyễn trọng thái bạn à,0
yêu quá đii 🙆,0
cháu cũng làm con cặc j .,1
nó dốt nhưng hay nói lý lắm,1
ở cái tuổi này khó bảo lắm cứ cho lên phương rồi bóc lịch ít tháng là ngoan ngày mà,1
lan hoa nhưng đạo nhái là kiếm được tiền tỷ còn hơn cái lũ trẻ trâu chĩa mỏ vào để cắn cho bỏ ghét 🤔 😏,2
con_người phát_triển mà đất_nước luôn thì không hiểu nổi,1
vụ nổi_tiếng nhất là vụ em bé napalm . nguồn tin của mỹ nói là do phi_công iệt nam cộng_hòa làm .,2
dung trinh phạm tuyền trần thắm violetnt thủy ngày_xưa đưa tay kiểu này không tím mặt mới_lạ 😆 😆,0
đéo biết m nổi_tiếng như nào nhưng thái_độ m đáng tử_hình,2
"may mà 11 pro max của mình có kháng nước , chứ không thì ngấm hết cả nước_dãi rồi 🤣 🤣",0
clm t_lạy,1
nghe mắc i quá abee,2
"cứ mỗi nhiễm lại có thêm công_an ngày mong chị nhung sớm khoẻ , mặc áo kẻ vào tù ăn thật thịt nướng rắc muối cho sang miệng 🖕 🏻",1
quản_trị thă ng đm xamlone,1
mài có óc chó để suy_nghĩ không add ? cái đồng băng đó mài tính đào hồ bnhiu cho đủ hả thằng ngu ?,1
nhắn thêm chữ à chị quá mày nữa chất vlon địt êii,2
keu con linh cá_lóc về việt nam đi c hiếu đập vô mặt nó,2
vì những bài nhạc_vàng là bất_hủ . .,0
não chó thì câm đi,2
ấn_tượng nhất là quả răng của cụ dần,0
câu hỏi của chương_trình ai là triệu_phú,0
nguyễn thanh phạm hoàng_yến khanh thuy pham trang chồng ai zayy,0
corona ăn mất cái ý_thức của chị rồi hả chị ơi,2
cũng đốt luôn đi chúng_mày kệ con_mẹ chúng_mày,1
"liên cái lồn , bọn game x mobi chúng_nó cũng đóng video quảng_cáo ở chung sân_khấu đấy cũng mặc quần_áo táo_quân ké tí fame , đội táo_quân cũng tập ở đấy nên ké hình táo_quân tí thôi chứ tuổi buồi đòi táo_quân quảng_cáo cho , địt_mẹ seed bẩn",2
chắc trêu,0
mãi yêu 3,0
thầy đéo xoá kênh kêu_gọi học_trò report cho bay kênh thiệt luôn,2
gam thua cái ! cặc nhé củ !,1
"có 3 loại người t không nói_chuyện công_an phường , công_an giao_thông và nhà_báo .",0
cái chính_quyền đu càg bỏ chạy đấy thì cũng chẳng mất nhiều côg sức lắm,2
thôi trai_gái với nhau sân si làm jh hả hai bạn . dừng lại đi có_thể xoá bình_luận đi được rồi ấy,0
khuyên anh độ nên đầu_tư 1 tháng lương để thưởng_thức món lẩu thái siêu cay siêu khổng_lồ nhé hợp_lý vl luôn ấy,0
"chửi nhau sao không gọi phone chửi cho dã cái miệng , mà lên_dây khoe vàng hả cha , ỉa déo ra cũng dưa lên , bó_tay ,",2
"ôi , anh tôi",0
già đầu mà non quá,2
"bảo nó cắt cho có tí mái , nó xẻo mẹ thành mái bổ luống luôn",0
đã đẹp_trai lại còn tốt_tính thì còn gì bằng,0
lỗi không phải tại anh đâu thật mà là tại mấy anh công_an không xích anh được sớm hơn thôi chứ bên vũ hán anh vào lò lâu rồi,1
"má nó vào đọc vnexpress toàn lũ bợ_đít cho chúng_nó ko , chúc_mừng đồ , lạy mấy cô_hồn .",2
xd không có giấy_phép mà,0
quan_chức để lại cức đái cho đời . . í lộn ! cái đức .,2
đmcs,2
rich,0
"thầy_bói ba cl gì gì vậy thầy , đem con susan ra thế_giới à",2
người_ta bán hàng kiếm tiền bằng công_sức của người_ta mà sao mấy bạn vào nói công_an vào này_nọ_vậy trời . . bớt khẩu nghiệp đi_đời này không ai biết trước được chuyện gì đâu .,0
hoàng xuân dễ bị lộn zs con so lắm . thôi nhịn luôn cho chắc nheng bác,0
bây_giờ nó tinh_thần h thật . i . ế . p d . â . m đang của taoo,1
thua kiện rồi tẩu_hỏa_nhập ma rồi hả thiệt chứ nhục_nhã ê_chề luôn 😂 😂,1
có tiền đi đường quyền,1
"vậy việt nam năm 2018 tăng_trưởng là 7,08 nhé , đập chết china",2
trại thương điên sẽ mang cho bạn mọi điều mong_muốn,2
hợp_lý chú ơii,0
ông ở lại là thảm_họa cho việt nước cả nam mong ông về đi ông làm tổng_bí_thư cả nước treo cờ dủ cả năm,2
đcm thằng nào sủa câu này,1
không trả bà bổ cây lên đầu nhé 😂 😂,0
editor hay quá trời luôn cười xỉu,0
tuyên_truyền sao hiệu_quả bằng mấy cái băng_rôn kaka kín lối ở xứ thiên_đường giăng . công_an còn uống rượu lái_xe rồi gây tai_nạn làm_gương nửa kia,2
phuc phung tri giống cá giồ táp cứt chứ cá_lóc đâu ra,1
thảo phương ờ buồn nhờ,0
"bọn phản_quốc lúc cặc nào cũng than nghèo kể khổ . ngồi nhà cả ngày , soi_mói báo mạng kích_động bạo_lực . bảo sao thất_nghiệp với vô_học . về xứ cali chúng_mày đi . mới xả súng đấy .",2
cđmm nhung,2
"huỳnh hòa ông quang phông bạt vào đây tán con thốn mặt lằm rõ_ràng kìa bạn , giờ sao ? chơi hay nghỉ ? ks thế lồn nào lại được với công_an sĩ đây",2
vài trăm xúât quà mừng như_vậy là gìau hơn cả trump oz ! tội nghịêp bọn tư_bản bóc_lột hút máu người lao_động cả đời dell bằng quà mừng của mấy cán_bộ do dân và vì dân hỉ ! !,2
nhãn đoàn nhắm bay được thì biến mẹ bên đó luôn đừng có về đây bay về để lây bệnh cho ngta hay gì á nuôi mấy đứa này thiệt tiếc tiền gì đâu,2
vũ khấc tiệp,2
hải bảo rùi thà nghèo mà yên bình còn hơn giàu mà bất_ổn . tao buồn ỉa quá,1
"hải_yến bố con thần_kinh , thở ra cái là thấy mùi rồi",1
chúc bạn mau sớm được chữa_trị bạn quỳnh anh đừng buồn đừng lo_lắng quá nhé chúc hai bạn sức_khỏe,0
e thầy à,0
me may du,1
hay_ho c luôn . o . n c . ặ . c j mà tối_ngày đụ với chả đ t,2
cha oi khau nghiep coi chung cai mieng cam bay gio,0
"không hèn không phải là cộng_sản , tội đồ sớm có quả_báo nhãn_tiền .",2
bắt_tay móc nói thẵm định . gía thấp . thẫm định_giá cao . ăn_chia chên lệt . vụ này nhiều,0
nghe không thuyết_phục lắm nhưng có vẻ hợp_lý,0
tình_hình tham_nhũng đang ổn_định 3,1
"biết nói gì đây , an_bài rồi nên làm_việc có phúc trước khi về với cát bụi !",0
con thần_kinh,1
anh ba láo_nháo là tú xiên giờ,0
"người_ta tan tật mà vẫn cướp , để hai người đấy đi ăn cơm tù 🎉 🎉",0
nhình cay anh thế mới cao lãnh_cảm_động rất l,0
"sinh_viên đh sư_phạm và phụ_huynh nên bãi công tẩy_chay mụ hồng_hán nô , hán gian mang chức hiệu_trưởng này đi .",2
đi kiếm con linh nó đỏ sẫm do đánh chết mẹ nó đi rất ừ_ho,1
có dạy làm ngành không thầy ?,0
loằng_ngoằng thì được cái éo gì mà ông thích loằng_ngoằng thế . lạ vl,1
không xem cút mẹ mày đi,1
"thắm tắc đường nên đến hơi muộn , nhé",0
trần hoàng long đĩ mẹ m con ? trần hensy của c nè,2
dạo này pản động nhiếu quá mấy bạn bò đỏ à d,2
chị ba khùng nhìn chị buồn_nôn,2
sàm lồn,1
vô_tư vô_tâm_hồn_nhiên combo tuổi_thơ,0
"chửi một lần nữa , yêu_cầu quản_trị kiểm_tra lại cách đưa tin của mình",2
"mấy con fan mắc dại , cô bị chửi mà tụi bây không chửi tiếp mà xúi cô chửi , thứ dì dị . . bỏ nha , mai_mốt con nào đụng cô là xé banh xác nó hết , hy_vọng cô mãi chân_chất như_vầy , đừng vì cuốn theo sự nổi_tiếng mà biến_chất , biến_tướng !",1
đmm 1 5,1
điểm_danh hội người_yêu tùng sói cái nhẹ v,0
"giúp người cũng bị soi_mói , lúc dân cần sự giúp_đỡ , ai giúp được chừng nào hay chừng đó , ghanh tị nhau làm gì . đã không làm được gì cho xã_hội rồi còn bêu rếu người khác . bộ_đội hay anh phan anh hay bất_cứ ai có lòng hảo_tâm và tình thần lá lành đùm lá rác_rưởi để g",0
c on đ iên mỉa_mai,1
"long tran còn hơn thành_phần không có nước để mà yêu ! bạn nhỉ ! à nhắc cho bạn nhớ ! xem phim hãy nhớ lắp não vào , kẻo phí ! !",1
"nhỏ nầy nói_chuyện ngong cuồng , mày có làm được hôn",1
thằng chó,1
các chú bộ_đội mang bịnh gì mà to thế nhỉ một tuần nữa là con_trai mình cũng đg suất ngũ rồi 😂 😂,0
như có bác sèo trong ngày vui đại_thắng .,2
lãnh_đạo v toàn bọn ăn tàn_phá_hoại đúng quy_trình .,2
cô đang phiêu thế này thì gặp trum sao được,1
"đừng nghe những gì cộng_sản nói , hãy nhìn những gì cộng_sản quá làm",2
ông thầy này muốn ngủ gầm cầu lắm rồy nè ! !,1
thay ngáo đá,1
"mẽo làm_ăn chán thật ! mấy chục đứa cùng ngồi nghe , mà sao chỉ có một cái máy phiên_dịch duy_nhất vậy ?",0
đầu ốc tôm nên nói ra không có lời nào nghe được . phụ_nữ việt nam không có người nào_phát_ngôn như vậy thật ghê_tởm,1
tôi cho là vượng vin đang làm_chủ đất việt chứ không phải bộ chính_trị . ! nếu không kiểm_soát được quan_chức cán_bộ thì sẽ bị vặt lông như tvb,2
lời chửi chẳng mất tiền mua,0
"đang có cái game mua hàu tặng bút này à e ! dùng cái của nợ chị vợ nói là đây nhé . ch ! ch_khỏe , ch ! ch phê , đê_mê tối_ngày ! !",1
🤔 fan cung cần được nhân_giống,0
không tính wc 2022 thì ro cũng 2 lần ngu nhất wc rồi mà .,1
"vô_học ok m chui từ cái cười cho ra nói_chuyện như thằng thắng , đmm ai nc với m nhàu vô đây cắn bậy",1
"bay thử qua khựa hay nga ngố xem biết không , iran nát bét mịa rồi biết với chả không 😂",1
1 kẻ lừa_đảo bị phạt tù rồi qua bển thành nhà nhân_quyền 😂 😂,1
"vài năm nữa kỳ anh là huyện ung_thư , hà_tĩnh là tỉnh ung_thư của việt nam 3",2
địt cụ thằng add ngu như 1 con lợn . giỏi cái lồn mẹ nhà mày à . . giỏi sao không đi mà hack bọn khựa ý . hack của quốc_gia làm gì . địt_mẹ thằng add óc chó chó,2
cả họ con này bị ma_ám,2
sao lại đi làm lộ mặt người_ta vậy,0
thích cô quá đii,0
cũng do não thằng thôi quản_trị bạn ạ . đừng trách,1
"mày lò cái mặt ra đây chứ đừng có núp_bóng cfs mà sủa bậy nha mày , m coi_chừng t à 🙂",1
vâng . thằng cc nào cũng ngồi ngoài phán như_thánh chờ xong rồi ms vào . chả biết cái đéo j . ng ta làm gì chúng_mày biết chắc . biết_bao_nhiêu vụ ngăn_chặn được không đưa ra người_ta báo_cáo cho chúng_mày à,1
"nó đài_loan , mà bà lên sài_gòn kiếm làm_sao gặp nó 😂 😂",0
cứ ngỡ là black widow,0
thoại trần chính tã ? ? lắm chê mèo chó lông . . gạch đá đủ xây nhà chưa bạn,1
trung_thu namw nay ngoi nha buon vl chi mong ai ruoc em di_cung,0
cay lắm luôn,0
chí phèo thời nay .,1
xem mấy thằng chym ngắn thượng đẳng cà_khịa chúng_ta mấy hôm_nay thấy thế_nào nhỉ,2
cho khug,1
đúng,0
minh hiếu quá người_mẫu đó chửi nhưng dịu dang chửi nhưng dễ nghe nhất là bài quyền của em nhìn mà yêu lám,0
trần thị nhung con_người chứ có phải con c đâu mà suốt ngày nghỉ . hn bị tuần sau còn phải cắp sách đi hc nữa là chỗ mk . nằm_mơ đi e,2
đéo quan_tâm t nào lãnh_đạo ?,2
tôi bình_luận dạo được 10 tuần 🥶,0
thu huyền cắm cơm cho anh ăn này,0
"những viên sẽ đầu_tiên đạn hướng về lũ tham_quan , bị bắn nhưng chúng_nó không bị_thương vì toàn_bộ là đạn giả , đạn thật chúng_nó thật đớp hết rồi",2
cái style nó ngộ 💁,0
"bơm chủ_nghĩa thật dân_tộc như bơm ma_túy . càng ngày_càng nhiều , ngày_càng trầm_trọng .",2
mình thấy những ông phát_biểu được lòng dân tự_dưng mất ứng_cử đại_biểu vậy nhỉ mọi người,0
dấu_hiệu một ngày uống chưa quên thuốc 😀,1
có gì cho tôi cái link tôi chửi với các anh,0
"mày ngu hay đéo có não thế ! ! m đéo thấy là ông ấy là một người có tâm , có tầm và yêu nước à ! không có gì dính_dáng đến việt tân cả thằng não chó bị nhồi_sọ",2
quan kiểu này chém chết,1
"tạm dừng dùng facebook làm gì anh ơi , mặc_kệ miệng_lưỡi thiên_hạ họ nói gì thì nói , đâu phải ai cũng là người vl trong cuộc đâu . vì_vậy anh hãy tiếp_tục sử_dụng facebook đi , để còn biết trên facebook anh đang bị cđm chửi sml chứ",1
chết rồi ha mấy đứa,0
bản kia hay hơn,0
thanglon nào cũng từng như thế cacban ạ 😌 😌,1
con cat ne choi không,1
sau khi ông này khỏi bệnh nên cho đi khám não,2
chi co 🍌 🍌,0
nhà_nước minh nên có những biện_pháp mạnh với những hành_vi đi nước_ngoài về trốn khai_báo . h đứa nào về nước trốn khai_báo khi phát_hiện được là dương_tính với vi rút thì mang ra xử bắn luôn !,2
trần thị hiệp ra đảo chơi 1 ngày . mới dìa lại đất_liền r nè m 😂 😂,0
yêu thầy dấu bé 3,0
đi ngược với chính_sách ngu dân chỉ có chết,1
hót girl chỗ nào vậy mọi người,0
bầu_cử cl gì mà tao lên facebook biết kq đâu mấy tháng trước rồi . bâu làm cm gì nữa lấy tiền chia đi nhâu có đã không,1
cái vụ 400 tỷ 1 tháng thì đéo thấy ói cái máu cười nào ra cả,1
"anh vừa sạc pin vừa đọc những dòng mọi người chửi anh , mọi người nói gì anh biết hết , anh thấy hết v trái_tim của bảo_bối bị tổn_thương v có chàng trai viết lên face",0
trym to,1
"triết_lý của cộng_sản xhcn là thật kinh_tế tự cung tự_cấp bao_cấp , đánh tư_sản mại_bản thì trân_trọng_thương_nhân là cách nói ngụy_biện , gán_ghép khiên_cưỡng và phi_logic của những người nịnh_hót quá nhố_nhăng .",0
ghê_á,0
"hang tran đúng r đó ạ , trg khi gia_đình nhà ngta góp_phần cho nền kinh_tế việt_nam như thế , nếu nhà ông jonathan hạnh nguyễn chê việt_nam nghèo đã không ở việt_nam để pt r",0
nói_tục chửi bậy . ngày_xưa trung_đội tôi đã từng_trải,0
"nếu bạn đi khám có bhyt bhxh tại các bv quận cũng sẽ nhận được kết_quả bệnh rất nặng và kèm theo bọc thuốc to về uống cho no , 6 tháng sau bạn sẽ bị suy thận , suy gan vì thuốc .",2
mẩn phan đọc xong động_lực trôi ngược mẹ hết ráo,1
"chia địa_bàn_là có thật , đất có thổ_công , sông có hà_bá . sợ nhất là những khu đất vàng dân ở bao đời cũng phải nhường cho giải_toả . còn lấn biển , phá rừng . . thì bạt_ngàn nơi_nơi",1
click vào link nào các trò,0
đây là tccl ver 2 à,0
dân indo m chọc mù,2
thằng công_an nào_phát_ngôn câu ngu rất lìn . bụi ? ?,1
si đa mà xông_pha hiến máu là thật có thật,2
"duma hỗm em trúng được 20k không dám chơi nhiều thầy ơi , so anh ba giáo_án xạo lz",2
các bạn cứ yên_tâm nếu yêu đảng thì cứ đợi_chờ đảng sẽ giải_quyết . . tui yêu đảng nha đang đợi giải_quyết coi sao nè,0
"xuất_phát_điểm khác nhau , con đường đi khác nhau , trở_ngại khác nhau . nỗ_lực thì hết_sức cũng chỉ được gần bằng đứa sinh ra ở vạch đích thôi",0
nó in tiền như in giấy_lộn thế này bảo sao không lạm_phát .,2
lê phương linh liều . vé cao chết mẹ,1
nhìn kỹ mặc cô ba giống đàn_ông ghê,0
lúc chỉ tay sao không thấy có lỗi loại này không nên tha_thứ,1
anh trung tự_tin 😎,0
quản_trị nó táp mà tưởng chó táp cức ko .,1
bộ nào bộ hằng hải . ngu thì ít thể_hiện đi . lắng_nghe nhiều vào,0
chị ba chim chật trai nó mê . rộng như cái cống trai nó chạy mất tiêu chị ba,0
"có nút vàng thì lì_xì đi thầy , không lì_xì không có tiền trả tiền học nữa 😞",0
linh vũ tôi xin video,0
xa bờ cũng chết . . gần bờ cũng không xong ! chắc lên bàn_thờ quá hic,0
mình không hiểu được vì_sao một nước nông_nghiệp chăn_nuôi xhcn lừng_danh như đông lào mà thịt heo lại đắt gấp đôi gấp 3 thịt lợn nhập_khẩu tư_bản được nuôi tít bên kia nữa vòng trái_đất mang về tận cửa_nhà ! !,2
minhh khuê có bà ở trong đó không vv,0
có cc ý tin người vl,1
luôn ủng_hộ thầy,0
shark bình bố lùa gà chứ hay_ho gì,1
ý_thức để dưới đít à,1
susan đang giận,0
mé cay nhất thanh_niên nào đi ẻ bậy . . xong cả tiểu_đội cầm thìa cafe đi xúc ứt bằng hết rồi đào hố xong chôn,0
"trông khổ rất đái , mong bác quay về với tổ_quốc 😢",1
huỳnh châu,0
"nhà tiên_tri cũng có nhiều câu cũng hay đó , 9 câu hài_hước , cũng có 1 câu cũng hay_ho . mọi nghe kỹ xem , nhà tiên_tri vũ_trụ này hư hư thật thật , hư nhiều hơn thật .",0
tren xuong toan lu cuop suc sanh cuop het tai san dan ngheo lu suc vat chet xuong 18 dia nguc luat nhan qua không chua 1 ai het,2
cac gì bóng của thầy là con chó à ? hay linh thú nằm trong thầy đây,0
chưa sáng_mắt đâu còn nhiều nữa cứ từ từ mà hưởng_thụ với chế_độ lũ cướp 🤭 🤭,1
sợ luôn,0
con e vừa ngủ vào đọc đuọc quả này e cười to quá nó lại dậy . cho nghe thất_tình nó lại ngủ luôn . v cả trịnh đình quang,0
coronavirus is manmade,0
hằng bắp à mua sữa cho con_mẹ n uống thôi . chứ con_con còn chưa mở_mắt,0
yêuu,0
đào tươi nha,0
nát cc,1
má bữa giờ tao tưởng ông ba là người cha mẫu_mực,2
thái_độ mất day thật . mấy mụ già láo_toét,1
"đizz mẹ nó giết dân từ từ hết chuyện này đến chuyện khác lũ chó quân ăn_cướp chứ đéo phải là quân yêu nước , bây h nó còn rước giặc tàu rồi mở đương cho tàu qua giết dân ta cho nhanh , đưa formosa zề giết dân ta bàn chứng cụ_thể ai_ai cũng thấy",2
nguyễn thế sơn nghe nhiều lần là nghiện á bạn chứ nghe lần đầu không hay lắm,0
ảnh ghép các ông ơi,0
bả bị say thuốc sao vậy,1
"thât tiếc , , nguời thì đươc cả nước việt nam muốn làm đời_đời kiếp kiếp vì quá tốt cho sân thì lau về_vườn . nguời thì cả nước nguyền_rủa thì vẩn tiếp tuc , , dân đành bất_lưc",0
đỗ đức cái bình_luận đầu có cái ảnh đấy chỉ wuạo xíu thôi chứ đọc tus nào trả có mấy bình_luận sống chậm đấy,0
"cho em hỏi xem giải ở đâu vậy ạ ? trên youtube có mỗi thái dúi trực_tiếp , nghe chả hiểu gì",0
chị ấy có bầu hả anh,0
việt nam có đinỏ phiếu không nửa cái phiếu đó cũng đem chuồi đ í t đi có,2
là 1 thằng bê đê,0
đm thằng viện kiểm_sát nhe răng cười kìa,2
giày trăm rưỡi trên sóp pe hơi bị xịn nha các ông,0
con này nó chửi cho vl đã lật lên khóc_lóc xin_lỗi sao như bánh_tráng mặt rồi dữ vậy_ta,1
mình không ai theo_đuổi nè hỡi các bạn thích cô gái có nhiều người theo_đuổi,0
"chính_quyền hoá châu ngu như redbull , về đây kiếm anh chung con , cứ có tiernf là có đất vàng hehehe",2
"à lóp du chu cờ mo , anh y e cho sờ . .",0
"hằng hồ , mỹ yến , nguyen pham gv áp_dụng ngay và lun",0
sịn quá trời,0
cái nền bóng_lộn không chợt mới_lạ,0
quanh đi quanh lại chả hiểu cặc gì nghĩa_là chả biết m có vòng_vo hay đéo vòng_vo . nói toàn mấy cái vớ_vẩn lòng_vòng đéo hiểu đk . mà thế không nào lại gặp thằng nói nhiều vậy không biết nữa . địt_mẹ nói vậy đọc cả ngày cũng chốt lại vòng_vo tam_quốc . như tao nói mẹ ra luôn lòng_vòng lm cái lồn gì .,1
khi bạn muốn bợ_đít ai đó nhưng bạn không có não . ngu như lợn nhưng vẫn làm báo đảng đĩ .,1
quỷ gọi quỷ gọi abe ơi . .,0
trần phong tôi đang nói dựa trên sự cà_khịa của khắc việt_ok,0
chỉ có những người ngu lâu dốt bền mới khoe của,1
khoe khoan láo phét đeo . vàng g ã . s ng g a t o .,1
hàng không viet nam con hoat dong la con tang . .,0
hanh viet cho ông lên top để đỡ thấy mấy câu đấy đm bình_luận đúng 1 câu không chán hay sao,0
buồn quá tự_nhiên em bị band khỏi bộ_tộc,0
chán dell muốn nói gì 😢,1
"thằng bytedance dẹp là phải , thằng này lẳng_lặng cài vào mà không biết cách cũng khó trục quỷ cho nó ra hỏi hệ_thống windows ! nó từng làm chậm con máy yếu_xìu của tôi .",1
hn thu nguyên hay đó . khửa . . khửa,0
chất không chịu được,0
"hoan_nghênh danh_hài về nước , về với đảng ta",0
"có tiền , có xe mà ý_thức thua điểm thi_hóa của cháu nữa",1
ád mỉa_mai vl cơ_mà tao thích,1
em chào chị . . chị xinh quá . . thương chị quá . .,0
truyền_thống văn_hóa tốt_đẹp từ thời hòn_dái viễn đông nhé v,2
đề_nghị tiễn putin đoàn_tụ với giáo_chủ cho có đồng_minh .,0
"về chính_trị , chúng tuyệt_đối không cho nhân_dân ta một_chút tự_do dân_chủ nào .",2
chú trung đầu l chứ chú tí đầu lân clg 🤣,2
"nhi n ca i mo no ki a , gia lơ n ru i không pha i chư i lô n la hay ,",2
lại chả thôi sớm . suốt ngày thấy mặt biết chỉ_đạo từ xon kiến tới củ khoai 😀,0
vâng vừa ns xong ông ấy đã thử_nghiệm,0
dắt như dắt mấy con bò 😌,2
chubodoifuyetvoiaolinhcuho,0
lê huyền người ư ? sinh_vật hạ_đẳng chứ ngươi ai lam thế .,1
cấm siuu giờ cấm thêm cả cdv thì chịu thật rồi . bảo ưu_ái thì có 1 số đứa tự_ái giãy_nảy lên thật 🤣 🤣,1
kiếp bóng_gió sống được lâu năm mà sao không giữ được cái nết vậy . .,1
tô lâm là giặc,2
quỳnh anh ngàn ly không say là có thật,0
su a hay lă m quản_trị,2
mày mà biết cc gì mà tiên_tri,2
"nghi nguyen bên đó vl phải tốt hơn việt nam thì mới sang đó sống chứ , bạn",2
"ông này có chơi xk ko , thấy bị điên . . cũng tội",2
"đâu chỉ có hk , vietnam cũng cần tẩy_chay nhỉ , vì có hẳn cả 2 sao ủng_hộ đường lưỡi bò",1
đăng ninh ke me m,1
"xô_viết nghệ_tĩnh 1930 đã có cờ đỏ sao vàng rồi , chính trong hồi_ký của tổng_đốc tôn thất hân quá có nói như_thế",0
cách_ly clg nữa 🙂 loại này mang thẳng vào nhà hoả_táng mà cách_biệt !,2
tìm mãi v,0
"nói là . chuyện , thực_hiện là 01 vấn_đề . cứ nhìn và quan_sát tang_lễ cố tbt nguyễn phú trọng là đủ hiểu tình_cảm của 100 tr người dân việt_nam với vị lãnh_tụ đáng kính một còn thằng nào cười thì kệ mẹ nó .",0
cái éo cũng công_an j nói được,1
giờ mới vl biết con_mẹ giựt nợ minh hiếu,1
sao không mổ cho thằng bố con_mẹ lão bác_sĩ chết ra đấy rồi bảo đúng quy_trình ? địt_mẹ chúng_mày lũ sâu_mọt thối_nát .,2
nhà tiên trì múa võ như_thần mong tiên trì về thi thách_thức danh_hài,0
chị ba vàng_ngọc có cây nọc mọc giữa háng vl chị ba thêm hai trái_dâu lủng_lẳng . bệnh nặng giữ lắm rồi đồ bóng khùng . nói_chuyện là biết khùng điên rồi .,1
m pk thầy ba giống con gà điểm nào không thao hoang,1
già mất_nết lắm quá,1
vâ y nên bâ u thă ng cho quản_trị na y la m đê . no gio i lă m,2
dr à oi,0
"nếu đúng nvậy thì . sang chốn thiên_đường này đừng đòi hòi công_lý , nghiêm_minh và tự_do làm gì . không ích j đâu",0
"nghe rất thuyết_phục tuy hơi vô_lý nhưng ngẫm lại ta thấy cái vô_lý rất thuyết_phục nhưng lại mâu_thuẫn với cái thuyết_phục đằng trước nên suy ra thật vô_lý , đó là một cái vô_lý đến hợp_lý , đến dễ_dàng thuyết_phục ta tin cái vô_lý thật thuyết_phục . thuyết_phục cái vô_lý thật hợp_lý trong vô_lý của sự không hợp_lý đó và sự không hợp_lý đó lại tiếp_tục rất thuyết_phục cái hợp_lý của không hợp_lý .",0
cai miệng nói không sợ bị hậu_quả,1
ông lân không cười à,0
cố_gắng lên các amh ê,0
bắn ngu quá mấy thằng em cho ở nhà trông sói ! chán độ vl,2
đốt nhà cực mạnh,0
hít hết mẹ r còn đâu,1
hoàng đức trung phúc thì fuck,2
chờ cái loz 😉,1
"cũng có 16x cái like , 1 là ngu giống quản_trị , 2 là like thương_hại v",1
bênh bênh cái đéo,1
"nguyễn thuận bình_luận 1 cái bị chửi như chó , thôi ráng bữa sau bình_luận nhớ lắp não vào nha",2
dân việt nam se không còn nghe 1001 chuyện ăn của quan nếu kéo cổ hết bọn việt cộng ra biển lớn làm bữa thịt người cho cá .,2
anh ba láo_nháo là tú xiên giờ,2
bắt_đầu cây đen ngầu lòi rồi đấy à,0
mình mạnh_dạn dự_đoán là jack thích các bạn nữ xinh gái nha,0
bui hoang thầy lồn,2
cái mieng con linh loc ik nhu cái lon trau,2
dm . chu ng bây su a bâ y co n no i a . nguo i ta no i câu na y chu ng bây_di_ch ra câu kha c . no i nguyên_văn thi co pha i hay hơn không,2
ngứa hết cả cặc,1
ha_ha trần dần kìa bà_con ha_ha_ha,0
hết quảng_cáo cờ lia men thì lại sang trì se me,0
bác sỹ giám_đốc thật mặt heo ?,1
điên .,1
duy ngoc vu đi qua thôi cũng nhiễm sợ_thế,0
phai qua đi rồi bjk sống thế_nào,0
đưa dùm cái quyết_định sử phạt sinh_viên không đóng bảo hiềm dùm nhá . đừng có sủa bậy ở đây,0
cực_kì khuyết_tật,2
quả_báo đó con,1
sena ám bỏ_mẹ,2
tội_nghiệp con này nghiệp nó nặng quá nó chết hết đầu_thai,2
duck anh mày sinh_vật đó,2
t mà là à t sẽ bài_trừ cái viện chett sẽ s lắm tiệt đó,1
đã nghèo rồi còn đập phá làm_chi thêm khổ . dân cu ba rất thông mình . nên phản_đối ôn_hòa . đừng để tính cướp_biển caribê trổi dậy,0
đéo thấy thằng nào bị tử_hình . . vì các nghìn_tỷ được bỏ_túi đều . . bọn này ăn nghìn tỷ chỗ này . . bọn kia ăn nghìn tỷ chỗ khác . . 1 thằng chết là chết cả lũ,2
sang đây chơi với nhung nài,0
buồn_nôn quá nè anh ơi,2
đúng là bọn côn_đồ chứ cảnh_sát gì lũ này,1
tý trương cực hun,0
đumoe nói_leo,1
đào bảo khánh sẵn đồ bú nhiều đâm_ra ngáo anh nhỉ,1
"quản_trị phân_tích chuẩn , tư_duy nể 2 thích làm bố_mẹ thiên_hạ , biển xanh ở việt nam ra đường dân thứ lắm , dạt ra mà nhường đường , có phạm_luật gt cũng chả ai dám thổi phạt , csgt nào mắt có kèm_nhèm trót thổi xuống cũng cười là xong",1
không pha i co tiê n la m gi thi la m bê đê,0
thời_đại cái quan bệnh_tật của mấy,1
tphcm nhé . sài_gòn không như_vậy .,1
"ngộ ha ! mấy bố cứ ngồi đây mà phán thử_hỏi làm_sao phát_triển được . . ủa nếu có chinhd sách phát_triển gì gì đó của mấy bố vào đây thì việt_nam chắc gì đã tiế bộ ? đã đéo giúp_ích được cho đất_nước rồi còn ngồi đây thử_hỏi sao phát_triển được có cảm_thấy hài hay là tự nhục miếng nào không ? hay chỉ biết ngồi mà rên_rỉ , lăng_mạ đất_nước mình , nơi mà mình được ỉa ra ?",1
tập cặn_bã,2
đcm mồm đứa nào thôi dám rủa bác tau bị codonqua .,1
giống người không lắm,1
làm gì cơ chuyện mất hết như vậy_mà người_ta chịu về k .,0
chào mọi người tùng đi ngủ đây,0
yeb,0
thế này phải tìm cô nào gần nhà để yêu thôi,0
"nhà bói mù trần dần coi cho tôi một quẻ , tại_sao bây_giờ nhân_dân trong nước lại hát bài ngược thời_gian trở về quá_khứ phút_giây chạnh_lòng",0
biết vậy bắn chết ông này trước cho ông hỏi tiên chi để khỏi có corona 👾,2
"nguyễn bình vì à ấy giỏi , a ấy là chủ 1 cty . a ấy hơn chta . nên chta có quyền tôn_trọng à ấy 😊",0
đập ngu như thầy thì mãi_mãi cx dell lên được 7 e_thề,1
5 05 10 năm và 9 năm là 18 năm best toán_học trần dần,0
tiền đâu mua thầy ơi áo đắt rất đái,1
"vinh_danh . . văn_hoá việt , văn_hoá chặt chém",0
chuyện tình sena và thầy_giáo,0
quan chuc nha nc lam gi co tien_ung ho . . chj co tien chon duoi dat thoi . . ko gjam lô ngan hang so bj lắm gui . 😂 😂,1
t đã bảo là idol nó nugu nên nó cay mà,1
ba hard cc,1
bò tv nó điên á quá,1
không lo mang_tiếng chết cháy nhưng vẫn chết vì giật,0
đệt !,1
"không_thể tha_thứ cho loại mat dạy này ,",1
ước gì i ran câu cho đức vài quả tên_lửa san bằng nước đức nhỉ,0
dư_luận viên vào sủa đi nào các con,1
clm nó bẩn_thỉu như chó rác_rưởi,2
đấy thấy chưa không có thông_báo mà tự_giác là rất tuyệt_vời del phải như_ai kia làm cả thủ_đô ăn mì,2
thầy 20 10 vui_vẻ,0
xin nhà tiên_tri đoán xem dịch covid 19 này ba_que ở mỹ ngoẻo mấy em 😊 😊 😂 😂,0
ba gà,2
thiên_đường thuế là người dân bị đánh thuế hàng_đầu thế_giới đó hả luôn mấy bác . kk,2
tôi roi,0
chứng_tỏ tụi giác_ngộ cách_mạng đỏ toàn hình người cốt heo,1
kệ mẹ mày,2
hùng anh khiếp,0
phai cho co nay 1 bai hoc de biết the nao la le do . vl . an noi qua u la mat day . . vo van hoa .,1
nguyễn trọng hiệp cấy tội xl,1
sao chúng_mày không nhịn tham_ô cửa_quyền đi .,2
tuấn anh bọn nó coi như 1 loại cảm_cúm thông_thường . ở nhà tự cách_li sẽ khỏi,0
hiền mẹ tien vu haizz,0
đm thă ng quản_trị xamlone,1
hai con súc_vật này trước_kia đội nhau lên đầu bây_giờ quay lại cắn nhau hả,2
dậy thì không thành_công,0
bê đê chúa,1
"anh_em đừng nóng , mình bắn nó trước thì mình sẽ mắc_mưu khích tướng của nó blabla",0
đập chetme nó đi abe,1
tý thâm quá anh à,0
thắm thối lồn viết văn dài quá . cần địt gì để_ý cái bọn không biết gì .,1
đm . tao là công_an thì tao có quyền nhé . đm quản_trị phản_cmn động,2
💆 🏻,0
mồm con linh không khác luôn gì như cái lồn trâu 😄 😄,1
mấy thằng sướng sủa bậy chó được anh độ cho đi đóng phim,1
được không anh êii,0
"chi nh ca i ba n châ t tiê n la trên hê t kê ca bán re lương_tâm , đa o đư c . . thê loa i văn ho a rư ng ru không co gi la nga c nhiên khi đă t chân đê n xư sơ lừa .",2
đitme ngần ấy tuổi r mà không biết đóng cái khóa quần vào thằng đĩ vượn này,1
cảm_xúc 3 nó đag nắk con của cục zàng hấp dim tinh_thần của cục zàngg nèee 😭 vl 😭,1
chiếc túi dành cho mấy đứa hay ỉa dạo,0
vl dâ u be ba,1
"bố cái thằng ad , có cơ_hội lại chả đầu_cơ luôn ấy .",2
phan linh nó họ bùi ý_thức như đầu buooi là đúng r,2
phong_cách và thần_kinh nó mong_manh lắm 🧐,1
"gay_gắt này rất gia_đình , có thái_độ phản_động",0
ngộ ha,0
thông_tin chậm quá từ hà_nội về trung quốc vừa hôm quá,0
pk toàn lừa_đảo,1
vl à ưi,1
mia mêlanô đù con này đóng tập với ông_cha nè,0
"em cũng có phi_vụ làm thêm , vui lắm , em cũng gặp 1 cô gái trải_đời cực_kì luôn , cổ làm dịch_vụ chỗ nguyễn khánh toàn",0
binh_nhì ba_que tốt_đen . tổng_tụt là thiếu_úy,0
d . u lắm m . a nhiều phong_bì phải nộp cho 3x,2
đcm mồm đứa nào thôi dám rủa bác tau bị codonqua .,2
mat lon linh công_an loc nay choi xuong lam,2
nguyễn châu gia_bảo hiểu làm gì cho mệt thấy nó ngu đến vậy thì ai đâu hiểu nổi,2
mọi người vô xem xe hiểu tại_sao bac này bị đồn này . tôi nghĩ là vị này đã tiên_đoán đất_nước mỹ bị dịch_bệnh tấn_công,0
quản_trị m éo làm ! cái chi mà tối_ngày đi vạch lá tìm sâu mà nói được có tài thì bỏ face và làm j đó thực_tế đi .,1
"đang ngủ mà , thấy bình_luận nên hỏi luôn",0
nhảm_nhí vl,1
phương minn giống nhau đến thế haha . nhạc nhẽo nghe như cc,1
vler . cái bọn này mà . không làm cái này thì tụi nó cũng kiếm_ăn bằng cái khác thôi .,2
thưa nhà tiên_tri cho biết khi nào việt_nam sẽ xóa sổ trung quốc_vậy ?,2
nhìn nó mất đập cho một trận mở mồm ra là cái lũ,1
nhiều lúc gặp nhiều chuyện chỉ dám thở_dài khóc 1 xíu rồi cho_qua . không muốn suy_nghĩ nhiều thêm nữa,0
2 cái lỗ mũi to zậy mà vẫn thấy ngột_ngạt là sao nhỉ 🙄 🙄,1
nguyễn thị hà trang yêu wa 🥰 😘,0
bon oc cho . ng gjup caj nay người giup caj kia . . thay người_ta được nhjeu người men mo thj quay ra can dit noi xau . .,2
"công_lý cái địt_mẹ m à , công_lý xử doanh_nghiệp còn dân sai thì kệ mẹ à bố m đéo uống cái gì của thp cơ_mà để những con chó như m cắn càn thì xã_hội loạn cmm r m phạm_tội xong m kêu m nghèo , mù_chữ đéo biết luật thì m vô_tội à thằng ngu , hay m lại bảo nó tống_tiền là đúng đi",1
tô chén dĩa năm nay sẽ thật khua lộp_độp .,1
1 ty ma không bang mieng vai chui lon con_người an noi biết la do vo ho c không co dao du c thu do se bi qua bao se che t tham . .,2
nhìn nhà tiên_tri vủ trụ trần dần giống con chó quá trời luôn ta ơi .,1
cảm_ơn em da dạy_dỗ con linh khùng .,2
29 vl 40 con kì_thị lgbt,2
lương_y_như từ mẫu,0
"nhìn cái mỏ giống cái l quá , cho_nên mở_miệng ra là l không hà .",1
". . rút kinh_nghiệm , kiểm_điểm nghiêm_túc và trong tháng này đồng_chí trưởng công_an xã an đồng cũng nghỉ hưu theo quy_định",0
"mới biết chútrần dần gần đây yêu chú quá , mong rằng khi mình già mình vẫn giữ được tinh_thần tươi_vui như chú",1
to quá lam p . h . a n . a . t việt nam roi,2
con điên,2
dư_luận viên ngu cười lại còn lắm đứa hùa theo thể_hiện đầu_óc chó đúng là cặn_bã . lại còn lắm thằng bảo việt tân tài_trợ phan anh nữa chứ .,1
nhà tiên_tri nói sai tên tổng_thống mỹ rồi không phải là đônachung,0
nghe như bị hiếp_dâm vậy đó,0
hôm_nay tộc_trưởng đăng hơi nhiều đó nha,0
nặng vl 😃,0
tôi không có ý gì có khi nào đeo vàng giã không,0
địt_mẹ quảng_cáo,1
"thảo_nào bắc dân triều tiên ai cũng ngủ tốt , ăn khoẻ , tăng cân nhanh . .",2
nói_chuyện xóc óc chó,1
"nói_chuyện thiếu văn_hóa , tục tiểu , không ra_gì",2
nhím thì bỏ_qua đi à,0
quản_trị làm một bài post để thể_hiện sự ngu_si . chắc sợ mọi người không biết,2
như cc z thầy ơi v,2
"nhật_ký yêu nước nói vấn_đề này rất chính_xác vì làm cán_bộ công_chức trong bộ_máy nhà_nước mới có nhiều cách tham_ô , nhũng_nhiễu , hối_lộ , chạy_chọt và manh_mún , thì mới có biệt phủ siêu xe .",2
đụ con đĩ mẹ thầy nhá,1
"vẫn chưa hiểu hả ku , hay bướm ? 11 là ngày làm 12h , 1 tuần làm 1 ngày đó",1
thấm rất l n,1
hoàng_anh từ tư 😁,0
cai mat nha tien tri quá tran dan . nhin giong cai phau cau ga cong nghiep wa mọi người oi,1
lại nữa àh . . tụi thân cộng nó như sói đói . . luôn_luôn rình_rập,2
abe phiên_bản thái hã anh_em ?,0
"đàn_ông hq đẹp_trai có nhiều hay không thì không biết thật , chứ có 1 thói_quen thấy rất nhiều nhổ nước_miếng .",1
chúng là cùng một bọn với nhau,1
đ o hiểu lun,1
hot bình_luận,0
cảm_ơn thầy vì tất_cả ! !,0
việt nam là nơi lấy cảm_hứng của iphone,0
duy trần cho xin video với bạn ơi,0
nguyễn hằng khanh nguyen hay ăn nè,0
"800 like đó là phần nhỏ trong số hàng tỷ người dùng facebook của tàu , suy ra số_lượng óc chó chó của nó không đáng_kể v",2
v sẽ là những ngày off stream vì lí_do trông con v,0
đút vào mồm thầy,1
aba cứu tú thỏ ngọc với . .,0
đúng là cháy nhà mới ra_mặt chuột .,1
đm chúng_mày,1
van hoa doc tai ! !,2
miện giống lôm trâu,1
ngu,1
chúng_nó ăn ghê vạy . . chứ đè đầu bắt tù ngay thằng nào dám dành ăn với nó ! cho_dù là bán phở !,2
"chị nói_chuyện quá sản khoái 100 like cho chị , quá thực_tế",0
"quan_trọng là cãi tụi nó nên tụi nó cho lên đĩa , chứ làm sai thì ai nào không sai ? với lại biết ai chơi không mà nói ông thanh nào đì , dám nói ông thanh đà_nẵng lắm ah",2
não chivas bố vl tổ_sư thằng bại quang,1
10k tỷ là bằng tiền thuế đất 400 năm ! cầm_quyền mấy chục năm để lại hậu_quả di_chứng mấy ngàn năm !,0
đhs nói ngu vl,1
không có lương nên không hi_vọng nên sẽ không phải thất_vọng,0
cứ hỏi cháu gần phúc đi . nó làm gì ra bác 500 tỉ trong tài_khoản,1
khác đ gì xăm tên người_yêu cũ không,1
đéo lo bị cháy 😁 😁,0
hay quá anh ơi v,0
nhị thắng cực địt cười mẹ mày,2
"ở mỹ cầm bảng trump is putin s puppet chẳng sao nhỉ . ở việt_nam mà cầm bảng lú là con_rối của tập , sẽ bị tống vô tù vì tội . . tiết_lộ bí_mật quốc_gia cười",2
và chúng_nó nghĩ rằng đây là sáng_tạo chứ không phải ngu_si hay giết người 😡 😡,0
thinh nguyen bỏ nghề rồi . 😂 😂,0
mỗi người 1 công_việc . . dm thằng đăng bài ngu đéo chịu được,1
mấy cái quan bệnh_tật của thời_đại,1
may không biết nhuc . may con lay chim nua nhuc qua . ma,1
nhạc làm riết hổng có hay,0
chai sting vô đầu nhá thầy cô_lập cl à,2
"này ngu lồn quản_trị thằng google không tính phí đâu , xem_lại không_phận là cái gì đi",1
aespa ăn gì mà chủ tus cay cay_thế xin thật thưa rằng ăn pak 😌,1
quả mồm sang đéo chịu được kk,1
nguyễn tiến đạt hình_như bạn tôi fan đội này,0
bắt được đừng chữa nhốt vào cho chết luôn . . loại này đừng để đẻ trứng ! !,2
"bị điên à , nợ tiền nó chả nhắn_tin gọi đòi",1
cái thằng bd lộn kiếp nỗ banh nhà lòng,2
mấy người này tào_lao không biết hây sau mà nói sai mãi lắm,0
lãnh_đạo ngu_dốt thì dân khổ thôi chúng vẽ để kiếm_ăn nhưng đâu biết hậu_quả vượt nắng thăng mưa cười,1
múa như cái biệt_danh susan chó,1
má nó đau tim vl các ông ạ,1
tao nhắc lại đéo có nước nào quân_đội giỏi như nước tao địt_mẹ cấm cãi nha mấy con bò 🤣 🤣 . doanh_trại trốn phía sau mặt_tiền thì phải cho thuê để kinh_doanh tụi mày thấy nó tài chưa 😯 😯,2
thằng ngu người này ai đi làm mà chả đóng thuế . doanh_nghiệp lớn kiếm nhiều lợi_nhuận thì đóng thuế nhiều . thế theo mày đóng thuế_nhìu là muốn làm gì thì làm àh .,1
"chị pa còn trinh có cây đinh chính giữa , chị pa đẹp bên lắm có 2 hòn_dái 2 gái",1
t bên này t còn dell giám dùng tien mà s chj 3 xaolol vay nhà toàn trã góp s a cl,2
39 44 nhìn mặt bác tiger lúc này hơi buồn,0
linh khùng,2
mai ngọc hiếu còn phải nói,0
đây là táo liên_quân_quản_trị ơi nhầm sang táo_quân năm nào cũng lèo trẻ_con vậy,0
chuyện người_ta làm chúng bây ở đây làm thầy_bói . rảnh háng thật,2
"kh pacpo hôm_nay đi bảo , ngày_mai bán_dâm nuôi đảng",2
chán cười_mẹ,1
đúng v r à ạ,0
cô my ơi ở lại với e đi kệ mẹ thg lozz ba gà,2
thuế_má đóng đầy_đủ ! làm đéo có chuyện t nợ 29t .,1
giọng cuốn thực_sự,0
dm . chu ng bây su a bâ y co n no i a . nguo i ta no i câu na y chu ng bây_di_ch ra câu kha c . no i nguyên_văn thi co pha i hay hơn không,1
cuộc sông mưu_sinh 🏦,0
"ăn_thua gì , đón ăn_mừng con khỉ nói tiếng hoa cũng chết vài triệu mạng rồi .",2
thế_thì e chịu,0
cái đảng thối_nát,2
chúng_nó t . h . ố . i n . á . t mấy chục năm rồi chứ không phải là bây_giờ . lắm .,2
cực_kì khuyết_tật thật,2
"tổng_bí nói 1 đằng , thằng thủ t thì làm 1 nẻo , chán",2
ở một diễn_biến cực_kỳ thuyết_phục,0
thì ra thầy đã có tính tấu hài từ lúc làm tuyển_thủ chuyên_nghiệp,0
đớp lắm lam gi chang beo nhu lợn,1
"có gì mà căng , bị nhiễm chứ gì , sang việt_nam chúng_tôi chữa khỏi hết 😏 😏",0
máy con đ i ê n nầy sao không ai nhốt lại để loạn hết,2
cươ i gươ ng vl,0
thần_đồng phùng thanh độ,0
lộc phát cútt 🔪 🔪,1
đỉnh cao_trí_tuệ của cán_bộ đảng cộng_sản việt nam là đây . .,2
địt_mẹ m óc chó cức lắm . . đm cho cũng chửi đéo cho cũng chửi . . đm . tay nhanh hơn não à . . đéo được bố_mẹ cho đi học à . . thua con chó,1
hop_li,0
"sai ! nhiều phụ_nữ chỉ có cái loz là phụ_nữ , còn đâu là sự xúc_phạm nặng_nề người nhìn đó bạn",2
cả 2 cũng chỉ ngu như nhau thoii khỏi so_sánh,2
siêu đớp,0
"thằng quản_trị không muốn bme nó ra tù đấy mà , rõ khổ",2
bả lên ti qui đẹp dễ sợ ! ! duyên_dáng hà 👍 👍,0
3k rồi ăn nhiu tiền r mà vl binh dữ,1
tran thanh liem ngọc hà_cười,0
"đào q . anh q . anh_đào câu kia là ông độ nói , người_lớn th cha m",2
nhớ lại thủ_tướng thời cá_trê lắm phi_a3d mua_sắm đồ bỏ như vụ vinashin lãng_phí kinh_hoàng . bây_giờ thủ_tướng phạm minh chính như cá_chép vượt qua ngàn_vũ môn mong đất_nước_hóa rồng . thấy thuơng quá .,0
hoàng xuân tâm mày muốn đợi tùng ra mv thì mày phải ráng chờ anh gd tung sản_phẩm đã khi đó tùng mới có ý_tưởng ra mv cho mày xem,2
trường_hợp cai éo ji con này . dm nc éo có logic cc ji bị cả cộng_đồng nó chửi cho sml cho cm may lun_nghiệp,2
"cần nhân_giống bò này gấp , để sau_này đi nghiêm thu công_trình . cứ cột mỗi con 1 cột điện , nếu kéo không đổ thì chất_lượng công_trình oke . .",2
chúc kênh panba được nhiều sub . yêu abe,0
tránh ra để cụ 👌,0
lưu thanh tâm hãy bắt fpt đi,0
quản_trị lại sủa,1
"đm lắm , đéo hiểu sao cái đầu của nó lại nói ra được những lời đó , so_sánh nó với con chó thì nhục con chó qá",1
"buitôi chửi nó để trong ngoặc đó bạn , chứ tôi biết thằng ba_rọi này mồm nó hơn cống công_cộng , từ_thiện mà sủa như quái_vật vậy , mồm nó độc quá , mồm nó chửi tục vậy thì tâm nó chỉ tà_kiến và ác gian_tham thôi .",2
"đã bảo rồi , hát hay thì đéo cần beat , hát chay vẫn hay",0
hưng yên địa linh lắm nhân kiệt phết nhể,2
nghe đến đoạn cuối thông đít nhau hàng ngày 😂 😂 buồn_cười vcl,1
lúc_nào tôi cũng ủng_hộ dách 💁,0
giống nhau như hai giọt nước,0
"cô minh hiếu đẹp và dễ_thương quá 😍 , i love you chu cà_mo",0
hàng nóng,0
con me nay an noi lao phe t mai mo t bi qua bao nang ne,2
"mày chửi lq xong bị thằng âm_binh 11 nó lừa cho hơn trăm triệu , nhục mặt , gậy mày đập vào mặt_mày , đáng_đời , chửi người_ta làm_sao mày gánh hết .",2
"hiến máu phải chờ xét_nghiệm có kqua rồi mới đưa máu vào sử_dụng . đất_nước văn_minh , giống loài thượng đẳng đấy các bạn ạ 😢 😢",1
"dm , nó giàu nó mặc như cười người_ta bảo đẹp",2
ngộ l ghê ta ơi,1
xin_lỗi thầy 😭,0
ong cung gan dat xa troi roi chu yêu vui thoi ban oi,0
như thắng dien,1
cái miệng mày chửi dẻo mỗi ngày mày không_phát_ngôn từ đó là ăn_không vô_phát_ngôn không ngượng miệng mày xấu mà có được nhờ ra_công_viên nằm ngửa,2
đúng là luôn 1 102 danh_hài,1
chắc tiệp nghĩ tiệp là hạng thượng_đẳng,2
chuẩn rồi . bọn nó không có lập_trường và định_kiến . loại người như vậy sống cũng éo để làm gì . đúng sai mà còn không biết thì biết gì ?,2
vợ mình nó say xe oto,0
cuối_cùng thì họ cũng được cảm_hóa và nhận ra_bộ_mặt thật của những kẻ gieo_rắc chiến_tranh,0
giúp e làm_đẹp với . e không có điều_kiện . không có khả_năg nhưg thấy có người đẹp e rất thích,0
top 1 mọi người êyy ở nhà xem giải mọi người êyy,0
cho nó cướp đê . mai_mốt có gái trung_quốc để chịch . ngu vl vừa thôi .,1
lợi_ích nó dồn vào phần gọi là tinh . hoa chứ nhân_dân trên toàn thế_giới đều muốn yên_bình,0
xin vid,0
nấu nổi canh chua như cái bả lồn vậy ai dám ăn . tao nói hả cái mặt của mày nhìn như trái hủ qua,1
tiên_tri gì nói_xàm chết mẹ,2
hẹn mấy đứa tại do1 samsung secc gamecon2019 nhé ! !,0
"giấy chủ_quyền bỏ trong tụng , câu nói chân_chất miền tây",0
"phải nói cho rõ là chính_phủ tặng chứ thủ_tướng lương có hai chục triệu thì lấy đâu ra tiền mà tặng , thực_tế thì ông cũng không bỏ tiền_túi ra !",1
trò_hề của xứ cờ hoa được dịp biểu_diễn rồi à,0
chắc quản_trị bị nó tóm ngồi sau xe chụp đây . . tội quản_trị ghê ! !,0
phạm văn lộc đây mới là idol chính_hiệu,0
"vả vô cái mỏ loz mày bây_giờ , thứ học_sinh trời_đánh",1
mong thầy sẽ đưa ra những giáo_án mới cho bọn em và những reaction bổ ít như là láy máy_bay của bình gold chẳng_hạn 😂,0
tân à xin vd anh ơi,0
thành_phần tham_gia giải bóng_đá này chắc thuộc tộc mũ cối dép râu bên kia vĩ_tuyến rồi .,2
đi cách_ly chứ đâu phải đi du_lịch 😉,1
bưng bô cho tàu,1
độ chúc các bạn coi stream vui_vẻ said,0
chào chị ạ,0
đùa nản vl thề,1
kinh_doanh mà suốt ngày than lỗ . kinh_doanh để ăn cười ak . dkm,1
thầy ba bẩn_thỉu lắm cô ơi,2
đảng con bò,2
cảm_xúc dữ dị,0
trúc ngân bị đứng view à ?,0
đúng thực_sự 😂,0
và hàn_quốc xem người việt nam bên đó như ăn_xin,0
dạng như con mụ bộ y_tế khóc khi bệnh_nhân uống phải thuốc giả vậy á,1
anh yêu tất_cả các em 🙏 🙏,0
quốc thắng chẳng có gì tỏ_vẻ ghê_gớm ở đây cả . các bạn thích các bạn được vào bày_tỏ ý_kiến . mình không thích thì mình bày_tỏ không thích . động đả gì đến aii 😌,0
"đm nứng lòn ghê dị hà , ngta đánh_đôi 3 đi đánh_đôi heo , dừa lòn 🤣",1
nhin nha que vl 😒,1
"hải_yến kệ cm m luôn , tụi t thích là đx",2
trước ngày giải_phóng sài_gòn giải_phóng miền nam năm 1975 tổ_chức cia đã vận_tải hàng chục nghìn con lai hoang thai trong các cô nhi viện miền nam việt_nam đến các trại tỵ nạn nước_ngoài nuôi dạy huấn_luyện phục_vụ hậu chiến_tranh việt nam hiện_nay là những kẻ hậu_duệ iệt nam cộng hòa sài_gòn và các con lai hoang thai rất mong sự quan_tâm cảnh_giác cao của mọi việt_nam và các cơ_quan_chức_năng người,0
"đĩ mẹ nhung , lựa đi em",2
dau đầu quá mọi người ơi,0
"sống chó thế , cách_ly cả nhà nó không sao , liên_luỵ cả làng mới ghê",1
chị đâu có biết ông hùng bà tư nha là ai . . chị chửi đại . . trời_ơi chết với cô . .,0
bùi đức hợp_lý vl,0
"nail là 1 nghề như nhiều nghành nghề lương_thiện khác nhưng dưới bàn_tay đen_đúa của tuyên_giáo nó thành 1 cái nghề thấp_kém , hạ_đẳng . nghề nào cũng để kiếm sống , nuôi sống gia_đình , phục_vụ xã_hội cộng_đồng không phân_biệt giàu_sang hay thấp_hèn . bản_chất của cncs là bình_đẳng bác_ái nhưng những hiện_nay họ đang thực_hiện hoàn_toàn trái_ngược .",2
sáng có cuộc họp khẩn_cấp để bàn địa_điểm và thời_gian cho cuộc họp vào buổi chiều,0
ở đâu mà trời vẫn trong xanh vậy anh,0
con me nay an noi lao phe t mai mo t bi qua bao nang ne,1
không cho tụi tôi được nghỉ mà thắng . . thắng cái puồi à,1
đcmm đi chết đi,2
"cho không mat duoc nga voi , nhung chi 3 an cuc duoc do nha chi 3",2
chị là người khẩu xà nhưng tâm phật . chấp nhất gì với cái thứ đó chị ơi,1
sẵn_sàng,0
sao trung_tâm thuy nga không mời ông này làm diễn_viên hài nhỉ ! !,0
chết lắm với cộng_sản thôu,2
tao cháu ông tổng_thống mỹ nè . đụ má xạo lồn .,1
fan thầy lắm đấy 3 heo à,2
nhìn bộ trên tường với cái ghế là đúng kiểu bạo dâm,1
"dm . . thằng assmin này phản lại cái động . . bố nó thông_minh , tài_giỏi mới làm lãnh_đạo . . nó có gen di_truyền_thông_minh , tài_giỏi đó mới làm lãnh_đạo như bố nó . . không_lẽ mày muốn thằng phụ bếp làm tủ_lạnh , thằng thiến heo làm tbt . . v . . v . . dm có mà xuống hố cả nút đất_nước này ah . . dm . .",1
xem công_an và báo nó rãnh hơn nè ! thông_báo người_ta lên kiểm_tra xe mang theo giấy_tờ nhưng mà toàn_bộ xe giữ chả có thông_tin gì . . vậy_mà cũng tốn mấy trang báo để đăng ! . . nói ngu thì kỳ nhưng chắc vậy thật gọi là đúng quy_trình nhỉ !,1
là áo cởi múa bụng nữa cũng hợp vl,1
cuối đời rồi ông trần dần cũng nghĩ ra được để sam hoi đoàn_kết để còn một_số_thành_phần chống cộng nghĩ_lại,2
"không có tiền , thì sống làm saoo v",0
l ũ á c q u_ỷ t à n á c v ớ i d â n,2
trung đầu nấm,0
đung tới bac kỳ la em sẽ tiep tuc co cuoc song không binh yen ne nhe để xem nhieu tap,2
thầy_giáo ba ngu như ba_rọi béo,2
luật của việt_nam thôi cho người nghèo dành,2
"không chết vì ô_nhiễm cũng chết vì hoá_chất , còn không lại chết vì tai_nạn giao_thông hoặc chết vì ung_thư hay bệnh_tật . quá_lắm là chết vì tàu xâm_lăng thôi . thằng quản_trị mày lo nhiều quá nên đăng_tải lung_tung chớ dân đông lào mình đồng , da sắt , c . . t bằng bù lon mà sợ chi hahahaha",1
mang k atm cao_lãnh tới đây,0
bậy bậy nà ! bụi khói bao_trùm hà lội là do cụ cả đang đốt rác_rưởi bằng lò tôn đấy ! năm nay cụ dọn nhà_ăn tết sớm nên hơi ô_nhiễm tí . . bà_con thông_cảm ! đang đốt hối_hả để 2020 mời thượng_khách phương bắc vào nhà !,2
cố lên những người con việt_nam,0
phạm đăng the mat nươ c do roi ma không biết ngu ma con kich với dong,1
anh ơi đau vcl,1
cả đám nó nhoi nhoi như con dòi trụng nước soi,1
hép pi niu yeahh,0
lớn vậy rồi chứ không phải rầu nha đũy ơi,1
nó xl cô minh hiếu r,0
con linh này nói_tục không có duyên đồ mất_nết 😎,2
cười chị thấy cái đó là chị xỉu cười cười ỉa với bả,0
yêu cái db tốt nhất không yêu,1
chán anh,0
nhìn muôsn lại kéo khoá dùm quá,0
hãy nhìn ánh_sáng của đảng và quên đi sự bất_công của cuộc_sống . 👌,2
con này xấu giữ vay trời,2
ủng_hộ 2 tay cách này luôn,0
chi 3 cai gi cung co nhung cai lờ la chi 3 he t kiê p nay cung không bao gio co .,2
"thấy cái đó là xỉu vậy giờ bà cũng có cái đó đó cuối xuống nhìn có bị xỉu k , nói_chuyện xạo quá",2
chưa gì mà nhiều interfan đòi tẩy_chay không trend không xem live 🙏 . mọi người có chửi thì cứ chửi con 3 nhưng oy là tâm_huyết của đoàn làm phim và lo mà nên phân_định rõ_ràng . hãy ủng_hộ oy thành_công vang_dội sẽ có_ích cho độ nhận_diện và sự nổi_tiếng của lo sau_này rồi,1
"đm có mỗi con đường cho mays chị_em buôn_bán , con đường cho mấy anh_em mua mượn . . vậy mà giờ biếc cố xảy ra . . không biết_mấy chị_em còn tâm_trạng đứng không nữa . . hay lúc nó rớt xuống sợ rớt mẹ lồn ra đường thì khỏi làm_ăn gì luôn .",2
nguyễn bảo chấn clm,2
cc ne chu tich . phạt tao đi .,1
thầy cởi quần thịt luôn,1
thâ y tô n tiê n nha nươ c không mâ y chi co y thư c,1
ai bên cạnh chị trang mà xjh_thế,0
chị ba đẹp gái có hai hòn_dái hai bên,2
phạm mạng m lag chứ chậm cc,1
aba mới tung video cực hot_nè .,0
đông phương ba bại,0
trần thị ngọc ngân mày nó người_nhà luôn hà,1
thằng xamlol . m không dùng hay dùng thì t care à vl,1
"nói như là việt nam chẵng có cái nào . nhờ đãng và nhà_nước nên giờ chiếm được 21 điểm . còn cái vụ năm 74 cứ trách người ở miền nam . thế có thằng ở miền bắc nào đó đã nói là trung quốc chiếm giùm , mai_mốt sẽ trả lại .",2
"thằng trẻ nó sai_bảo thằng già tuổi như cha nó để nó sai_bảo cv dưới chỉ_đạo của , nó 😂 😭",0
"bỏ_tù hết những cán_bộ lợi_dụng chức_quyền tham_ô , chiếm_đoạt tiền nhân_dân .",0
quá khốn_nạn cho nền công_lý tại luôn vn .,2
rơi vào cuộc đại khủng_hoảng ! !,0
cuong đmm,1
long nguyễn do não m khôn hay ngu thôi,1
thú_vị,0
bao_giờ thì định_danh được mạng xã_hội luôn vậy cán_bộ ơi,0
m tính chơi bê đê à,1
dù ai nói ngã nói nghiêng đỷ này vẫn xạo lồn như xưa,2
tộc_trưởng thêm tuổi mới thành_công . đưa bộ_tộc của mình vương cao hơn máy tộc nho_nhỏ kia . vũ_huy,0
chuyện ở không kong là một giấc mơ của thiểu_số người việt mà thôi ! . . trưa đọc tí truyện hài cho vui nhà quản_trị ơi,0
mái tự cắt . đuôi thì ngồi cày 6 tiếng với giá 600k cảm_thấy ưng,0
địt_mẹ thắm,2
add tài_khoản mình có link,0
"khi sự_thật nó trần_trụi thì chả con bò nào chịu như thế cả . tư_duy chỉ cần thắng bóng_đá còn nô_lệ , ô_nhiễm chết lần chết mòn , dân_tộc suy_vong thì mặc_kệ . chính điểm yếu này mà tầng_lớp thanh_niên việt_nam bị cộng_sản dắt_mũi như những con lừa chỉ bằng vài trận bóng . sự_thật luôn nghịch_nhĩ .",2
đm tao cười đái,0
trần dần nói về vấn_đề tức diên nè anh_em,0
lâm đỗ hoàng thông panba,0
mat day bg chui tôi bát ký coi chung may người do di_tim may do song không yên_dau,2
minh công như thật bây gio tôi ghét bọn hàn nói ghét cức,2
mau lớn rồi kiếm fuho mà làm chứ ăn cơm với tôm cua alaska khổ lắn con ạ,0
con c . a nhổ nuoc bọt với danh dan thì xloi song huề,1
taocutaodiia nghiệp quá cô 3 ư,2
"chi chi linh loc e nghe đi chi , e ghiên nghe mây chi chui",0
bảo tín đi du_lịch gặp con gì ngứa ngứa ở biển e đã sợ lắm r sao xuất_hiện con này nữa,0
lên múa võ cho bà_con xem đi ông anh,0
đề_nghị tiễn putin lắm đoàn_tụ với giáo_chủ cho có . đồng_minh,0
"đặng bảo tào_lao , nhạc trước giờ cũng jack nó sáng_tác chứ có cái đb mà liên_quan kicm , bài hồng nhan trước đó chắc có cứt tên kicm trong đó",2
"văn_hóa xứ bắc hà có khác , thô_tục",2
đứa nào năm vừa_rồi chưa đóng học_phí cho abe ?,0
"đm , thằng giám_đốc này đúng ngu hơn heo . nó nói mình thì j kệ mẹ nó rồi âm_thầm đì . đây lại tố_cáo thì khác éo cũng nhận mình là thằng mặt heo cho cả thiên_hạ biết",1
"họ nhận lương từ chính_quyền , chính_quyền làm sai , mọi người hảy chửi chính_quyền , bộ_đội họ không có lỗi , họ đáng được xem_trọng nhiều hơn thế , còn về mc thật phan anh , mình không làm được như à ấy nên không bình_luận",2
nói gì vậy lão vô văn_hóa,2
nhiên nhiên,0
đê_khỏe bà bê mấy khoang khoác_lác,1
"chắc tôi nhấn vô nhầm bình_luận rồi , sorry bạn",0
"mé ơi , bã phun câu nào cười ỉa câu đó yêu cô hiếu",0
gọi là báo nhưng chúng là bồi_bút của lũ cướp nên chúng tiếp_tay cho bọn cướp,2
đm mặc sịp vào chim to vcl ạ,1
đụ_mẹ à be,2
like hộ mình cái ảnh bià với ạ,0
rất thật lạy luôn 😰 😢,1
"học dối học_giả . . kiến_thức nông_cạn , phát_biểu nông_nỗi ! . . japan technology thương_hiệu toàn_cầu mà đi chê_bai ! ! . . làm ảnh_hưởng đến quan_hệ hữu_nghị hợp_tác với đối_tác nhật bản . . ai làm được việc người ấy có_lý ! ! . . đằng nầy công_nghệ xử_lý nước thối made in hà_nội của nhóm lợi_ích chưa làm được gì trong khi tiền thuế của dân đã đổ hàng bao_nhiêu tỷ bạc vào mà nước thối vẫn thối ! ! . .",2
con này vừa xấu người vừa xấu nết khẩu nghiệp nó lại nặng nữa chứ,2
tội_nghiệp con này nghiệp nó nặng quá nó chết hết đầu_thai,1
bậy rồi . . quản_trị đăng bài v nhiều cháu bò lại sồn lên . . phải có liềm tin tuyệt_đối vào đường nối chính_sách của đoảng trung khựa . . cứ đăng bài kiểu này là mấy cháu bò hoang_mang lắm,2
ăn hê t . trư con gi nă m ngư a la không ăn,0
cái lồn má toàn danh_hài thế này v,1
mình bị gạt nè huhu chửi nó nữa đi cô ơi,0
"ngu một_cách vi diệu luôn . thật_sự bất_ngờ vì có người n g u như_vậy có_thể tồn_tại , không chỉ 1 mà nhiều",1
một lũ sân si thấy mình không được như người_ta rùi ranh tỵ he có giỏi làm được như cô hằng đi rùi lên_tiếng,1
ba con hot_cut vao ma an_nhe,1
thưa nhà tiên_tri cho biết khi việt_nam nào sẽ xóa sổ trung quốc_vậy ? vl,2
bede ha j,0
cay rất c,1
bhxh đóng để nữa tiền bù thâm_hụt ngân_sách thôi chứ không phải vì công_nhân ! đóng cho cố vào không biết có lãnh được không lấy !,2
rơi ngay vào người đi tiếp_xúc nhiều mới đau,0
buồn cho nền tư ư pháp việt_nam,1
ben my sao cung co quai thái nua vay troi . . song lam gi cho chat dat,2
đêm nào e cũng xem liếp của chị hết . hình chị có_hậu và đẹp lắm chị à,0
"mẹ . hởi thằng nào muốn tự_tử , cứ làm gì đó cho công_an bắt rồi về nhà tự giận thằng quản_trị sẽ có bài tít công_an đánh người tại công_an mà chết người . . đúng là thằng quản_trị bệnh quạn",1
gai ha noi bay han vao tphcm ba mat mot lời với ông trùm mỹ_phẩm đào bá trí kìa,0
cái củ cặc gì cũng nói được hết,1
xin tên clip đi ông,0
"pakistan nó dùng máy_bay tàu nã máy_bay pháp của ấn chưa kịp cất_cánh . mỹ giờ nghĩ tới triều_tiên là teo mẹ 2 trứng dái rồi chứ nói gì đến tàu . việt nam thì khỏi phải bàn , sợ tới 3 đời sau",1
nhìn thầy có khác gì th nghiện không,1
"người_ta có tâm người_ta làm . người_ta chả nhận lợi_ích hay bổng_lộc gì cả . mấy bố ăn lương cả năm , ai làm vl tốt cũng được tung_hô hết .",0
t lâm biết tiếng lèo huệ ơi 🤣,2
đầu đến_nỗi vậy lá quốc_kỳ mà dân_tộc dưới sự lãnh_đạo của đảng mà không có đủ khả_năng mà phụ_thuộc vào trung quốc quá vậy xao quá đi,0
minh tri tran mai_mốt đừng kể nhau chuyện cười nhaa,0
quốc vinh mẹ e nói dịch về gần tới r mà học j nữa,0
idol nè vũ khắc cặc,2
mấy thằng bỏ vợ bỏ con_ruột máu_mủ của nó mà nó còn vứt đi mà cũng có người tin vl nó nói thì chịu . bình với bóng,1
nhu c mặt chửi nhau roi giờ chơi nhau chửi mướn đề con vợ trả tien kaa,1
perfect,0
không liên_quan tơ i sân bo ng ai cu ng co đơ i tư cu a ho thân làm thì dạ chịu nên tôi không ba n ca i,0
đảng cộng_sản thật tô lâm,2
"nhật_phát bạn nói càng thấy bạn ngu thế những người nuôi bò dê lợn gà vì yêu_thương nó , giờ họ cấm bạn ăn càng chịu không đến thua với lí_luận ngu_si",1
lê huyền người ư ? sinh_vật hạ_đẳng chứ ngươi ai lam thế .,2
"con na y thư c sư no giô ng như con thu nhô t lâu nga y , no chư i ca dân tô c , cho du thê na o chăng nư a no cu ng pha i đươ c truo ng tri đê la m gương cho như ng ke kha c viê c no xin lô i mo i ngươ i co châ p nhâ n chăng nư a chă ng qua la mô t ti nh tiê t_gia m nhe thôi chư co n tô i cu a no thi không thê tha thư đươ c .",2
"đã like avt của t bao_giờ chưa mà gáy , làm như t cần m dùng face lắm ý",0
so lo,0
mệt đầu với tụi nhỏ râu đó lắm chúng_nó bênh bất_chấp luôn 😂,1
dân_tộc trường_tồn là sao ? ai cắt_nghĩa tại_sao phải viết như vậy đi ?,0
be de khung,2
mua vài cái về chơi,0
anh_hùng bàn_phím nữa,1
hà phạm,0
bạn mới sàm đó,2
tiền của tao . phắc !,1
không cho chúng bố ăn là chết với chúng bố . thiên_đường xhcn nó thế đấy con ạ .,2
trần bình trọng vừa xog 1k like các bác sống nhanh vl,1
"e làm thẩm_mỹ đẹp_trai quá , muốn làm_quen với em ấy !",0
"linh_chi làm thêm á cưng , nhớ dzô ủng_hộ 💃 🏻 😍",0
choice,0
em chào chị ba chị ba có tấm lòng từ_bi luôn giúp các em nghèo_khổ,0
l . o . a . e p . h . a . n d . o . n . g n . a . y n . i . n c . luôn u . t,2
gay to vl,1
chuẩn men luôn à ơii,0
vài bữa nữa cty lục tỉnh ra thông_báo xin_lỗi xanh bôn thì lại hài vcl 😂,1
nguyên_mẫu,0
hahaa cừi ỉa,0
hay quá,0
cầm gậy lên là làm công_an_sĩ,1
mà công_nhận cô này xấu người mà xấu nết thiệt . người_ta gọi là xấu đều là đúng,1
một luôn lũ ăn_bám,1
má bẩn_thỉu vl,0
ơi cười quá má xạo,1
vũ thanh tùng chồng_con r tán cẩn_thận gãy răng . mà bạn ấy chưa j đã vào sủa phun toàn cứt kiếc thì ai dám tán,2
"so_sánh khập_khiễng . 1 bên cs , một bên tư_bản",0
đợi đợi cl,1
em đẹp lắm,0
nghe tới bạn_bè óc chó nổi cục . . ớn xạo cười không hà . . thứ ăn cháo đá bát em thấy nhiều chị ơi . . bớt giận bớt giận 🤫,1
cái này lâu rồi . và lão này đợt đấy cũng bị chửi rồi . chắc giờ lên thứ_trưởng rồi cũng lên . v,0
phạm văn lộc con đỉ mẹ mày tus nào cũng thấy liếm fame,2
em thích chị cực thích từ lúc chim chưa mọc v . .,0
e muốn gặp c e phải làm_sao ạ,0
khúc cuối anh cười cảm_động thực_sự,0
tối này thầy live không nhỉ,0
nhật trường giận bay màu 😃,0
nhung phạm giống mình đi không quen nghe mùi máy_lạnh là ói sml,1
"đâ t nươ c mi nh như ta ng băng chi m . loa n la c qua ! ba me đi la m quâ n quâ t kiê m tiê n , ca c thuê phi xăng thi tăng vu n vu t ma lương thi không thâ y tăng , con ca i đi ho c thi bi ba o vê thâ y . . ba o ha nh , la m du ng td . bi pha t",2
"mình nghĩ là bài này kiểu không phải sở_trường của jack . có_lẽ đây chỉ là màn comeback mở_đầu của anh , sau_này sẽ tốt hơn . ra nốt bài đom_đóm thì duyệt rồii",0
kay vl đang ngon bỗng nhớ lại mấy chuyện sân si suýt cười ỉa triệu huy_tú,1
mà đã bảo là idol thật nó nugu nên nó cay t,1
xn cne,0
cắt . diễn tốt lắm,0
nè cái đầu buồi abe lựa,1
"mày có biết là cái lòi cầm_thú chống_chọi zs bão lụt mà không ai quan_tâm tới là cái loại gì không , loại xúc zật nó làm cho có chứ chống_chọi con_mẹ gì tụi nó ăn của dân quá nên bây h phải chịu trách_nhiệm đứng ra chóng chọi cho có thôi con chó à , hoàng_lệ",2
"đánh chết cụ mấy tg nhà_báo đó đi , láo lz , nta đéo cho còn cố vào tự_ý hành_động , địt_mẹ mấy tg nhà_báo tốt_nghiệp ttgdtx thì có quy_củ đb j , đánh chết mẹ nó đi",1
địt_mẹ mất cái xe thì chúng_tôi đang điều_tra và giải_quyết . bán hàng rong thì giải_quyết ngay lập_tức không được để vấn_nạn này xảy ra . nực_cười vl,1
vui_vá chi ơi,0
ok thầy nhé,0
mấy đứa đạo_lý toàn sông như bướm,2
lê nhật_khoa đem qua bình_luận bên lộc sting v,0
má . tưởng ghép không á,0
"hy_sinh đời bố , kệ cho dân chửi , miễn_sao ăn cho nhiều tiền , có biến thì chạy thôi , tư_duy của các ông tủn_mủn chỉ có vậy thôi .",1
"ối , cái động của những kẻ bại_trận , luôn hậm_hực ganh tỵ với sự phát_triển của đất_nước đây sao ?",0
cái lỗn cát khôg 😂,1
mồ tổ cha bọn nó làm_trò_hề với dân . . một bè lủ hành dân để làm moi tiền dân . .,1
phai cho co nay 1 bai hoc de biết the nao la le do . . an noi qua u la mat day . . vo van hoa .,2
luyen tran y c đat nước đang yên_ổn anh cọp đừng về,0
cực_kỳ thuyết_phục .,0
con đỉ minh hiếu là con đỉ khùng bẩn_thỉu con súc_vật sánh cũng không bằng nó nghe con rác_rưởi rửi con khùng bẩm_sinh con quái_vật,2
thuế cao thì dân việt không sở_hữu được mất quyền sở_hữu,2
tại không có bàn_thờ của thằng hồ chí minh nên tụi chó_săn không cắp giấp phép .,2
ta chỉ là loại nằm_vùng tại mỹ tiếp_tục sống chui . rút để thủ lợi như thời vl sống trong bưng dùng 3 xỏ_lá để_dành chùi rửa,2
chính_thức luôn unlike page cái phản_động xàm loz này,1
nè sự . m sai m cố_chấp jo m xl à . đào đất ngủ đi r nhận ní tha_thứ,1
hoan ho bac tran dan . . nguoi viet phai yêu nuoc viet . . bat tay nhau xay dung mot dat nuoc hung cuong . .,0
chac bj dua mat day nao hach nich dang linh_tinh thoi . . chu dua nao ma ngu hon công_an cho moi sua ra cau nay . .,1
. . làm_ơn đừng làm cho dân nhờ . . có ai coi bòng đá đau !,0
liêm sĩ gì tầm này,0
áo người cao bằng các ông ạ,0
iuu tòi xúng 😚,0
chết có bắn chỉ mấy đứa mà thật cứ hâm_mộ hàn_quốc,1
nghe chuyện chồng chị mà thấy thương 2 mẹ con vợ của anh chồng . ổng lấy vợ sanh con cho tròn chữ hiếu với gđ rồi lại bỏ theo chị . mong là c sẽ giúp_đỡ 2 mẹ con kia và cũng chúc ac hp .,0
hello chi yeuui 😘 😘,0
"ủng_hộ tàu nha , ráng cương lên cho sớm gặp bác_sĩ cường !",1
thê na y co pha i yêu không,0
éo thèm nhé,1
"phát_triển kiểu vô_học , không quan_tâm tới sự cân_bằng môi_trường sống , nên cứ phát_triển đến đâu tắc_nghẽn ngập_lụt , hỏng đến đấy .",1
một thanh_niên lương 7 8 tr 1 tháng cho hay 🤣 🤣,0
"vậy_mà có cái bè_lũ đòi huy_động vàng trong dân , ngoại_tệ trong dân , ngoại_tệ đó từ nước_ngoài gởi về chứ có in ra đâu thím 7 , ngoài_ra đám con_cháu của cái hội gì đấy qua ở chung với bọn đu càng chắc cũng ăn_bám trợ_cấp của chính_phủ nước sở_tại hay ăn từ tiền ba mẹ tụi nó đi hút máu đi bán đất vậy thím 7 , so ra cái nào nhục hơn ?",2
"địt_mẹ cái luật ở việt nam sửa đi sửa lại chúng_nó vẫn rút được kinh_nghiệm hết lần này qua lần khác . tốt nhất_là cắt chức hoặc tử_hình đéo nói nhiều với quan_chức , tụi nó nhiều tiền chạy_án lắm",1
loi ma ba dung chat lun à,0
một chế_độ thối_nát . toàn những thằng ngu bầu cho nhau lên làm lãnh_đạo thì dân khổ là phải . đây cũng là hậu_quả của việc lật_đổ vnch .,2
quá ngu lồn đi,1
rất đớp 😂,1
ở 2 nam có việt thằng trung khựa thì ác với việt nam còn thằng hàn thì coi_thường khinh luôn việt nam thì kết_quả là,1
xem phim nhớ mang khẩu_trang nha,0
mat la chi ba o duoi chac la ong ba yo,2
vương hoàng thái,0
hóng top 1 thịnh_hành,0
mekong còn chảy qua thái nữa,0
chán hàn quốc thật cái trend này việt nam chơi từ lâu lắm rồi mà bây_giờ hàn mới cập_nhật 🤣,0
cái nào không bao_che cho nhau được là lôi bệnh tâm_thần ra làm lá che_chắn để chối tội vậy là tưởng như căn_bệnh hiểm_nghèo đối_với dân đen nhưng là một cái phao để cứu cho những tên cs .,2
"7749 nhóm được nhắc tên trong biến căng của mụ hề với ông bang nhưng mỗi aespa là ngon nghẻ , chắc tại aespa ăn_ở tốt đoáaa",1
hoàng vũ có tiền thì thằng đéo nào cũng đẹp 🙂,1
huynh minh luc,0
bú nhiều quá à,1
"bạn nên tìm_hiểu kĩ hơn , loạn_luân thời trần vì mục_đích chính_trị chứ không phải thích là chịch đâu bạn 😃",1
cực_kì thuyết_phục,0
vui quá cô ơii,0
hihihi nói tổng_thông cũng nghe . tổng_thống có điếc đâu mà không nghe . .,0
nhạc jack nghe nhiều mới nghiền,0
con linh ca vo nay dang bi hien tuong nung lon gio rat nang . . dang can bi hiep dam khan cap . . ca c ban dong y cho mot like 😜,2
dây_chuyền bạch_kim đó ba . mắc hơn vàng,0
những thằng ngu hay bảo người khác ngu mà không biết nhìn lại mình,1
csn đang sống nhờ ăn_mày quá_khứ ở lăng ba đình .,2
fomasa thất_thủ,0
cô ở miền tây hả cô hieu,0
day giau qua ha sao may duoc tien cua chi quá minh hieu 😡 😠 😈 sao may mat may qua da may,1
"nghèo chết mẹ , thiếu nợ người_ta chết mẹ . bộ_mặt con_mẹ gì . nguỵ_biện .",2
tú tý tởn cười cái qq à bạn,2
"đã là người có tiền thì đi du_lịch cái lúc không có dịch thì đi đi , đến lúc có dịch thì lại đéo hiểu luôn",2
fan cứng sao nay không hiện cục kim . cương,0
"đọc báo trung quốc còn ác hơn , ảo quá ma như phim ấn_độ",1
nhạc gì mà khó nghe tiếng,0
doi lên với xuống chó,0
abe moi noi cl gi v ?,1
chửi thế này là bthg đấy chắc nó làm cả việt nam khổ vì nó câu chửi cũng chẳng lj được nó,2
người dan ba dai loan dau co hoi han gi . vua dut nghiep phan to quoc . xong lai_di_khau chien tren mang xa hoi . tinh nao tat nay . dung rac cua xa hoi . nhin cai mo chui cua co ta nhu cai dit vit . qua ghe tom người dan ba dai loan . dung nen lay quoc tich việt nam nua .,2
đm thầy nhớ thấy cười,1
hên là còn đọc được tiếng việt,1
cuối đời rồi ông trần dần cũng nghĩ ra được để sam hoi luôn đoàn_kết để còn một_số_thành_phần chống cộng nghĩ_lại,2
"quan_ngại thật mà . . bác t khéo lại rờ tới việt nam thì khốn , không quan_ngại mới_lạ 🙃",0
chi oi de thuong qua,0
mỹ duyên t kể chuyện gì dạ 😏,0
cười đ chịu được luôn,0
"cộng_sản cha , cộng_sản con , rận cha , rận con . . ai đúng ai sai thì cũng chỉ là mỗi người nghe từ 1 phía , đéo có gì là minh_bạch . kẻ thắng làm vua , thế thôi !",2
biết_điều là tốt . không t cho xuống cầu sg là chít mẹ,1
đấy nghe chưa . quốc_sư nói mỹ đã xóa_cờ hó iệt nam cộng hòa lâu rồi .,2
lại hợp sâm wtf ? ?,1
m chắc cũng 1 ruột với bình lùn à,1
thà để giọt mồ_hôi rơi trên trang sách,0
có 5 thằng like . có_nghĩa bên cạnh thằng óc chó chó có thêm 5 thằng óc chó như chó,2
con đỉ chó xl này nó ở việt nam nó chết me lien,2
hom nai idol trần dần nhìn già hơn trước nhiều quá,0
trí thông_minh không bằng được người nhật ! nhưng mưu_mô xảo_trá thì có thừa,1
người nổi_tiếng mà ý_thức thật kém quá .,1
chậm cái l nhanh chậm kệ mẹ ngta đi bình_luận lắm ăn l àaa 🤞 🏿,1
hãnh_diện về người thầy có tâm nhất của năm .,0
lại đéo cayy đi,1
xl quá mấy má,1
học_sinh như cái đách l abe,2
nhìn giống váy què của chipu,1
đẹp_trai từ bé . dẫn_đầu phong_cách thời_trang ở cao bằng v,0
đây là bạn thân của vũ khắc tiệp mọi ngừoi ạ . nên ý_thức nó cũng y_vậy,1
may không biết nhuc ma may con lay chim nua nhuc qua . .,2
nay ba choi da qua bi thật hoang tuong,1
quả tóc trông khác_nào nhúm cần cỏ không hỏng hết chú tôi,0
"mấy đứa ngồi hóng đi , anh sẽ tận_thu tận gốc và chúng_mày phải chịu cho điều đó , tất_cả vì con_cái và dòng_họ của tao nghe chưa . . thằng nào không chấp_nhận tao cho ung_thư và tai_nạn hết . .",2
má nước mắt_cá_sấu kìa trời,1
nhị thắng gắt,0
đm quản_trị m óc chó cức lắm . . đm người_ta khổ chứ đéo rãnh lên đăng ba cái tào_lao như m đâu . . m cho người_ta được đồng xu cắt bạc nào chưa . . ở đây xạo lồn . . mẹ m sinh cái tay m ra trước hay sao m ngu v,2
việt nam bjo toàn thằng bệnh nhỉ,2
"khổ quá đi nè , nói được làm được nga chị ba , mà chất chị ba ở gần kho đạn",0
"cave chịch được tiền , làm thiếp bị chịch free rồi còn được đè đầu cưỡi_cổ nữa",2
con bóng vẫn là con bóng . con chó suốt đời vẫn là chó . .,2
tổ_sư bố con thần_kinh,2
cả cái bộ_máy chính_quyền của hà nội_biến đâu rồi mà thủ_tướng gọi không có thật ai vô_cảm vô trách_nhiệm đến thế_là cùng,0
xấu người xấu nết nhìn là biết cái miệng đẻ ra trước_khẩu_nghiệp,1
cho nó ngáp cho nó chừa cho mày tin cộng_sản nhe con,2
"con điên , next mẹ mày đi",1
nhìn nứng gkê à abe ơi ! !,1
người đứng đầu của một đất_nước mà cũng dễ hơn gà bị_thịt lậy .,0
sử đẹp thật đẹp cho nó biết lễ_độ và phép tắt,2
phải có người như add thì xã_hội mới phát_triển dc . nhưng add thì tù tám_đời luôn he he . .,0
"nó đi du_lịch bị lây cũng không có gì để bàn_luận , cái chính ở đây là nó khai gian , nó nghĩ nhà nó nhiều tiền , về nhà nó lấy tiền nấu thuốc uống sẽ khỏi bệnh , cái lịt mẹ nó con chó nhung 😡",2
henry chắc bà í phi_giới_tính 😆,0
thay ngáo đá lắm,1
"bênh bênh cl nè , ahihi",1
"to lam dang chet , no con song la dan cang kho ?",2
hay không mấy bạn,0
vậy những người trong clip là chó à,0
hết thời xuống núi lấy thun búng l n v,1
đập đá ít thôi thầy,2
hi bức_xúc quá không chịu được phải chửi cho hả hơi,1
con nầy tới số chửi đến lũ bắc kỳ,2
"ôi ! câu_chuyện thật hay , ông ấy trả lại là đúng , là một con_người tốt không tham_lam những gì không phải của mình . dù nghèo , dù khốn_khó nhưng vẫn giữ được trong sạch đó là phẩm_chất đáng quí , đáng nễ . ông ấy sẻ gặp được người tốt giúp_đỡ thôi .",0
địt_cụ chúng_nó muốn người dân chở về thời đồ đá mất rồi ? như thế này đỡ phải sử_dụng phương_tiện ? địt_mẹ thằng nào nghĩ ra cái luật lồn này,2
"các à các chị cho phép e xả chút ạ . đcm mấy cái thằng hãm cười đi hát cái kiểu ki_bo kẹt sỉ . ăn mà ịt muốn ỉa . t thanh_toán suốt rồi nhé ịt thèm chặt chém cái hội chúng_mày mà mấy cái thể_loại kêu t chặt chém . loại mất_dạy , chúng m động mồ động mả hả",2
không phan dong may chui vao trong nay lam gi ?,2
"có một sự tồn_tại của đàn bò mang tên cực_kỳ thuyết_phục , có sở_thích là nhai đi nhai_lại , mục_đích của chúng trên hành_tinh này vẫn chưa có lời_giải_đáp , theo như các nhà động_vật_học cho biết loài bò này có lối sống hoang_dâm trụy lạc , có_thể động_dục bất_cứ lúc_nào , con_số của loài này đang được gia_tăng đáng_kể vâng và hiện_tại đám bò lạc chạy sang tận đây rồi",1
cô này chỉ có chết mới hết gào_thét,2
sẽ là lực_lượng loạn giới tiên_phong ra trận oánh nga !,1
chúng_mày điên hết rồii,1
xa_xôi phí thanh_xuân lắm 😂 😂,0
đến cả hoàng_hôn đôi_khi còn lỡ hẹn chân_trời mà anh chúng_ta vẫn là no1 🙆 🏻,0
dân indo t thấy đéo hiểu nội_dung nó nói về cái gì,1
"đúng là mạng của bọn nó là vàng còn với dân đen như cỏ rác , mong rằng trong đám thối_nát sẽ xuất_hiện 1vị bao thanh thiên tái_sinh .",2
anh sinh_viên nghèo hải phòng và con cave già sa đéc !,1
bảo_hiểm thì nước đ nào chả phải nộp v tai_nạn ra ai thanh_toán v bóp cái tít cũng ngu v,1
các tướng sau nên học lắm bác giang đê giữ nước,0
chuong trinh sam lon qu à,1
hay_ho c . o . n c . ặ . c j mà tối_ngày đụ với chả đ t,2
ok à nhớ,0
lá rụng về cội,0
đây không phải quảng_cáo . anh tôi thấy nó tốt thì anh tôi dùng . tôi nhắc lại đây không phải quảng_cáo,0
nó lại hợp_lý vl,1
lắm tiền mà đéo bh chịu làm even cho học_sinh,1
à hỏi nhà tiên chi xem bai giờ hết dịch,0
lê ngọc minh châu đóng học_phí trong nonolive là chổ nào vậy bạn,0
chi tinh nguyen má cười ỉa .,0
phai cho co nay 1 bai hoc de biết the nao la le do . . an noi qua u la mat day . . vo van hoa .,1
sao lại có những người khốn_khổ tại thiên_đường này chứ .,2
gửi lời chúc đến các anh_em hàn_xẻng,0
"chắc sắp tới bóng cười được đại_chúng xã_hội_hoá ! khí vừa sạch , ai_ai cũng cầm quả bóng tung_tăng vui_tươi . . quan_trọng là ai cũng cười ngặt ngẹo trông rất là hạnh_phúc và lạc_quan ! đúng tin thần của đảng và nhà_nước !",2
trịnh anh xl cậu mình bức_xúc quá,0
bác_sĩ chữa khỏi bệnh cho quá một người trả tiền cho bệnh_viện nó khác .,1
như một con điên . .,2
"coi cai miêng con nho linh loc , giong nhu cai l bi sung kia , co minh hiêu chui cho no chú đi",2
dậy mà đi hỡi đồng_bào ơi,0
sau vụ này thì deo biết à có đạt được nút vàng của diu túp không á chứ e là e vào huỷ đky luôn r,2
khoái cái điệu cười_ghê,0
không hèn thì lấy cứt nuôi bụng bầu_ah ?,1
lại là bạn thôn lầm hả vậy đúng là kỷ_nguyên rùng_mình rồi . nào anh_em cùng hahaha 😁 😂 🤣 nào,2
phạm thu lắm trang nguyễn minh phượng hay_là trang lòn nhỉ 🙂,1
nghe vô_sinh nhưng con_cháu rất đông,0
khả_năng thằng quản_trị chỉ có thế . thông_cảm,1
"nó quản_lí internet , nhồi_sọ dân từng phút từng giây . dân trung quốc đông nhưng nói_chung nòi_giống cũng éo ra con_mẹ gì .",2
from mixigaming with love,0
10 59,0
bố_láo với giang_hồ đất cảng à,2
mac ia_qua,1
mặc áo stream quá đó đi abe,1
chắc có từ thời còn bộ_trưởng bộ thời . a tại bộ này mà làm c đó thì thôi phải biết lính quèn còn có tỷ đô huống_chi là bộ,2
trieu hoi ve . cho người khac sang thay,0
"cái page này phản_động đấy , quản_trị súc_vật biết cc j đâu",2
nặng lắm r,0
"hiệp đinh m muốn đi hiến máu giúp họ , nhưg khi hiến rồi mới biết bị nhiễm thì sao hả thằng bàn_phím , đầu to mà óc chó cứ như củ cứt 🤗 🤗",2
tất_cả vì mấy thằng bụng phệ óc vl chó mỡ quản_lí thôi .,2
khúc thị hương die chứ sao,0
"chúng_mày làm_nên cái mịa gì nên mới bảo không có vô dụngncar lũ , hiếp_đáp dân lành là zõi",1
chi co du luan vien viet nam don mathoi,0
chỉ có chúa mới hiểu mới biết được thôi 😂 😂,1
tết đến rồi mọi người ạ,0
bọn chó,2
"tháng nào cũng đi đóng thuế để giải quyêt ngân_sách kiểu này đây , xây tượng góp_phần giàu đẹp đất_nước còn gì cười",1
ngươ i dân đà nă ng lúc này 😪 😪,0
la m a c se gă p qua ba o ?,0
ai ki nghe nói cũng đi ý về,0
mat day qua bac ky lam gi den linh dien ma dam chui tat công_an bac ky nhu vay,2
mù mắt em r thầy ơi,0
mày bố_láo ông băn mày bây_giờ,2
đỉnh quá thầy ơi,0
nguyễn trọng thái 😂 cái lồn thêm 3 chữ địt chị mày nữa nhé đợi,2
tau khửa ghét kpop lại còn nhãy trước mặt bác mao như z là bôi_nhọ chính_quyền xử ngay v,2
"tất ziên , tôi , tất ziên , ,",0
con đien no nay roi,1
danh cho banh cai lon luông con lin loc,1
hóng phần 2 của hài hải ngoại của anh ba tại lasvegas,0
cho em xin inf anh nằm cạnh c kim,0
đặc_công nước khoá 2011 2013 . tổ 1 mũi đặc_công 2 đại_đội 1 thuộc liên_đội 1 . vinh_dự là bộ_đội cụ hồ,0
cả nước chống dịch ai cũng như ông này chắc thành vũ hán hai,2
e đz như thầy,0
vi la người bac nen chuyen nay la_binh thuong,0
tàu đầu 500 thùng cho cu chạy tới đâu rồi,0
trung_tùng,0
cho em liếm lỗ nhị thầy,2
con này thì có cdg mà ăn ?,1
được à ưi 😂 😂,0
"dùng người 90 mỹ đều mong tiktok bị cấm vl , chỉ có bọn thổ_tả mới phản_đối thôi",1
"xam quá đi , gặp mấy con quỷ khùng cười muốn sạc luôn",1
eo ơi nhìn cái mặt nó xấu mà không giấy nào bút nào mà tả nổi . đừng nói tới nó bẩn miệng mình . coi nó còn tệ hơn đống phân .,1
làm nhẹ 3 0 cho nó ok,0
như thằng bệnh,1
châu minh đặng tâm_thần có hệ_thống,2
được huy_hiệu đó để làm gì vậy anh_em,0
tối nay hóng tộc_trưởng live phim cuối tuần cho ă,0
"93 nguyễn thế bây_giờ còn chửi ai không , tụi bây cũng ít rảnh lồn quá mà , vô bình_luận cũng đàng_hoàng gì . . nói trên đầu người_ta không chứ đàng_hoàng gì",1
ngô tiệp chán tiệp quá 😌,0
z người bac o nam ve_lai mien bac het di . . ng nam xin cam on,0
"việt nam giờ toàn mấy thằng ngu thất_học lên làm lãnh_đạo , phát_biểu ngu không chịu được",2
"chết_chưa , bò đớp vàng ke kke",1
khánh_vân xinh chị ơi . như 2k,0
trông thầy giống bê đê vcl,1
"nam trần hôm_nay mỹ chết 1500 người , thôi rồi nguỵ ơi chờ chết đi trần dần",2
ám_ảnh thật_sự,0
trần thị ngọc anh ai nhờ ?,0
anh nói em khóc cmnr anh ơii,0
"nhìn kỹ mới thấy là ghép , xém rớt mẹ tim ra ngoài",0
quản_trị ngày_càng thể_hiện bản_chất xàm loz tốt hơn trước,2
em chưa đủ 18 mà làm một đứa thì sợ mọi người có trầm_trồ quá không anh ?,0
các bác sống nhanh vaicutt,1
"còn csvn là còn khổ_sở . phải thay_đổi chế_độ csvn . không thay_đổi được , phải lật_đổ csvn . không lật_đổ được , phải ám_sát như nguyên phú trọng ám_sát lê hải an_vậy . đây là luật quả_báo , dân nghệ_an rước hồ chí minh giả về cai_trị việt nam nay bị csvn giết . .",2
qc cl à đm con yến nguyễn,1
vấn_đề là cho tiền người nghèo thỳ lấy đâu ra tiền cho các bạn ý đút_túi 🤗 🤗,2
xong rồi . .,0
"1 đêm duy_nhất 1 đêm duy_nhất . xiếc thú độ học giỏi , độ làm toán",0
đã tăng 2 đến 7 thì dân lợi cái lồn mẹ quá chúng_nó à,1
thời_buổi giờ hở ra là dùng thói côn_đồ,0
thùy trang thứ điên nó v á mày,1
quân anh bẩn_thỉu nhưng kích_thích,0
bên tàu cộng chắc_chắn cũng có giải cấp nhà_nước này 🤣 🤣,2
anh chả dùng chị trang như phá rồi . mà vẫn cãi được,0
ncc,1
cần làm chặt_chẽ hơn ngay từ sân_bay để tránh có những trường_hợp thiếu trung_thực như bà nhung,1
"về với tập , ăn banh bao thi t ngươ i nhe ha_ha h à",2
chế_độ nầy sắp tàn rồi nên hù thiên_hạ !,2
nồi ngu rất add thật,1
"crush mấy em t đậm sâu đựt rồi sơ_hở cqq gì cũng nói quá , chắc idol nó cũng nhàn_hạ lắm mới có tụi fan rảnh như nó 😏",2
nói 😆 còn nói lớn ngu 😆,1
hòn ngọc viễn đông óc chó chó ạ 3,1
nhìn gớm và tởm_vậy,1
chúng_nó ăn ghê vạy . . chứ đè đầu bắt tù ngay thằng nào dám dành ăn với nó ! cho_dù là bán phở !,1
cao lam danh tập chung chuyên_môn nha_e,0
cc abe,1
"em ở bên czech , đeo khẩu_trang cũng bị dân_chúng_nó nhìn nó kỳ_thị đây !",0
anh trung trộm vé_số,1
tưởng khỉ 🐒 muốn chịt lúc_nào cũng được chứ hè với đông cũng chịt chịt đụ đụ với nhau đúng khung giờ bố đi nhậu,2
diện trần óc chó choá thật .,1
"mua_bán mà , lớn nhất nhì việt_nam . vàng làm_ăn chán dậy",0
bắt kịp trend chưa mai_thùy,0
chắc hôm nọ ăn nhà_hàng hết riền mia bo rồi 😢,0
được cái xl là hay 😆,1
từ xưa đến nay chưa hề nghe ai trong cương_vị tbt nói câu này cơ_quan nhà_nước chứ không phải nơi ẩn_náu của cán_bộ yếu_kém mợt câu nói nổi_tiếng của tbt tô lâm trong cuộc cách_mạng tinh_gọn bộ_máy từ tu đến địa_phương .,0
xua thi day dân len khai_hoang gio được gia thi chiếm,1
mũi bi lệch rùi,0
chủ đầm tôm alaska cua hoàng đế nhìn chất vl,0
sale cc,1
cái con này sao xe bắt chó không bắt nó giùm cái,2
trung gia cát,0
nhìn đào của abe . . chịu chán dell muốn nói .,0
xã_hội cong vòng,1
vẫn đang phân_vân xem có nên đảo k . 🤣,0
"tôi không cần biết fomolsa làm cái quần què gì , tôi không cần biết thằng nào làm cái gì ? trước_mắt là phải khắc_phục hậu_quả , số cá chết nhiễm_độc giải_quyết làm_sao ? ngư_dân vùng_biển chết làm cái nồi gì sống ? người dân sống trong vùng này sinh_hoạt , ă",1
thiên_đường thuế là người dân quá bị đánh thuế hàng_đầu thế_giới đó hả mấy bác . kk,2
oke thầy !,0
các bạn nghe câu_chuyện về vali tiền của người tày chưa ? ?,1
trần thị ngọc ngân mày người_nhà nó hà,1
quản_trị là tác_giả bài thở hả ?,0
"quản_trị tính đâm ai à ? ? nên nhớ là lúc đó nhật đã đa đảng rồi , không làm được thì moi mấy cái này lên làm gì . hay để xúi dục mấy thằng nhóc làm theo rồi vỗ_tay",0
trend như con cật cũng đi đú,1
bá cho cháu facebook con thắm được không hay zalo cũng được cười,0
tao nghĩ con nhung nó không_những lây_nhiễm virus mà nó còn lây_nhiễm sự khuyết_tật về não và ý_thức như buồ . i,1
khá trần có những người tai trâu . nghe nhạc theo số đông nhạc thị_trường . thấy ngta khen hay thi cung khen . cha biết đên tầm này tháng sau còn biết đên bài này la gì không nữa .,2
thằng quản_trị chắc mới bú đá xong,2
"tôi nghĩ là xe merc sẽ có camera hành_trình phía sau lưu lại xe nào quay được cảnh này . tội cắt ghép clip này là bôi_nhọ lãnh_đạo , vu_khống , xuyên_tạc chứ ít gì .",2
chửi chó không mọc được ngà trong khi mình mọc cu v,1
vinh vo bún real,0
viêt nam tât chiên tât thang .,0
kinh . .,1
tình đồng_chí thật kiên trung ! sách lịch_sử dạy giặc tra_tấn dã_man thế_nào cũng không mở mồm có,2
bên mina macro chuẩn quá top đầu luôn nè,0
bọn chó sủa bậy,2
"chuyện bình_thường như cân đường hộp sữa ở thiên_đường này . các vị nghĩ chúng_nó ăn như thế đã là ác_độc lắm rồi à . chưa đâu , nó ăn những cái mà quý_vị còn chưa thấy kìa . không từ bất_cứ một thủ_đoạn nào , ăn_không từ một cái gì . ăn trên xương_máu , trên đầu tr",2
thầy em là phải hơn . nhưng ngu hơn ă 🤧,2
sẵn đây e nói lun . hôm bữa e có nhặt được cộng lông ở nhà_nghỉ ac nào đánh_rơi thì tìm e e cho xin lại 😁,1
"may là đô khùng , ăn_nói_tục tiểu không biết cái loại công_an tụng máy là loại không học_thức",1
thằng bóng khùng chết đói,2
yêu nhiều,0
bcuoi vl,0
chào các bạn đến với vlog của sói,0
đồng_chí trần dần đã hoàn_thành xuất_sắc nhiệm_vụ của đảng và nhà_nước giao cho,1
ơ ơ sợ quá clm,1
cười xỉu,0
nhìn cái mặt là không ưa r vênh_vênh_váo váo,2
vtv1 tẩy chai con đỉ trần mu,2
h là thành quốc chiến thứ 2 chỉ nhờ ơn từ đúng 1 người duy_nhất,0
hoàng trà_giang hay kk,0
kanh nè ? ? d ? ?,0
đzai có gì sai 😂,0
"cứ mỗi ngày lại có thêm công_an nhiễm mong chị nhung sớm khoẻ , mặc áo kẻ vào tù ăn thịt nướng rắc muối cho sang miệng 🖕 🏻",1
nguyễn hà quá_trình hình_thành tùng sói kìa,0
"chửi không lại tức quá ngủ hổng được , thức tới sáng luôn 😶",0
tien thinh lại bình_luận thể_hiện à ?,0
biết vậy bắn chết ông này trước cho ông hỏi tiên chi để khỏi có corona 👾,2
thời_gian có đợi thằng nào đâu,0
phận khóc thuê kiếm sống . . tủi_hổ quá đi,0
giờ chỉ cần bầu một người thôi làm được_việc như thằng tổng_thống các nước phát_triển còn lại chẳng phải bầu thẳng nào một thằng giỏi thì cả bộ_máy nó sẽ giỏi,0
vcl mấy thằng liệt não,1
vùng_đất thú cưng chưa có nút bạc ăn tết thầy ơi,0
mini tae cai l,2
như cc luôn ấy v bài này view không cao đâu,2
mẹ đang bận đi ỉa lại gọi đi khét quất,1
múa như cái biệt_danh susan chó,2
càng nói càng ngu . . học bk nhìu qa đâm_ra bị lú . . cũng tội mà thôi cũng kệ,1
không nghiên_cứu kỹ là có tội với dân ngu_dốt !,1
hoàng quỳnh anh phạm mỹ linh mai thu huyền tết về bài_bạc tí nhở,0
iran cứ sinh_tố bơ là đái ra quần ngay . bị bắt bài rồi,0
nếu missi không miss pen thật thì top 1 ghi_bàn sever rồi 🤣 🤣,1
trần dần đã đạt cảnh_giới cao . của thần_quyền là nhất . thần_kinh,1
từ bé đến lớn con chưa bao_giờ được chạm vào cái này . cầu trời 🙏 con chỉ cần được chạm vào nó thôi .,0
người_yêu cũ said,0
đéo hiểu nổi style kiểu gì ? con c hưng_phấn hay gì ?,1
công_an ở đéo đâu chả thế không được ăn là nó khác đéo j giang_hồ dưới chỗ tôi công_an khu_vực giờ khác đéo j giang_hồ đi đòi tiền bảo_kê hàng tháng ra_mặt,2
e nghèo quá không có tiền nuôi con ăn_học vậy chị có thương e chị cho e tiền để nuôi con đi chị . e không có chồng e phải nuôi 2 đứa con mà còn không có nhà nữa chị e ở trọ chị ơi .,0
chi e thich chi . chi dep,0
ghi thêm chữ đ t chị m nhận_xét,1
mua bỉm cho con đi ông ưi,0
lanhx gif ddaoj nhuw con buif chir bieets chui voo lonf,2
cháu này xứng_đáng là đệ_tử của bà trưng bà triệu . lên có 1 bài thơ lắm rất nổi_tiếng . sông_núi nước nam vua nam ở . bị cớ_sao lũ giặc sang xâm_phạm chúng bay sẽ . đánh tơi_bời,0
"đ c l c m m . . mày tao vừa thôi , dành ít ngu cho lắm con khác để bọn ngu còn kiếm_chác chứ . . 😂 😂",1
ý_thức đéo bằng con ruồi,1
"xin_lỗi 10 năm trước bán hàng onl còn chưa được phổ_biến lắm , nói chi là có livestream lúc ấy con này nó xạo vl",1
con na y ma vê viê t_nam chă c ngươ i viê t_nam đa cailoncatkhong lun qua,2
theo chân mấy anh hàn quốc rồi,0
bị ngu à,1
hi_vọng chị trang không nghe được câu_chuyện này,0
bọn luôn vô_ý_thức,1
cái xã_hội chó đàn hút máu . triệt đường sống dân đen,2
tụi học_trò vô văn_hóa luôn,1
thầy xạo cười hả thầy,2
trời ơi ! ngày_xưa à tôi khác quá,0
cứ phải quét sạch thử bẩn trên không_gian mạng là cách tốt nhất cho 1 thể hệ trẻ có 1 môi_trường sống tốt_đẹp,1
"thế_giới hỗn_loạn việt nam yên bình . trump mời tbt tô lâm sang để học mà không có_học được để giờ lại beng nhau , dân mỹ lại nộp thuế để ném vũ_khí thôi 😀",0
cuối_cùng thì họ cũng được cảm_hóa và nhận ra_bộ_mặt thật của những kẻ gieo_rắc chiến_tranh,0
anh cái lồnn gì cx giỏi mà giỏi nhất là bốc phétt thôi anh tiệp à,1
3 beautiful black cunt suckers 🙏 🙏 👌 👌,2
đéo ghi nguồn .,1
muốn làm_đẹp lắm chị ơi mà không có tiền,0
tới giờ người_ta còn gọi là bé xuân mai k ?,0
lê thành đã bảo r mà,0
mốt bể bánh_xe giữa đường cũng bị phạt ! ! lý_do bể bánh dắt bộ gây cản_trở giao_thông kk,0
đầu_tư trả cái đồng vl coin rác_rưởi đấy vào chết,1
lo trả nợ đi nhé mấy con,0
"mấy con cá đàn_áp dân , từ dân mà ra , được chính_phủ trả tiền và trao quyền_lực để quay lại đàn_áp dân",2
hôm_nay gam thua nữa thì lập kênh thầy_giáo lmht tốc chiến và thầy_giáo thẻ bài nha,0
xin chào trùm 3 que canada . chị cảm_ơn trùm và các bạn rất nhiều . hy_vọng clip này sẽ có_thể giải_độc cho một bộ_phận nào đó của giới trẻ .,2
top,0
con này nó bỏ quên não khi chạy xe rùi . 😈,2
iphone ăn_cắp thương_hiệu của tộc_trưởng,0
. . quan nga i ! quan nga i ! quan quan nga i ! thôi kê ! thôi kê ! thôi thôi kê ! !,0
"du na chet bat thuong o trai tam giam , chu vo fai o benh vien deo dau ma tôi bay dao boi , soi moc , xoay sau vao lam cc j z",1
dư_luận viên vào ẳng nào v,2
"hỡi những con bò hãy cày và nuôi lũ này , mọi chuyện cứ để nhà_nước lo 😂",2
"cùng lắm thì mình về quê , mình nuôi cá và trồng thêm rau 3",0
cái địt_mẹ địt_mẹ địt_mẹ,1
thiết_nghĩ thầy sẽ mở lớp dạy múa,0
đcm cái bọn animal tand bt ăn_tiền nên mới xử như_vậy .,2
tai bã như tai trâu mắt thì mù nên ai nói gì mặc_kệ v,1
chán ông_già vl,1
yen lyn hoang huyền trangngọc anh nhớ mãi quả_báo của chú tùng 🤣,0
ơ có nhây đâu . là do nhớ nghề mà,0
con này luôn hổn như gấu có gì mà ngưỡng_mộ,1
sao mấy stt này không thấy con chó dư_luận viên vào ẳng nhỉ ?,1
"văn_minh nguyễn không phải anh , e đọc báo thấy trump đề_xuất đàm_phán trước iran vì lran trả_thù khắc_nghiệt quá làm mỹ thiệt_hại nhiều . iran trắc nó nội_gián lên mới teo toàn tướng thế",0
ổn thầy,0
to . p . h . a n . a luôn lam t việt nam roi,2
hình_như việt_nam cũng nằm trong các nước nhân_quyền kém nữa thì phải 🤣,2
. nhẹ,0
yêu nhau không bao_giờ được dụ nha anh . nhưng mà phải liếm lôn nha à 🤣 🤣,1
maii đào t đọc xong cười iar,1
mồm loz adm ns ngu bm .,2
huy_hoàng xàm lồn ít thôi .,1
bộ_trưởng quốc_phòng hèn nhất ls việt_nam,1
ở một nơi nào đó,0
ghét giang v ra,0
chỗ tao làm nhiều đứa đái xong ta nói nước_đái nó vương rất ra thành bồn mà kiểu giống như là nó đái xong nó đứng vẩy vẩy từ con cu ra cho sạch con cu nó vậy đó . còn bồn_cầu dính nước_đái vàng_khè thì nó đéo quan_tâm đâu đm mỗi lần tao vô tao thấy vậy là tao muốn tụi nó thành bê đê hết đi chuyển giới hết mẹ dùm tao để đi đái ngồi . con_người chứ có phải con chó đâu,1
con này hết thuốc chữa . động chậm vùng miền,2
"cho hỏi ngu chút nha mn , cô là người thuộc lgbt hay_là sao ạ ?",0
d . u m . a nhiều phong_bì phải nộp cho 3x,2
phan hoài nhân_quả này cam đéo có mà flash thì to tổ_bố,0
chế_độ hiện_thời chỉ còn tồn_tại nhờ vào dối_trá và mị_dân .,1
ngày nào tôi cũng nghe tin là thêm 1 bệnh_nhân lo_lắng thật_sự 😞,0
m nói_láo chứ ai,2
tham_nhũng bắn bỏ .,0
này đẹp hơn này v,0
không xem trailer . không biết nó ntn . xem trên thông_tin thì thấy chính_kịch gì đó . oke xem thử . không kì_vọng nên lại vượt ngoài tưởng_tượng . là một đứa coi phim dễ bị chán bởi các chi_tiết tối khó nhìn hay chuyển ảnh . nhưng t lại bị hút từ đầu phim đến c,0
mỹ hạnh hạnh là 1 bông hoa dại à 🤣,1
vân thuỳ xàm vl,2
thấy mặc quần dậy ai_ngờ vào quay mặc quần đuồi bần dễ sợ bần,0
á á dm .,1
"đmm chúng_nó cứ giết người kiều này , có ngày người_nhà người_ta đánh bomm chết_cha lũ bác_sỹ như mày . ! !",2
mãi yêu cô ! kk,0
sao chi không chui_di,0
ca ch đây 10 năm co livestream hôn mo i ngươ i nhă c mi nh nhơ xem ? ?,0
suti hồng cẩn_thận nè,0
người nhật đã làm cho chủ tịt nguyen đúc chung mất phần ăn !,2
bóng già nói ckx nge muốn xỉu,2
cực ki thuyết_phục,0
bút dùng vẫn còn mực cần pass lại cho anh_em nào chưa có . giá yêu_thương 5k,0
con_mẹ mày chửi anh độ,2
lỗi không phải tại anh đâu mà là tại mấy anh công_an không xích anh được sớm hơn thôi chứ bên vũ hán anh vào lò lâu rồi,1
đến h live sếp ơi,0
anh tôi kể chuyện ma thành chuyện hài mẹ luôn,0
công_nghệ của tàu khựa thì đương_nhiên là nó kiểm_duyệt rồi . . nó không cho nhắc đến cụm từ hoàng_sa trường sa . . vậy_mà việt_nam vẫn cho vận_hành mạng vớ_vẩn này còn người dân việt_nam vẫn lao đầu_vào mà sử_dụng mạng chết tôi này . . còn phía chính_phủ việt_nam thông_qua mạng này đã mặc_nhiên công_nhận hoàng_sa trường sa là của tàu khựa hay sao,0
"má , không hiểu được bà này . nhật có_thể là đồng_minh thân_thiết nhưng bà thủ_tướng không_thể đạp lên tổ_tiên , đồng_bào để cúi đầu trước kẻ giết_hại dân_tộc .",0
nhìn như con bóng lải cái 🤣,1
lê hà thư cái cười j đây,1
nghe mà muốn đập cái đth đm,1
nhìn mặt sáng_sủa thế không biết tối thì sao nhỉ . và cái kết,2
bớt xạo loz nha,1
thà ngủ sớm để đỡ phải trả_lời tin nhắn,0
"lúc còn ngày bé thì dành trọn tgian để mong mình trở_thành người_lớn , sau_này lại dành cả thanh_xuân để mong mình bé lại",0
mẹ tụi không có não mới kếu là phản_động . không hiểu chuyen j ma cu nói tới cộng_sản la tụi nó nhảy tưng_tưng lên ý như là ăn hết của ông_bà ông rất tụi nó mẹ ngu_dốt mà tưởng thông_minh,2
dương hoàng xin link để đạp vào mõm chúng_nó bạn,1
mấy cái hội phụ_nữ đông lào chả được tích_sự gì nhỉ ! nam đá bóng thì thể_thao là yêu nước còn nữ thì không à ?,2
trang vũ vẫn xinh lắm cháu .,0
à mixi đã hợp_tác vơi apple để có iphone 11,0
ăn_mặc như loz,1
biết chung nao co tien nho noi thoi dung lam dai tram trieu,0
"nó khóc , nó xin_lỗi rồi nó lại chửi tiếp . con này nó coi trời bằng vung nhỉ ? sao nói mấy tay giang_hồ gì đó hỏi_thăm nó rồi mà nó có sợ gì đâu ta ? ?",2
khổ quá,1
vu thuy bich vy cai nết ia md ne,1
bạn ? gián_điệp của hybe hả ? là,1
"không ăn thì bạn cũng không có quyền cấm và chửi người khác đâu ạ , thượng đẳng ít thôi",2
tìm chó thất_lạc đặc_điểm cực_kì thuyết_phục,1
hồi xưa la cướp không à,0
bac gửi em xun video này với,0
giàu quá mẹ ơi sao lon,2
error !,1
"chó là bạn , đéo phải tôi 😂 😂",2
thứ đó cho tử_hình loại khỏi xã_hội cho rồi,0
dù . . laj con phan mjen ra vay nhj ? . .,0
dù abe xóa_kênh nhưng em vẫn ủng_hộ abe,0
đáng_đời cho những kẻ vô_ý_thức luôn,0
"mồ tổ cha mày . đăng mà cũng lược bỏ đi chi_tiết cty hổ trợ 1thùng number one , bình đựng nước_đá . nhưng anh này . . tham thêm 1chút là đòi 10 thùng number one ngu đừg . mà tỏ nguy_hiểm_nha quản_trị",1
hết mie nó rừng vàng biển bạc rồi .,1
đĩ già khùng,2
idol người sản_xuất iphone 11 mang tên độ mixi,0
ngu thì nhận đi abe,2
được vailin anh ui 😇 😇,1
nên v chứ cách_li lâu v sao được 😊 😂 😂,0
nhớ giữ mồm giữ miệng chứ trong tù là hay bị mắc bệnh lạ lắm đấy,1
no mung vi no su sai nhung van co người bi ngoi tu vi ngu,1
ngọc hà_âm_tính r . cơ_mà nay hạ_hòa được lên báo 🤣,0
dân mà gạt tay vậy chắc tô lâm nó cho vào tội cưỡng_hiếp nun,2
mai anh tuân mua được mấy cái siêu xe cho các con du_học bên bển rồi v,2
quà tặng cuộc_sống 😂,0
"cho_dù một tôn_giáo nào . đức_tin o mất tiền mua , nhưng cứu cả phần hồn và phần xác . . ! là chân_lý , là ánh_sáng , là con đường tốt_đẹp cứu_cánh cho cả nhân_loại o rơi vào bế_tắc , tà_ma , diệt_vong . . chỉ lủ cộng_sản học_thuyết vô_thần làm con_người mất phương_hướng , làm xã_hội thêm loạn_lạc điêu_linh mà thôi . . ! các bạn cứ chiêm_nghiệm đi , rồi sẻ thấy . mỗi chúng_ta hãy giữ lấy đức_tin cho chính mình . . !",2
thương con cho ma pha i mang ca i mă t cu a ma_y qua,1
m im đi add,2
l ậ t đ ổ c h í n h q u_y quá ề n l à m ụ c t i ê u,2
đã bảo mà ngu như dân cũng đỡ khổ hơn là mang tên nhục thế đảng .,2
vl cô 3 vàng_ngọc giới_tính gì vậy,2
co ba lon ve khi du no banh xac,2
chửi đi em chị đặng ky chửi linh loc cho chị,0
tren xuong toan lu cuop suc sanh cuop het tai san dan ngheo lu suc vat chet xuong 18 dia nguc luat nhan qua không chua 1 ai het,2
ở việt nam cn đang lm kiểu 887 ngày lễ trong các cty đây này,2
"t nghĩ bài này vừa là để thử sức với dòng nhạc mới , vừa là bàn_đạp dể phát_triển kênh youtube mới của jack thôi . nên có_thể không bằng các bài trước , nhưng nghe cũng vừa tai , beat của hoaprox cũng rất cuốn",0
hư cả một thế_hệ . .,1
đijt mẹ thằng quản_trị phản_động tuyên_truyền vớ_vẩn,2
hoàng lịch xin bro,0
"tổng_bí nói 1 đằng , thằng thủ t thì làm 1 nẻo , chán",2
vl say oh yeah của mtp mà 🤣,0
doan minh thanh nhắn_tin e ạ,0
"mấy chú cầu_thủ việt nam cố mà vô_địch thêm 13 lần nữa rồi anh mày sẽ ra đường đi bão một_thể , vì lúc đó mới xứng_đáng vô_địch đông nam á . ps iệt nam cộng hòa giúp mấy chú em 1 lần , so , việt nam có 2 lần vô_địch .",2
bích phượng phía sau một cô gái,0
thể_loại âm_nhạc mới_đó ông,0
thằng này cũng không phải dang vừa,1
". . rút kinh_nghiệm , kiểm_điểm nghiêm_túc và trong tháng này đồng_chí trưởng công_an xã an đồng cũng nghỉ hưu theo quy_định",1
"này thì bố_láo , cho nhập kho gấp . không xử nghiêm tụi nó nhờn mặt không coi luật_pháp ra . gì",0
38 47 . đúng rồi mấy người nổi_tiếng do live câu like câu view là không lâu_dài . bé đang chửi chị bạn linda của bé đó . bởi ta nói lời_nói nhanh hơn não là biết con_người như thế_nào . miệng thì nói không đụng tới ai mà nói_chuyện trên đầu cha người_ta . đá xéo móc họng ngta kiểu đó . hk ai rảnh mà chị minh hiếu đi ganh tỵ hay kiếm_chuyện hãm_hại cái con như m . mặt méo_mặt tròn của mày hay tên hay họ của m chị minh hiếu còn chả để trong tư_tưởng . còn chả thèm biết con như m là con nhỏ ất ơ nào nữa . làm như m ngôi_sao hạng 1 ở việt nam không bằng . bán hàng thì bán đi . miệng thiên_hạ thì phải chịu . đừng có lôi_kéo đá xéo ngta kiểu đó bú fam rẻ_tiền,2
"sao lại có lắm thằng tài_giỏi trong việc sáng_tạo ra những thứ hại đời hại người thế nhỉ , chả hiểu học theo đạo_đức của ai !",1
"ôi vẽ_chuyện , kiểu của bọn này lúc_nào chẳng_vậy . phát_ngôn ngáo để tăng độ nổi thêm chút , hôm sau xin_lỗi để mọi người bỏ_qua , nhưng nổi_tiếng thì giữ lại . lợi như thế cơ_mà",2
"ghê , chảnh choẹ",1
20 10 em tăng abe một bó nhan nhé !,2
nhìn ghép cái mặt ôg mixi hài rất lozz,0
hoài phong sinh ra cái miệng để ăn để nói lời hay không nói nói cái gì ngộ gke,0
con bóng vẫn là con bóng . con c hó suốt đời vẫn là c hó . .,1
cô chuyển giới đúng năm con ra_đời luôn á cô 😅 😅,0
mọi so_sánh mỹ và việt_nam đều khập_khiễng .,0
cổng thì xấu vcc ra,1
"ai đúng ai sai , kết cuộc sẽ rõ . mọi người nhìn sự_việc theo quan_điểm riêng của mình , không hẳn là khách_quan ! hãy đợi xem sao ?",0
có mỗi con này ở mí viết nquu thật nnay thoi,1
bảo bảo tí là bao_lâu mừng hết nước_mắt,0
hài vcl . buồn mà xem video của thầy là muốn tự_tử,1
nguyễn thị yến nhi đúng là lưỡi không_xương nhiều đường lắt_léo,0
non quá thầy ơi,2
chúc_mừng thầy nha,0
mình bán pod nha,0
mình không p fan jack mà thấy nhạc cx được không đến_nỗi khó nghe,0
đóng vào hoàng mai vl ka là chạy vô_tư,0
thật thất_đức,0
nguyễn thành_công thầy cố_tình vậy để đỡ mất_công biến về đấy,0
nhiều lắm chỉ là giáu xong h công_bố dần thôi,0
with love 💕,0
thì thời_gian đầu sao bao_lâu im hơi scandal thôi chứ bài nghe cũng dở,0
hiện_tại mình đg cầu giấy 😌,0
địt_mẹ vô cách_ly chứ có phải sống trong lâu đài đâu muốn được sung_sướng . . ngta còn phải phục_vụ cơm cho ăn tận miệng còn cà_chớn . . muốn m sống mới cách_ly chứ muốn m chết đã kệ mẹ rồi m,1
đất_nước sẽ đi về đâu với những thằng ngu như quản_trị page này,2
"trần thị ngọc anh bản_thân đi hiến máu trong lúc đại_dịch là sai , bác_sĩ không có trách_nhiệm trong việc xét_nghiệm cho người khác trước khi hiến máu cũng là sai",0
lý phục vô thuyết nhưng nghe lí hợp,0
bốc bốc hửi hửi,1
nổ quá bà cụ ơi,2
10 57 vi_trùng du_học,0
nói chz xàm cười,1
chi thật oi chi chua gap bac ky dau nghi chi ma gap roi chi không con kip keu mot tieng troi dau chi ak . it nhat chi cung . den người nha chi chu . chi o dai loan ma chi dang noi tieng viet ma . chi tu chui minh thoi . nguoi ta không xem chi ra ji nen người_ta goi noi vay thay loi xi nhuc do .,2
gr đó xamloz lắm bà ưi kệ nhỏ đi,1
kẹo của bố làm từ rác_rưởi,0
cả 1 đội quân hùng_mạnh bao_gồm cảnh_sát giao_thông cs113 kết_hợp võ_thuật đã vật ngã thành_công 1 cô gái chân yếu tay mềm đề_nghị ngành khen_thưởng huân huy_chương cho các đồng_chí,1
mua 3 game đó bao_nhiêu tiền v thầy ?,0
bai vo nay bac ho ma con song bung tay 1 cai la ong toi . can gi phai sung với dao . dung la ba_que ba xao . .,2
đĩ quýt tiền nhìn mat hãm,2
"có gì nói đó , ai buồn thì chịu chứ không có để_bụng",0
nhật long toang . kiểu ni còn lâu lắm,0
anh xọa bằng em không,0
dan khung ma thật ten tri gi dau,1
địt_mẹ bữa_ni đường 3m cũng có công_an đứng,1
ông anh được vl 🤣 🤣,0
chôn sống nó đi,2
tài bọn ranh_con riết cứ như armu chán ghê,2
ngộ_độc thực_phẩm hả ?,0
câ n lă m như ng ba me như vâ y,0
nguyen_binh t cũng thấy vậy,0
đunh rôi thấyvai miêng no nhu cai l bi sung,2
caiditmemay,2
"cổ xúy cho chiến_tranh , người dân iran chết hàng trăm người mà chúng_mày vui_mừng nhưng mồm thì khi nào cũng nói đến quyền con_người",0
"thắc_mắc , trong khuôn_viên ? vậy xe kia nằm đó là trong hay ngoài cần cái dẫn_chứng ? thứ 2 , nguyên_thủ qg vào thì sao ? có được chở vào trong ko ? vì đây là nhà_ga , còn sân_bay cũng cấm mình thấy đoàn xe nguyên_thủ qg hay tiếp_đón cũng chạy tới nơi máy bạn",0
3 que chắc lun ! !,0
xin clip,0
một cây chúng chồng giá bằng người dân lấy lương 2 năm nhìn rất,1
"trộn mẫu máu của 4 người xét_nghiệm sau khi cắt đôi que thử thì chắc kết_quả sẽ không chính_xác , rồi vợ_chồng nghi_kỵ nhau , kẻ có bệnh_tưởng mình trong sạch tha_hồ mang bệnh đi lây_lan cho người , ng không bệnh lại tưởng bệnh thì lo_lắng , rồi khéo lại tự_vẫn . nói_chung là tận_cùng của sự khốn_nạn , không_thể chấp_nhận",1
👎 🏿,1
ck4mk4m quá đi 😢 😢,0
lu pede xa o xư . mơ i hơm qua chu ng tâng nhau lên mây . nay chu ng siu a că n nhau như cho tha ng 7 . hahaa,2
anh_em like nhiệt đê,0
vẫn chưa què bằng nhân_cách của anh 🙂,2
cả 1 đội quân hùng_mạnh bao_gồm cảnh_sát giao_thông cs113 kết_hợp võ_thuật đã vật ngã thành_công 1 cô gái chân yếu tay mềm đề_nghị ngành khen_thưởng huân huy_chương cho các đồng_chí,1
"62 trong fd ngro mà trông t như người lạc_hậu z hâiz còn chả biết vụ dịch sai hay dịch j đs cơ , th tự mình đẻ hàng r tự mình bú cho thảnh_thơi vl z",1
"lúc anh sắp chút hơi thở cuối ấy , anh phải bảo tùng sói bật stream lên để chào bộ_tộc lần cuối nghen anh !",0
vl . bỏ 33 giây cuộc_đời ra để cười . tốn thời_gian mà đéo được cl gì,1
định_lí piano à anh kk,0
cho lên top trenning luôn mọi người ơi,0
thăng cảnh_sát giao_thông ngủm hôm mùng 2 tết nay được lê mạng . . chúc_mừng nhe . .,1
đcmm quản_trị,1
gái con sếp toàn h không à nên bụng phệ mà thật giàu chưa chắc nó ưa 😃,1
nhìn mặt anh ấy đẹp_trai vl 😂,0
anh 3 oi . anh vl lam gi co lon ma chui . hahaha,1
thua lào với campuchia rùi . phát_triển thụt_lùi cmne,1
không tí nữa có người đến phá nhà 🤣,0
pha sấy đi vào lòng người,0
"tổng_bí_thư tô lâm biệt_phái , luân_chuyển cán_bộ đi địa_phương trong thời_gian quá ngắn , không khác gì đi lắm du_lịch",2
viet mai tran được quá nhờ,0
má thằng mả mẹ nào thật design nhìn mới tưởng nó mặc thêm 1 quần chưa kịp kéo khóa . style kiểu này kn là thằng lý quý khánh,1
chứ không phải lúc trước đi ra ngân_hàng nói chị ba gửi tiền về cái mặt lên như a khùng ha 😉 giờ thì bị ba va ng mã_lư bà ga t úp mặt vào_cầu_tiêu đi minh hiếu ơi nhu c,1
anh 3 oi . anh lam gi co lon ma chui . hahaha,2
con lắm mụ thần_kinh,1
"crush mấy em t đậm sâu quá rồi sơ_hở cqq gì cũng nói đựt , chắc idol nó cũng nhàn_hạ lắm mới có tụi fan rảnh như nó 😏",2
"thắng ok m chui từ cái cười cho ra nói_chuyện như thằng vô_học , đmm ai nc với m nhàu vô đây cắn bậy",1
học_bổng gấp,0
"lũ bán_nước đang bú đít tụi đài loan china . dech mẹ gia_đình thằng chủ_tịch tỉnh qb , mả cha thằng bộ_trưởng tài_nguyên môi_trường . lũ sâu_bọ",2
trên thư c tê ca i xã_hội na y la đê n bo n tre con no co n biê t vê thư c ta i xa hô i chi nh tri co n mâ y ông â y â y la i ô câ n biê t,2
con nhìn cuộn gia y_như nó bị quỷ_nhập vl,1
sam bé bố mày đéo có tư_cách ở đây ! bố chửi thẳng cái thằng mặt lìn như mày đấy ! tay nhanh hơn não,2
fifa cái cc,1
đả đả0 c h lắm ế đ ộ cộng_sản,2
dân ngu cu đen chết cả thôi,2
đời đôi_khi nó rất lồn lắm các ông ạ,1
"bạn nào điểm thấp cần nâng thì liên_hệ mình ngay nhé , mình photoshop cho",0
pk toàn lừa_đảo quá,1
thế_thì các quan làm_sao đóng tiền du_học cho con ? không biết trg nc ngoài có thu hồ tệ không ta ?,0
hay lắm nó đi họp cổ_đông bị virus thì chết trùm ! ! oke hay lắm nghèo_khổ có nhau,1
thứ ngu như m nói_chuyện mất tg . . đi học lại lớp mẫu_giáo đi,2
"ô_nhiễm là do không rửa đường nhé quá , có khi nào ô_nhiễm môi_trường do dân thủ_đô đi ngủ không rửa chân_không các bác nhỉ",2
name ?,0
má 3 oi con men mộ má,0
phim rất rất nhạt . . còn kristen thì chắc không bh có nổi 1 fim đóng hay đc . .,2
dung sl nữa bà 3 ôi,2
minh tuấn tổ_sư màii,2
"sản_phẩm_chất_lượng để phục_vụ một lũ cực_kỳ thuyết_phục bị di_căn giai_đoạn cuối quả phí_phạm . toàn bọn bại não , thoái_hoá văn_hoá . cứ tưởng thế_là hay_ho .",2
ngươ i ta co j ngươ i ta co đư ng co tư c ma no i ngươ i ta,0
con này nó dập dá nhiều quá dầu nó não quá,1
già_đời rồi mà vẫn còn non và xanh lắm,1
"3,4 cu giờ thiếng hết 2,3 cu . còn trung ùi với e cu việt nam nửa hết rồi .",0
team cầu giấy lúc này 😢 😢 😓,0
thoi dai gi ma dan ba con gai an noi vo duyen qua à,0
vll bẩn_thỉu nhưng t_thích,1
luật_rừng của xứ đông lào,2
tương_vậy là hay lắm đó hả em,0
ở mỹ mà nhìn như ăn mài nhìn ghê quá,0
"mỹ tho hay sao mà vàng cũng phải mang , mà ở cali thổ_tả nữa chứ v . vô bốc trộm cũng không bị bắt chứ mà mang giấy_tờ",2
cáu vl,1
người mien trung nhu e chi ngoi xem cac bac chui nhau thoi,0
đơm chết mẹ nó liền,2
éo hiểu thg này trong đầu nó chứa gì chưa cư . c chắc luôn,1
3k bởi nói ngu bây không nhận,1
oh yearr 3,0
nhiều khi không muốn ki thị bon bê đê đâu nhưng nhìn bọn này không ki thị cũng không được .,2
buồn giúp hq nhiều quá,0
chị hôm_nay đẹp quá,0
nhai đá sống qua_ngày hả chủ tus bài này 🫠 too spicy ha,1
may ba ranh qua an roi lenh chui qua chui_lai,0
trung đầu bùi,1
chúng_nó t . h . ố . i n . á . t mấy chục năm rồi chứ không phải là bây_giờ . .,2
"anh nói nghèo_khổ có nhau , chứ anh có nói giàu_có nhau đâu",0
game j v thầy,0
"đúng rồi , giáo_sư tiến_sĩ thì làm_việc trên giấy , công_trình nghiên_cứu thì xếp kho lấy tiền nghiên_cứu .",0
thương_hiệu độc_nhất ở cái cao bằng này 🤣,0
chửi cái l linh cá lon,1
con gà phải để cho abe,0
con đĩ này từng bị xin hù đánh khóc_lóc vang cộng_đồng giờ qua chuyện rồi thấy mạnh_miệng lại ha,1
xạo bà nói câu đó có ngày bà nghèo cho biết,2
địtmẹ bọn dân đen như các ông thì làm gì . . đau_đầu thực_sự,1
mình thấy page này ích_kỷ thế_nào ấy .,0
phát_hiện nhân_tài quá muộn rất tiếc cho việt_nam,0
tội cho má nó nó . nghe . nói vầy đau l . . phải lắm biết !,1
nghiệp nặng quá là chết đó nha_cô,1
"thớt ngu vl , giấy cháy thì dùng nước , cháy bằng xăng thì dung cát hoạc bình chữa_cháy dạng bột nhé , còn cái bình co2 với lại cái bình thang mặt lồn trong clip cầm chỉ chua cháy trog phạm_vi không_gian nhỏ như phòng , hay cabin xe hoac chua chay do đien tử , chứ o ngoai duong không_gian nhu vậy xịt bình co2 bốc_hơi mẹ nó roi ! ! đăng bài ngu rất lìn",1
lào giờ gần như là của tàu khựa rồi thằng quản_trị ngu ạ . ủng_hộ cái mồ tổ cha mày .,2
ơ . có nhạc à . top à . tao còn đéo quan_tâm,1
báo_viết tiếu thấy moẹ ! 2 thằng kia nó không bỏ phong_bì 1tr usd cho mấy thằng duyệt thầu thì đúng hơn ! làm_việc với mấy thằng đuỹ xứ lừa mà thiếu bôi_trơn là không thông được chúng_nó đâu !,2
"thấy bảo hot năm nay cứ phải lát cốt , nhưng phải lồi mõm",0
cô hiếu cô đẹp thật luôn á yêu cô nhiều ! !,0
kênh như con c,2
ngáo,1
anh tôi đấy v,0
thay me im mom_di lắm,1
lê nhân trí tín lầy ghê con .,0
"tuổi tre việt nam chỉ chờ cơ_hội để loã_thể , mất phẩm_giá con_người , tuổi_trẻ việt nam bây_giờ chỉ muốn làm thú , thờ_ơ tất_cả mọi thứ , nước mất nhà tan cho tụi bây tha_hồ ở chuồng làm nô_lệ cho tàu cộng , uổng công cha_mẹ",2
nhìn cái bút đã muốn ấy ấy,0
"ông khác với các vị tù khác ở chỗ là ông chẳng khổ như họ ở tù , quan_chức ở tù cũng sướng . . có trà bưng nước rót , ở phòng riêng , người_nhà vô chơi thoải_mái . .",1
ba dẻo vàng j den thui vay vàng mien à,1
đồng_chí trần dần quá đã hoàn_thành xuất_sắc nhiệm_vụ của đảng và nhà_nước giao cho,1
nát cmnr,1
vũ dung nó là cánh hoa nha m,0
chị ba à chị ở bên mỹ chị chửi thì ngt không hiểu chứ ở việt nam là chị chết mẹ chị rồi,1
quyên phạm mịe,1
gu ăn_mặc như cc v,1
nguyễn quang huy chạy ngay đi,0
"lại nghĩ cảnh tập_trận chống bạo_động đại_hội đảng . cứ tập_trận như đúng rồi , sợ dân ta đến biểu_tình nên phải làm vậy đây mà",2
từ cách nhìn của 1 người dân bình_thường thôi bạn . đúng và hay thì phải khen và ủng_hộ thôi . đâu phải 3 cái bọn rận chủ rẻ_tiền kiểu nào cũng nói được,2
"93 nguyễn tao theo_dõi linda từ 2013 tới bây_giờ rồi chứ không phải mới_đây mà biết hay không biết , tụi nó bình_luận ít có xàm lồn quá nên bị chửi là vừa , rồi nói bình_luận khen mà cũng bị chửi là do tụi nó bình_luận khen trên đầu trên cổ người_ta đm ai không chửi",1
"bài phát_biểu rất hay và trọng_lượng mong các quốc_gia bị ức_hiếp đoàn_kết có tiếng nói_chung , cùng nhau hành_động để khô không bị bắt nạc .",0
ôi 1 thằng bede,2
1 đống chiws ít gì,0
bọn gian_tà bán_nước cầu vinh . .,0
nhân_dân ta giữ tin vào đảng nên sẽ giao vàng cho đảng tuyệt_đối hộ từ giờ đến cuối năm thế_nào cũng có người đem vàng cho đảng giữ hộ khả_năng là một chỉ hay nửa chỉ gì đó,2
thương anh mong anh chết sớm cho đất_nước bớt đi một loại phân,2
cùng một dòng sông,0
mấy thằng công_an xã học chả hết cấp 1 mà cũng có bằng đh cơ à,2
mẹ nó sủa nge mà thối qúa trời,1
"một xã_hội cho_dù có chiến_thắng trên đường chính_trị đi_nữa , nếu nền luật_pháp bị suy_đồi . ắt_hẳn xã_hội đó sẽ đi về đâu . . ?",0
thảo tròn nhớ đồng_bọn qá cơ 🤧 cố_gắng thôi nào 💓,0
tình_hình tham_nhũng lắm đang ổn_định 3,1
nguyễn bảo chấn clm,1
nghe vô_lý nhưng cực_kỳ thuyết_phục,0
trư bát giới và t sẽ là trong những người chửi thâm nhất 😆,0
đíu ai like . cho thầy đi luôn ăn_cắp lắm,1
bọn cặn bả xã_hội,2
công_an sĩ k icm đéo gì 🙂 công_an sĩ câm,2
hài hài chửi nghe hay .,0
"nó viết stt rõ ngu , ở đây ông pa và những người khác không được trả lương để đi từ_thiện mà họ còn tự bỏ tiền_túi cho những chi_phí liên_quan , còn mấy ông bộ_đội cbcs lương ăn này nhà_nước thì đây là trách_nhiệm họ phải làm , xin nhấn_mạnh là bắt_buộc p",2
nhà con nhung đầu heo rất giàu hãy bắt phạt nó bồi_thường thiệt_hại . . ko để yên được đâu,1
anh ước gì anh là con_gái để được đi nghĩ vụ quân_sự,0
cái đất nc nhiều chó giấy nhưng sáng_chế toàn nông_dân thì hy_vọng cc gì ?,2
long_vương địt đấy,1
sung ban không chung tôi muon thu duoc không tôi ban không_trung thi ong lay mang tôi do tao lao thu không dien moi nghe ong 9mm ban chet không do dien ba chon wa,0
"em nó vào tù chỉ vì ngu mà chết . chúng_nó ở mẽo nhận được gói tiền to to , ném tiền về với gói nhỏ nhỏ , đến lúc em này được nhận chỉ là 200k và tù . ngu chưa con",1
nhìn con cuộn gia y_như nó bị quỷ_nhập,1
chơi vơ i nhau ma i thư c thi kha c hă n,0
chờ em đi kiếm cái tài_khoản yahho cái thầy ơi,0
bắn chết cdm m khá tú,1
chúng_nó đ . ớ . p c . ư . ớ . p có tổ_chức .,2
nhin c minh hieu con co duyen còn con di_linh công_an loc cho mat no muon nhin no an dam,1
ngu thì chết chứ bệnh_tật j . thắng lại làm j,1
"mấy lần trước không ý_kiến , lần này chửi thẳng luôn quản_trị ngu",2
lê thư bớt ngu,1
chị ba đẹp gái có hai hòn_dái hai bên,1
"bọn này về phải cho nó ở bọn khu tách_biệt quản_thúc cẩn_thận vl mới yên_tâm , còn lơ_là với 1 này là rất nguy_hiểm trong xã_hội ta",0
thầy chơi bẩn vl,2
"tôi bảo ô quản_trị nhé , ô mở phim sex lên , vặn loa hết cỡ mà nghe diễn_viên họ rên sẽ tốt cho não hơn là đi_đôi_co với phản_biện với lũ tiến_sĩ việt",1
khẩu nghiệp lắm tụ vành môi v má,1
chính_phủ cho đóng_cửa tất_cả các chuyến bay sang nước_ngoài . và vào vn . cho đến khi hết dich . nhưng vậy thì mấy chống được dịch .,0
bu ng như con heo vâ y ma ba i đă t ba n thuô c gia m cân . uô ng đi vl rô i chê t .,1
bả không biết người_ta mà bả chửi như đúng rồi dị á . mãi_mãi fan cô hiếu,0
nghe quả nhạc dạo_đầu ám_ảnh vl anh ạ mất_ngủ là có thật 🤦 🏻,1
"ta chuẩn_bị quay về để đưa đất_nước ngang_hàng với thế_giới văn_minh bạn ơi , để cho bộ_trưởng bộ công_an , và công_an các tỉnh dẹp hết bọn siêng ăn_không chịu làm , tôi bạn , cùng tất_cả các bác , các anh , tài_giỏi , các nhà_báo , nhà_văn . các thí_sinh thi đường lên đỉnh olympia , cùng các nhà lão_thành ta cùng nhau về , đưa người dân_nghèo phát_triển ngang_hàng với các nước tư_bản hiện_đại",0
quản_trị hãy tìm số báo nào của báo quân_đội khi viết ba rách ô ba ma và đô na trăm . rất báo,1
thằng công_an chắc học võ_công của võ đang ấy mà,2
duma tức ák,1
con hiếu ơi luôn . chị chửi minh đĩ thu ở hàn quốc đi chị,1
trư bát giới vùng đi dịch về không chịu cách_ly,1
popy đi thầy,0
. . quê_hương là cầu tre nhỏ,0
đơm chết mẹ nó liền,1
thảo người thua tại dốt av qa v,0
chỉ chịch xã_giao thôi,1
em đ có cửa 😞,1
chỉ mong trời xanh trên cao soi thấu xui_khiến lãnh_đạo tất_cả các nước trừ bọn trung quốc đuổi hết bọn quan và con_cháu của tất_cả bọn đảng_viên cộng_sản không trừ một ai kể_cả họ đã ra khỏi đảng ra khỏi các nước không cho cư_trú không cho nhập_cảnh không chúng,2
cái lozz cát không .,1
hahahahahahaa,0
quang lồn cái minh má,1
"dùng được trong 2 năm là còn may , đéo biết nổi 2 tháng không",1
công_ty không có gì ngoài điều_kiện,0
cả 2 cũng chỉ ngu như nhau thoii khỏi so_sánh,1
nguyễn công hợp như_vầy đẹp_trai vl 🤣,0
"con này nó giả_tạo , m càng chứng_tỏ m càng để cộng_đồng mạng hiểu hơn về mày 1 kể lừa_đảo , vừa khóc vừa cười hả",1
"phí tiền thuế quá , mà còn nghèo đất_nước chúng vẫn phung_phí tiền của dân",0
hóng quá đa v,0
người nhật đã làm cho chủ tịt nguyen đúc chung mất phần ăn !,1
bà hằng giàu mà bị khùng nặng quá 🙏 toàn là dân nịnh,1
combo gây mù mắt người xem nhất của độ tày . . akm x6 🤣,0
"bậy à , éo phải cơm sườn mà là cháu ngoan boác hù",2
đá stream cực mạnh,0
được cái là giống nhau,0
"nghèo chết mẹ , thiếu nợ người_ta chết mẹ . bộ_mặt con_mẹ gì . nguỵ_biện .",1
"em lỡ tim cmnr , bh làm_sao đây",0
thang bong gia_ngao da cai lay mieng may nhu cai cau tieu vay do,2
"nó viết stt rõ ngu , ở đi ông vl pa và những người khác không được trả lương để đây từ_thiện mà họ còn tự bỏ tiền_túi cho những chi_phí liên_quan , còn mấy ông bộ_đội cbcs này ăn lương nhà_nước thì đây là trách_nhiệm họ phải làm , xin nhấn_mạnh là bắt_buộc p",2
biến lun cho đẹp bầu_trời . tôi qá mệt mõi rồi,1
anh lại xạo loz,2
"trùi ui , cô nói_chuyện dễ_thương quá 😍",0
tống_vô tu,1
đếm được tầm trăm con chim vàng,1
về nhà gill ơi,0
nhìn cái mặt muốn xịt chó cắn,1
chửi vừa_lòng vl 🤣 🤣,0
về sớm mọi người nhớ anh ơi . . đồ ăn lạ cẩn_thận lại đau bụng đấy . . về đây mà ăn đồ chị trang nấu nè ! ! có fan đợi anh chơi giải ao làng hàng tuần đếy,0
giảm cân đi hoèn,0
bà này người ở bề_trên hả gì á . . toàn nói_chuyện kiểu người khuất mặt khuất mài ko . . chắc thật ở bên trại tâm_thần xuất trại . .,1
ba roi gay,2
"những viên đạn đầu_tiên sẽ về hướng lũ tham_quan , bị bắn lắm nhưng chúng_nó không bị_thương vì toàn_bộ là đạn giả , đạn thật chúng_nó đớp hết rồi",2
việt nam sang giúp cuba đi dễ giữ cnxh thiên_đường chứ để họ bỏ thiền đường theo tư_bản giãy_chết này thì khổ,0
hiếu đặng canada nè bạn,0
họ_hàng em đã xuất_hiện 😂 😂,0
street style ?,0
lũ ngu dân,1
nên à nùi bước . . của à đây gooner pham,0
bê hẳn 100s,0
sống chậm thôii,0
thôi đi thím cán bọi bị bắt thì phải mất vài trăm triệu chạy_án thì mới mong yên_ổn,1
nói chug la oam cách gi nó củg tìm cách ăn cho bằng được . trừ khi là dẹp mẹ cái bọn chó ức_hiếp dân lành đi mới mong không còn cảnh này .,2
"mỹ nói thật . virus trung cộng chuyên nói_láo , nó giấu diếm , phải thêm số bị nhiễm của nó 2 con_số .",2
trọng lú,2
con đĩ này bóng lộ nè,1
hết cực_kì thuyết_phục thì đến sống chậm thôi,0
thích câu này vl bạn lịch_sự quản_trị lịch_sự . bạn cục_súc quản_trị dí l vào mặt bạn luôn,2
dân tui ! !,0
"hello , chuc ong duoc nhieu suc khoe . have à wonderful day and take care . love from canada",0
mất lịch_sự thì có,1
con_mẹ mày . nói mày là chó thì tội con chó . mày còn thua con chó nữa tịp à,1
hoặc là lập_trường lợi_ích lêninist bất_chấp cấu_trúc hệ_thống chiều vl sâu chung nền_tảng làm .,0
hôm_nay tiểu sẽ sống_chết với concac abe,1
"ờ đánh nghiêm_túc mà , kiểu đi test thôi",0
tham_nhũng kì_diệu,1
cảm_động,0
"xàm cucc , đừng có biến công_sức của 4 chị đẹp thành ăn hên , không có_ăn hên nào mà trụ lâu pak như v đâu nhé ! !",1
anh đánh_máy giỏi thật ! dám biến đường_đường là chủ_tịch của một thành_phố thủ_đô trở_thành tên nói_láo ! tiên_sư anh đánh_máy !,1
hơizz,0
"mong_muốn khởi_nghĩa để đất_nước giống vl ukranie , syria , iraq là ước_mơ cháy mỏng của quản_trị",2
chill phết,0
thớt ăn_nói mất_dạy . . mà thớt ngu thiệt hay gia ngu ấy nà,2
ăn_bẩn không chừa thứ gì kể_cả bê_tông .,1
luci liu si lùn nó bỏ bùa m à mà nhảy vl vào cắn ác_vậy,2
di_test covid 19 di_ong tran dan .,0
vài năm nữa đi ỉa chúng_nó cũng bắt xin phép,1
bảo xuyên ơi nhìn em rưng_rưng nước_đái . hahaha,1
bọn kia đi đập chết mẹ dân rồi nhé,1
hành xử như côn_đồ,0
bùi long ây lông buồi,2
phim dở vl ạ hihi . nữ chính đơ hơn nữ phụ,1
"tin anh đi đủ máu ăn bãi đá mà , tin anh đi",0
biết thế_là được r . dẫu_sao cũng nhắc_nhở à e là . đọc thôi cái gì cần nói hãy nói . cái thằng quản_trị kia nó không hiểu vđề gì phán người này là chó người kia là chó . nó lại hiểu được tiếng chó ? . .,2
tưởng xuân hiển vcl ba chó vv,1
hoàng nguyễn rồi câu này có liên_quan đến vấn_đề này không nhà_văn hoang nguyen,0
"lớp 3 , 1958 miền bắc .",0
ấy vậy_mà mới có thằng ít tóc cất_công sang tận bển khom lưng hửi đ í t thằng mao c h ó .,1
thu dan ba mo miệng ra nghe thui như dong cuc,1
thách_thức anh tiệpp,0
đây là nhung sau khi xuất_viện,0
đặc_biệt là y 1 người tính trẻ_con thì cần phải cố_gắng 👍,0
"tram nguyen ũa , nó thích ia thôi chứ đâu có chây chét như mấy con đó",0
ê idol m đel được pak liên_tiếp nên cay hay j,1
họ bấm cái j thì kệ họ đi,0
"nail là 1 quá nghề như nhiều nghành nghề lương_thiện khác nhưng dưới bàn_tay đen_đúa của tuyên_giáo nó thành 1 cái nghề thấp_kém , hạ_đẳng . nghề nào cũng để kiếm sống , nuôi sống gia_đình , phục_vụ xã_hội cộng_đồng không phân_biệt giàu_sang hay thấp_hèn . bản_chất của cncs là bình_đẳng bác_ái nhưng những hiện_nay họ đang thực_hiện hoàn_toàn trái_ngược .",2
mạnh phúc lũ súc_vật . quê tôi 😭,2
"ô_nhiễm ở cái thành_phố hôi chết mẹ thì nó bảo là sương_mù xuất_hiện đẹp như đà lạt thứ hai , còn ở hà_nội chắc đẹp như sapa , ờ thì đà_lạt với sapa nhé",2
người_ta gọi là đú mà .,1
"đm nó bây_giờ mày là thằng ất ơ mới vào làm thì đm trên_dưới cả bộ_máy nó ăn thì mày có dám không ăn ? còn cha_mẹ phải nuôi còn dự_định tương_lai đm ở đâu cũng thế thôi , trên mạng ai biết mày là ai mày nói như kiểu thánh_thiện lắm nhưng mà đời_sống đéo có cái bỏ vào mồm thì xin mượn lời ngọc trinh là cạp đất mà ăn nhé . thân_ái",2
tộc_trưởng nghỉ lễ vui_vẻ,0
"chơi với thằng nào cũng được , trừ thằng tàu cộng ra , ok",2
cười chết được,0
mẹ mày hưởi quần xì của con ômô ý lộn ômôi chứ kk 😁 😁 cười ỉa,2
bú nhiều quá à,1
xót_xa cho gđ liệt_sĩ vl .,0
xem công_an và báo nó rãnh hơn nè ! thông_báo người_ta lên kiểm_tra xe mang theo giấy_tờ nhưng mà toàn_bộ xe giữ chả có thông_tin gì . . vậy_mà cũng tốn mấy trang báo để đăng ! . . nói ngu thì kỳ nhưng chắc vậy gọi là đúng quy_trình nhỉ !,1
"bẩn_thỉu dái , bẩn_thiểu , hèn_hạ , hạ_cấp . ghê_tởm",2
trò_hề của xứ cờ quá hoa được dịp biểu_diễn rồi à,0
mặc kiểu này là tao cá ổng vừa ỉa xong . đéo thể khác được,1
đảng cộng_sản mẽo thì sao nhỉ . đồng_chí bí_thư ban rồi mẽo thế_nào chấp_hành,0
cai mat nha tien tri tran dan . nhin giong cai phau cau ga cong nghiep wa mọi người oi,2
"chuẩn , k anti nhưng bài lần này nghe không vào",0
đầy người bình_luận sao à không hỏi 😆,0
ít_nhất ngta cũng làm từ_thiện đâu có như cái thứ của m con linh cá_lóc . không đóng_góp mà còn chửi việt nam nhận_xét,1
nhin c minh hieu con co duyen còn con di_linh công_an loc nhin mat no muon cho no an dam,2
😿,0
dô thật con di_mây ngon lâm_ma,1
ánh_sáng của đảng sẽ giết mày,1
sợ quá,0
😁 😁,0
xin_lỗi chịu hết nỗi,0
bơ ngươ i ta tư ba n hu a bưng bô tung_hô cộng_sản,2
phải bỏ_tù cả hai,1
ai tư_tưởng hướng về đất_nước nhưng không theo chả cộng_sản quá thôi,2
"chuyện côvi toàn người giàu làm hại người nghèo hổng biết đến khi nào mới hết chống đây ? chỉ biết cầu_mong ơn trên cứu_vớt dân lành và mong bà_con chúng_ta , nếu yêu tổ_quốc , yêu đồng_bào thì ai đang ở đâu thì ở yên đó bớt di_chuyển và ra ngoài đường . . khi tổ_quốc cần hảy đứng yên dùm một chổ . .",0
lam pham ai chau add với,0
trần công_luận đúng . phai phat tù vi gay bao nhieu người . . tot nhat tử hih,1
"biến đi bạn ơi , chảnh chỗ nào vậy ? ghê cái gì ?",2
b . ò đ . ỏ kiểu này chỉ biết s . ủ . a,2
nguyễn hữu đạt có duyên chết liền . . nhưng mình lại thích kk,0
mat day,1
có làm mới có_ăn nhé,0
trần dần là người của ảng cộng_sản rồi 😂 😂,0
cô ơi cô lấy cái bai trộn hồ dích hột le nó đi cô,1
dân viê t n câ n clip xx va bo ng đa việt nam la đu . co chi mo i viê c ba n đâ t ba n biê n cư đê đa ng va chi nh phu lo .,2
chi ba thong tam chi trong sang thiet,0
"khúc ruột ngàn dặm , rồi mấy anh_chị thành_viên trong cái hội ấy đưa con_cháu , gia_đình dòng_họ qua ở chung với cái tụi đu càng thế mới vui",2
t méo biết tiếng anh nhưng ngược_lại t biết bucu và vốn tự có được chưa 😁 😁,2
và thằng_cha bảo mày xuống xe ngay . mất_dạy,2
trung như con chó,2
tóm lại bọn kia là chư_hầu . còn việt nam ra quốc_tế thì tiếng việt mà dùng thế thôi .,0
co oi co phuc hau wua,0
ở ngoài tao mà gặp kiểu này t bắt lại cho anh diệt đánh chết con cụ mày,1
miê ng con na y co n thu i hơn ca i hâ m câ u,1
đéo có kicm vao cay view anh_em oi,1
mới mần xog lun,0
ddjtme giống 100 như đúc người 🤣 🤣,1
đm hết hình lựa hay sao mà lựa ngay quả ảnh hãm loz thật . .,1
xe chở súc_vật mong người dân hãy tránh xa đề_phòng súc_vật phóng_uế lung_tung làm mất vệ_sinh .,1
đừng bao lắm h so_sánh abe với sela bởi_vì abe tuổi cười mà so được,1
ủa ? ? bác làm vậy ai chơi lại bác,0
nói tôi ngu là được bạn đâu cần viết dài ra như thế 🤔,1
bá ba cho con ít con lo cho ba mẹ con đi má ba . . 0355887313,0
thật là nhục_nhã,1
ba dung tôi bac ky la ba tôi so rui_nhe,2
nước lắm mỹ mới là độc_tài,0
eo ơi nhìn cái mặt nó xấu mà không giấy nào bút nào mà tả nổi . đừng nói tới nó bẩn miệng mình . coi nó còn tệ hơn đống phân .,2
"nãy vào tường nhà con này . đọc vài bình_luận trong đấy , rồi tự_nhủ hoá_ra khi qua tuổi trưởng_thành thì con_người suy_nghĩ thật kinh_tởm , dù là chung dòng máu . lòng người khó đoán thật , cái gì cũng có_thể nói được . đọc nhiều khéo bị tẩy_não cũng_nên . ahihi ! !",2
dân mà gạt tay vậy chắc tô lâm nó cho vào tội cưỡng_hiếp nun,2
"vậy_mà mày nói tiếng vn , đẻ ra tại việt nam đấy quản_trị chó à",2
thắng ấy không lên phường hơi phí kéo_lại khởi_tố,2
thi thi ngực đẹp . tao gái mà nhìn còn thích,0
bà nay dep that . nhất la cai mieng,0
chả nhẽ t lại phang cho không trượt phát nào giờ,0
vi lấy chồng đi m ơi đi học là out luôn,0
câm mẹ m mõm lại nói nhiều,2
yêu câ u chi ta bi ch loan lên chương tri nh đô ng cơ bay ra đa o cu a su 30 la gi ?,0
idol em 🤣 🤣 kiur này loot thính chanh nhau,0
phương nam facebook câm bán còn cô bán à,0
làm video reaction lông nách đi anh,0
đờ mờ cuộc_sống,1
cu dan doi kho . ma tai sao con an chan tien cua dan ngheo vay troi,1
thu thảo thế_thì bọn bác_sỹ này phải đi học lại . .,0
em của sói tên gì đây ly bíu,0
l ậ t đ ổ c h í n h q u_y ề n l à m ụ c t i ê u,2
nguyễn thị duyên xin link pim,0
nghiên nguyễn cũng là bạn bên phải ở một thời_điểm khác ạ hehe,0
thương_hiệu lâu_đời,0
quần què là có thật,1
bả nói_chuyện cười chết phải nói là có khiếu,0
"phải nói cho rõ là chính_phủ tặng chứ thủ_tướng lương có hai chục triệu thì lấy đâu ra tiền mà tặng , ! thì ông cũng không bỏ tiền_túi ra thực_tế",2
đánh_giá ngắn_gọn sau khi xem đó là nhôn lừ,0
đã dislike mv của jack để ủng_hộ cây ây ti em,0
a m a nh vl,0
phương nam 1 ngàn 5 cái thì mua 🙂,0
dạng háng bắt sele buscu chứ gì thầy 😍,1
"chịu_khó đọc báo dùm . tiền xây tượng do dân địa_phương đóng_góp . nguyên_nhân tháo dở là do xây dựg không xin phép cơ_quan sở_tại . vải lại đag trong quá_trình xây_dựng nhé . không lẻ mấy lủ ngu các người xây nhà kiểu âu mỹ mà không xin phép , bị cơ_quan thẩm_quyền tháo dở . lủ ngu lại riêu rao do xây nhà theo kiểu tư_bản nên bị chính_quyền ngăn_cấm àk ? lên mạng chi mà không khôn ra được , thằng quản_trị page này có vấn_đề về nảo bộ",2
điệp còii vcl cáo là ai con anh độ nhé,1
"tư ngày còn ve_việt nam gặp hằng du đảng là lên hương luôn . . ql lắm con thuy tien gi nữa , bở qua dễ vay sao . .",1
đồng quan_điểm .,0
đùa nó rời khỏi eu chứ có phải nó bê cái nước nó ra khỏi châu âu đi sang châu khác không mà cứ cãi thế nhỉ ngu đ chịu được,1
tôi ủng_hộ tô lâm thống_lĩnh đoàn c . h . u . ộ . t để nó gặm_nhấm giúp_ích cho đời,2
sưa cai lôn sưa sao chi,2
"cẩu quan quá thì luôn có những sáng_kiến dị_hợm , mà không biết chúng có biết chữ để đọc báo ko ?",1
món quà năm mới thầy dành cho chuột 😀 riot sẽ buff chuột mạnh_tay,0
và để chế_độ,0
uyen le cười chưa ăn luôn à,0
chi kế_toán nhìn giống idol vĩnh thâm kim vl,0
chào nhà_báo vũ hoàng lân . chào danh_hài vũ_trụ trần tiger,0
vl,1
ns cái quái j_vậy trời . . tưởng mình là hoàng_thân quốc thích của bên tàu bên mĩ j còn tồn_tại hay sao ak . . hay_là coi mấy cái phim rồi lên_cơn sản . người_nhà đưa ra nước_ngoài điều_trị tâm_thần . . mong chú sớm bình_phục rồi chở lại đúng con_người của mình . đừng thần_tượng mấy ông công công hồi đó rồi hóa điên_hóa khùng . .,2
cầu_mong cho việt nam mình không ai nhiễm nữa 😢,0
tộc_trưởng gánh team v,0
mong ty của các bạn vững_bền,0
quan chuc nha nc lam gi co tien_ung ho . . chj co tien chon duoi dat thoi . . ko gjam gui ngan hang so bj lô . 😂 😂,1
lũ bò đỏ trong có thật không bình_luận giáo_dục .,2
địt cụ m thành lê nhé,1
đa_số thực_phẩm mà bọn quan lại ăn là an_toàn . . chúng có_ăn đồ luôn chợ đéo đâu !,1
trước theo_dõi thấy mày đưa tin cũng rất hay cũng công_tâm lắm . nhưng dần thì tao không thấy điều đó . cũng không dám khẳng_định hay không khi mày đã tạo được uy_tín và nhận tiền của một tổ_chức nào đó . nhưng điều tao đã thấy không còn . vụ này thằng kia sai thật,0
nhờ sự_cố_gắng miệt_mài mà giờ chúng_ta mới có ngày hôm_nay,0
hi_vọng nhung mau khỏi và sớm đoàn_tụ với tổ_tiên !,1
"anh_em có đọc sách dạy làm người của anh tuấn tặng chưa ? . . nếu chưa thì ném cmn đi nhé ! ảnh viết sách , tặng sách xong giờ ảnh không nhớ , không biết 3 triệu đô_la là cái gì luôn á ! tội lắm",1
giờ mới nghe . . trời_đất ơi cái vl miệng nó bẩn_thỉu bẩn vô_cùng . . bởi_vậy . cả thế_giới đều khinh_bỉ . . trời_ơi . . khẩu nghiệp vô_cùng giờ . 😠 😠,1
giọng cô mina nay nghe kỳ_vậy,0
tham_my dien vay choi co cam giac không chi dep gai,0
cũng như irac mỹ xâm luọc rồi giết sadam vị tiktok mà việt_nam mang ơn ngàn năm ?,0
binh thuong thi o dau,0
thằng quản_trị lại sủa .,1
tiên_tri vũ_trụ trần đần đại ngu .,1
kk . . xjn loj cho mjh hoj co mjh hjeu la aj zay ?,0
con lây mẹ,0
con bóng vẫn là con bóng . con c hó suốt đời vẫn là c hó . .,1
bị đấm gãy cmn răng,1
"ờ thảo_nào cứ cán_bộ , công_an là bụng phệ . ! ! 15tỷ usd bay đâu không thấy .",1
"julia trần dở_ẹc , mà còn hôi mùi bọ_xít nữa , không ngon_lành gì cả",0
giống như giọt nước_mắt_vậy,0
điều_kiện hạn_chế viruss phát_tán có_thể là phòng trên 26 độ là cơ_bản . còn mọi thứ điều cis thể . hãy đọc kĩ những bài nói về viruss corona the trang chính_thống nha,0
cháu thây máy chú cuot lâm cháu yêu viet nam anh hai cua cháu đi ngh vu tên điên anh cháu thu bãy hoăc ch nhât hoăc thu hai cháu c quá ng muông đi nhung cháu là nu 😭 😭 😔 😔,0
chuẩn à ưii,0
cười con điênn !,1
được 2 thằng khênh cơ_mà,0
má thằng mả mẹ nào design nhìn mới tưởng nó mặc thêm 1 quần chưa kịp kéo khóa . style kiểu này kn là thằng lý quý khánh,1
vlol v,1
"đizz mẹ nó giết dân từ từ hết chuyện này đến chuyện khác lũ chó quân ăn_cướp chứ đéo phải là quân yêu nước , bây h nó còn rước giặc tàu rồi mở đương cho tàu qua giết dân ta cho nhanh , đưa formosa zề giết dân ta bàn chứng cụ_thể ai_ai cũng thấy",1
"tết đến lương về mua xu may_mắn lì_xì , tặng quà tết bạn_bè người_thân mọi người eii",0
cực_kì cái thuyết_phục mã mẹ tụi mày chứ con 🤬,1
là lỗi của chị nhung nữa,2
vcl xem anime thể_thao mà t tưởng xem boylov3 không đấy,1
cô dễ_thương á ạ 3 3,0
em nghĩ là mùa sau nên đẩy line up này vào ạ,0
"bạn nói_chuyện ngu vcl thíu đéo gì con mà phải đợi con đéo cần mình . . nó cần bạn thì cho câu tl mẹ rồi đéo phải kêu bạn đợi , mục_đích đợi của nó là coi có tz nào ngon hơn bạn không thôi đéo có thì nó mới tìm đến bạn",2
thật tàn độc ! !,0
"tưởng sao , chắc lại sĩ_diện đây mà . vào quán thấy 200k là cũng run rồi nhưng nghĩ mình là khách du_lịch , đi vào không ăn mà đi ra bọn nó cười cho , đang dịp tết nữa . thế_là bấm_bụng mua , mua xong về ngồi tiếc không chịu nổi nên đi tìm mấy lều báo",0
nguyễn phương nam chó,1
đỷ chị minh hiếu,2
an noi chuyen do van hoa vay ma than tuong,1
phương minn chắc do giọng luyến với lại cao,0
"bị thằng nào chơi ác , hack face xong đổi tên face luôn . đáng_lẽ phải là s0aj công_an",0
không thống_kê jav có bao_nhiêu người hâm_mộ nhỉ 😂,1
không có cha bao_bọc lên mới lọt đội_hình ngoo wc luôn lần 3,1
bèo khùng,1
ông ấy không có mưu_đồ chính_trị ji đâu . nói_xàm xàm cho vui ấy mà với lại người_ta cũng già rồi ông ấy khác bọn việt tân,2
dân play cao bằng nhộm hair,0
băng trụ ? ?,0
giống mấy ông trong trại thương điên ngôi nghịch kiến ấy . nhưng đây nghịch alone,2
lê nguyễn thảo nhi,0
đặng lê nguyên nguyễn tấn quí,0
djtme nghe có vẻ hợp_lí càng nghe . . càng hợp_lý d,0
oke bột_giặt aba sạch tinh_tươm,0
ờ cứ mơ đi,0
"ông viện_trưởng khôn quá , nói dứt_khoát , hay giết quách tử_tù này đi , có_lẽ vì_thế mà giờ lão vẫn còn sống",2
gia u_sao đi bô thở như cho vâ y trơ i . .,0
thầy cười bữa kêu không reaction nữa sau vụ hương ly r mà 😂 😂,2
vơ đũa_cả nắm thế ai chơi lại ông ?,0
hay_ho đéo j bài này . hay lại câu like mất facebook,2
không biết gì sao làm bọ chưởng ?,2
bệnh đã cái về việt_nam hà .,0
hard làm cc gì nưax thầy . cứ đanh man phi_te như_vậy là ok rồi . chắc_chắn lên vcsa,2
😬,0
lâm phương chắc năm sau thi rồi,0
adidaphat mong bác được siêu_thoát adidaphat,0
pham minh phục lồn .,2
"chỉ có_thể là vin mong họ làm_giàu và mang thương_hiệu quốc_gia và chia_sẻ với đồng_bào . họ làm ra tiền vì họ giỏi họ biết cho đi , kính_nể họ . còn bầy chó cắn càn không chấp",0
nhà_nước nuôi ăn lương rui còn tham ở tham nhúng cho dân khổ,0
"đang họp nhưng kín , éo cho phóng_viên vào . đm .",1
gõ google y chang ra,0
nó ở cái tầm trất,0
lấy về tế à,0
"kỷ_nguyên vươn vòi , 1 năm mà bị tóm vòi3 lần , từ tân tây lan tới chí lợi giờ qua nam hàn . , còn cái nào chưa được tố nữa . . cộng_sản đúng là sinh_lí thì nhìu mà sinh trùng thì ít .",2
"ê ? cắn đá quá liều hả bạn , nói câu ngu hết_sức . gửi bạn bài spicy của mấy ẻm nhé 🥰",1
chị đẹp quá . . không nói không bít chị là người chuyển giới . .,0
anh lân hỏi toàn câu hóc_búa và trot tên dần này . lão lại càng lên_cơn thần_kinh nặng hơn . nước mỹ chưa có thuốc trị bệnh thần_kinh cho trần dần thì chữa làm_sao virus19 được kk,2
dùng độ mixi thay cho tên iphone xi,0
kute qua,0
mong linh_hồn của các anh được siêu_thoát 🙏 🙏,0
đồ dỡ hơi,1
vcl cà_khịa,1
tự_do vcl 3,0
"ở nhà giúp mẹ giúp cha , cực_kì thuyết_phục mã cha chúng_mày",2
em thử tranh_luận chính_trị với đám cầu_thủ đỏ đó . . sẽ thấy tụi nó chửi em không khác gì bọn bò đỏ nhé,2
chưa gì mà nhiều interfan đòi tẩy_chay không trend không xem live rồi . mọi người có chửi thì cứ chửi con 3 nhưng oy là tâm_huyết của đoàn làm phim và lo mà nên phân_định rõ_ràng . hãy ủng_hộ oy thành_công vang_dội sẽ có_ích cho độ nhận_diện và sự nổi_tiếng của lo sau_này 🙏,1
làm video chưa bạn,0
"đường này hư do phản_động , do các thế_lực thì địch ngày_đêm chống_phá nhé . một dư_luận viên cho hay",0
mạnh hùng hehe,0
thằng à hết tin_tức để đăng lắm rồi quản_trị . đkm thì kệ mọe nó,1
anh trung weeboo,0
mỗi người 1 công_việc . . dm thằng đăng bài ngu đéo chịu được,1
số 6 số khổ 🥺,0
mấy thanh_niên này còi nhỉ chịu_khó ăn tập vào nhé,0
thế_nào chả off stream,0
3 ủa trang này sống trở_lại rồi hả !,0
"mặt xinh thì tóc xấu cũng xinh , còn mặt xấu tóc đẹp thì cũng không xinh lên được",0
"chị ba nói có gì chị bà củng cai , z chị ba có con cu hok , con có con cu nè",1
"buồn quá , k biết_mấy cái tượng nghìn_tỷ có bị ngập nc không nữa .",0
nhìn hài vailon anh 🙂,1
nhật anh vui thôi đừng có vui quá không thôi lại mất vui nhee,0
biết là sự tắc_trách và ì trệ của hệ_thống ăn lương bằng ngân_sách trong nhiều lĩnh_vực,0
thầy lúc_nào chả khổ 😂 😂,0
thế nên ai cũng yêu_quí bác dần chứ không ưa gì bọn ba_que rác_rưởi năm 2020 rồi vẫn ngu,2
bổ_nhiệm thằng khủng_bố mới để chống lại mỹ quá là sai sách đó nha vì cia đã đặt khắp toàn_cầu chỉ 1 cuộc điện_đàm là chấm_dứt ngay tức_khắc luoin,0
co lon dau ma chui lon mieng thang be de thui .,1
ra luật để vơ_vét tiền của dân_tộc cũng có_thể để bồi_thường chuộc lại uy_tín đối_với hoa kỳ nhưng khó lắm dù gì cũng đã quá vi_phạm_nhân_quyền,2
súc_vật ? ?,1
nứng nứng nứng à,1
quan_chức lương thì cũng như ta thôi . nhưng người nào người nấy khi lên làm quan toàn nhà_lầu xe_hơi . lạ .,1
optimusthree với 99 sức_mạnh,0
cho nhism xem mới là đau này,0
chuyê n tâm_linh đi t lô đi t tư ba ga,2
cái con hoàng lệ làm j được j cho đồng_bào mà lên_tiếng ! người_ta làm_việc tốt không ai trả lương ! dù có động_cơ j chăng_nữa cũng chưa đến lượt mày lên_tiếng ! cái loại ngồi một chỗ phán_xét người khác ! ăn_hại,2
đặng cẩm nhungmai linhuyên linh,0
tụi bay giảm tào_lao bớt đi,1
"ý_thức phải như thế mới đúng người biết bảo_vệ cộng_đồng , đâu như mấy cái loại trốn khai_báo , khai_báo sai rồi còn livestream khoe hay trốn cách_li đâu , ý_thức chuột cắn . hãm",2
abe đúng là thật xàm l v,2
vcl tự_nhiên chửi người khác ngu rồi đem trường_hợp ngu của nó ra ví_dụ ! đụ_mẹ thằng lỏng bao dành hết phần ngu người khác ! não teo rồi hoá chó à,2
b . ò đ . ỏ kiểu này chỉ biết s . ủ . a,2
"uầy , thế_mà có cái hội lúc_nào cũng ngông ngóng cái lũ đu càng đó gửi tiền về đó , chậc chậc 😞",2
bại cái đcm m cút qc cl mày đa_cấp lừa_đảo à 😂 😂 đm con yến,2
mất_ngủ . . vào xem ông mà tắt trym sớm thế hả .,0
nhi nguyen tạo dáng cánh hoa 😂 😂,0
dễ_thương và duyên quá cô ơi . love cô .,0
mai tao xin đi làm dân_quân xong t đi tìm ra mày giết mày quản_trị ạ đồ phản_động v dư_luận viên dạo này hoạt_động ghê_lm,2
"thang cc nao ma chang the_dc ,",1
fai biết tiếng cũng kể_cả có phiên_dịch fai không mọi người,1
được hết tù trưởng ạ 😂 😂,0
lê thư bớt ngu,1
"đó mới chỉ là bắt_đầu thôi . . còn nhiều nữa 🤣 dân đen cứ quá từ từ hưởng_thụ , 🤣",1
ảo_thuật,0
em đi nội_địa không à,0
luật là tao tao là luật ý_kiến cặc gì lên phường,1
idol bạn nugu vca xui lắm hả ?,1
mày bị người u à ?,2
dần ơi là dần nay 30 4 ngày giải_phóng mà dân 3 que goi là ngày quốc hận không biết hôm đó lên máy_bay dần chạy cách nào vậy,2
trend này về việt nam ra đường bẩn_thỉu lên cái lại thâm mắt 🐒 các idol bậy quá .,1
"đẹp vch , 330k s 5 món free ship",0
thằng quản_trị chắc mới bú đá xong,1
lời tiên_tri,0
"vu tien dat mày tên đạt , ở nhà mẹ mày gọi mày là phát",0
mà công_nhận cô này xấu người mà xấu nết thiệt . người_ta gọi là xấu đều là đúng,2
ủa gì đây ?,0
"nếu nó niêm giá thì lỗi do người mua mất cảnh_giác ! sống ở thiên_đường mà mất cảnh_giác là sa_chân xuống hố ngay tức_thì ! đi xe_ôm cũng phải hỏi giá , mua bánh_mì cũng hỏi giá . . đến hối_lộ công_an hay bác_sĩ còn có khung_giá ! không hỏi thì đừng trách . . thiên_đường khốn cmn nạn !",1
cái bài hát này nghe lại muốn khóc ghê 😭 😭,0
trần đặng thái sơn tên phim sẽ phải là địt_mẹ về nhà,2
trai làng xai id trong video nhé bro,0
. chúc_mừng thầy nha_🎉,0
má ăn_mặc đeo giống ai,1
họa tiết rất tinh_tế,0
"t bắn bảy viên r đấy 2 viên vào bả_vai trái 1 viên vào bả_vai phải còn mấy viên khác không biết đi đâu nhg nói_chung là 7 viên , không tin tua lại stream mà xem 😂 😂 tộc_trưởng said",0
tutu hoy mấy man,0
tưởng tưởng cc . tưởng_nhớ để sống lại à . đm,1
nguyễn thuận bình_luận não đi bạn,2
gam thua cái củ cặc nhé ! !,2
hợp_lý 🙃 🙃,0
ui . mẹ dân còng lưng ra gánh . thuê đánh x2 dyt đéo mẹ đổi_mới cuộc_sống,2
kiện chết mẹ nhà nó cho nó đi tù 12 năm đi bồi_thường thuêtj hại cho cả khu,1
nghe thông_báo có vẻ như là chăm_lo cho du_học_sinh lắm . . nhưng bản_chất việc_làm của bọn mang_tiếng lsq như cái lon coca . .,2
"hanh viet ở nhà giúp mẹ giúp cha , ở đây soi soi mã cha chúng_mày",2
"xe tắng thiết_giáp đáp lồn má mấy thằng ở trên , cmt ngu vl",2
"thông_báo với mn , từ hôm_nay mình đã gia_nhập đội_ngũ dư_luận viên và hối_hận về sự nông_nổi trước đây . nhà_nước ta là nhà_nước do dân vì dân , các bác lãnh_đạo rất tốt và không bao_giờ tham_nhũng . không được bôi_nhọ lãnh_đạo . các bạn hãy nhìn lại xem mình đã làm gì cho đất_nước ? v",0
"page này thành phản_động ak , dkm toàn post nhảm không",2
ấn_tượng mỗi cái bút của c 😂,0
cả đoàn trốn trại . . nói_chuyện điên_khùng,2
bú cần thôi anh 😂 😂,0
lộn mặt thầy v,0
mày biết tại_sao không thằng ngu vì đứng đấy ngăn_ngừa phòng_chống hiệu_quả nhất cái loại ngu_dốt như mày nên học lại đi đã không hiểu ý người khác đã còn bình_luận người_ta chửi cho nhục mặt lắm thân vào tao chưa nói gì là văn_hoá hay không văn_hoá tao đang muốn nói ý_thức của các ông say rượu khi tham_gia giao_thông,1
tỉ_phú nào đấy tẩy_chay đồ vô_học,1
có ai có facebook real của trần dần không cho tôi xin,0
hay vcl,0
thôi bán mẹ luôn đất_liền đi,0
giống mấy thằng biến_thái tụt quần show hàng đi lung_tung trong xóm,1
nhanh chậm cái địt_mẹ mày,2
lũ chó . pít là động_chạm nhưng tao thjk chửi đấy . .,2
nói ý_kiến của mình mà bị gọi là phản_động . . xàm vl,2
triệu_chứng ghê quá,0
nghĩ nó chán,0
chi ba dung la vang ngọc,0
duy vâu đcm cà khìa vcl,1
giọng công_an hảm chết cdm người nghê luôn mà share cái j,1
mấy đứa giàu thường rất thích đi dạy_đời người khác,2
phó thủ_tướng said chúng_ta đã thắng trận đầu nhất_định phải thắng cả cuộc_chiến,0
oc ba đâ u_chi co j thôi,1
"kiểu gì việt_nam cũng thành ổ dịch thứ 3 , diễn_biến theo cấp số cộng thì vẫn còn hi_vọng nhưng 1 ngày vỡ ra theo cấp số_nhân thì thua việt nam coi như tiêu",0
xin_lỗi cái lozz,1
"mọi người đánh_giá gì đó như kiểu phim hay qtqd , các kiểu đi để mình còn hi_vọng 🤔",0
đăng_ký ở đâu vậy .,0
chỉ có mấy con thùng thần khùng và vô_học mới khen hay và mùi đả lớn mà nói tuc mà mọi người còn cổ vủ hay tôi tinh toàn bị hư học coi đi_đồng nay sắp lắc đi,1
xaolonn,1
"nếu không cảnh_giác thì lợi_ích của đảng sẽ bị xâm_hại , nhân_dân sẽ tự bầu ra lắm chính_quyền của mình !",0
vl soái công_an,1
bà này nhiều tiền quá đâm_ra điên cmnr lắm,1
mới có anh công_an vuốt tóc chị bán hàng rong mà bê_bết máu luôn ấy chứ !,2
trang nay bi bon viet tan mua dut roi . bay gio chi thay mui thoi không à,0
mấy bạn cẩn_thận thằng này nha,0
bác sỹ giám_đốc mặt heo ?,1
"6 700 triệu tiền ship tháng , gì dữ z má , nói không sợ thụt lưỡi hả trời , ship hàng ra nước_ngoài còn chưa tới cỡ đó , mầy ship ra sao diêm vương cho người ngòai hành_tinh hay gì mà dữ z",2
thu dan ba mo miệng ra nghe thui như dong cuc,2
thời_điểm trump trừng_phạt khựa đài đã đến,1
loại nì li_hôn càng nhanh càng tốt,0
"2 từ giống nhau ák bạn , tùy địa_phương , tùy người dùng thôi",0
cho chết mẹ nó cái đám bò đỏ đần_độn,2
"võ hồng gấm rồi mấy đó tiếp_xúc với thêm nhiều người khác nữa á , nghe mà ớn lạnh , cầu_mong cho đừng ai nhiễm nữa , k ở quê làm rần_rần riết chị muốn bệnh lun á",0
"7749 nhóm được nhắc tên trong biến căng của mụ hề với ông bang nhưng mỗi đoáaa là ngon nghẻ , chắc tại aespa ăn_ở tốt aespa",1
"chồi má , cô minh hiếu dễ_thương xỉu",0
con này là đệ ruột của thằng quang lùn cuồng phân mà,2
quân_đội luôn quá vất_vả . thương các em . các cháu .,0
suc vat là có thật,1
ở diễn_biến khác,0
sp này ok đó,0
mỹ vân ăn cứt lun,0
đa_số thực_phẩm không bị tẩm hóa_chất đều an_toàn,0
dương dương tôi tkấy bạn hơi vô_duyên roi đo . . rũa ta coi_chừng bạn ranh hết đo chỉ la hình bình_luận chơi thoi ma làm quá,0
thề à ác với à quang vl . . à den vl,1
cách đây trên 70 năm tôi đã được nghe thời pháp lắm thuộc dân ta bị tròng vào cổ hàng chục loại thuế_sao lũ dân dã_man thế may mà chúng ta đã đánh_đuổi được chúng đi,0
đặng thành nam thế bạn đang ns ji thế 😌,0
nhà e bán nước_hoa bim bim nhé dùng xong chắc bê l chạy tiếp ý chị,0
đéo còn tý niềm tin cái đất nc này,2
dạo này dịch căng đét,0
long tran bạn bớt nhét chữ vào mồm người khác . người_ta chỉ nói là tẩy_chay phim squid game 2 này chứ có nói là tẩy_chay toàn_bộ hàn quốc đâu .,1
phương nam 1 hộp bán nhiêu ?,0
"con này không bị mới_lạ , may mà về sớm đấy",2
xaolon à ưii 😆 😆,1
về nước à nên vào tù ở trước thay_vì gặp người khác xaolol,1
mày khôn vậy mày,0
đây là thời_trang cho người à ?,0
đệt cmm 😃,1
cách hoa lạ hen 🤔 🤔,0
nguyễn phan_gia phát xin tôi bro,0
lê anh duy bên bển có thường đi bar đi búp quẩy tung chảo gì không,0
"trắng biến thành đen , có biến thành không , không biến thành có họ còn làm được chứ trắng biến thành xanh là chuyện nhỏ",1
chị ba vàng_ngọc có cây nọc giữa háng,1
thằng facebook nó còn biết troll người v,0
trong khi tôi đang lo stream thay ông thì ông lại ăn_chơi đua_đòi bên thái à sói said v,0
đấy là quân quốc dân đảng đến nhật việt để vũ_trang hoá quân bắc,0
"nhok lầy cái tài_khoản thì clone , avatar thì đéo dám để ảnh thật v gáy cũng kinh đấy ! thằng trẻ_con vô văn_hoá !",1
nguyễn_thuận tư_tưởng rừng_rú gì v,1
con chó điên,1
cá_nhân add nhiều lắm là cỏng người vượt lũ rất tốt . nhưng add không_thể đứng lên vận_động số tiền lớn để giúp đở hàng chục ngàn người nhé . 1 người sao bằng 1 cộng_đồng lớn dc . với lại anh ấy la người nổi_tiếng nửa .,0
"ai cũng biết . đã là chửi thì chửi thẳng , vòng_vo nói nho nữa thì đổi tên page đi . đậu má rau xanh .",1
trời ơi ! cái con này kêu giang_hồ tìm nó đánh cho nó tet mo nó . thấy nó chửi mà ủa gan,2
làm thật đó hả thầy,0
hot_girl ? ? đáng_ra phải là pónk bẩn_thỉu chứ nhỉ ? ?,1
"đình quang đm anh đẹp_trai vl , anh vậy_mà xấu thì đéo đứa nào dám ra ngoài r anh ạ",1
thoa phạm ô_kê,0
"tụi tôi hỏng dám nói sau giải_phóng , chỉ dám nghệ_thuật_hóa sự_kiện sau 75 , từ ngày đứt phim . . 🤣 🤣 khổ quá .",2
cộng_sản thu doan ban thật thieu biết danh không huy ai lay người dan lam bia do dan lai hiep ct,2
cái này là tiếp nối truyền_thống cụ nhà nó nhé .,1
dmcsvn,2
nguyễn trọng thái đợi lắm cái lone,1
địt_cụ chúng_nó muốn người dân chở về thời đồ đá mất lắm rồi ? như thế này đỡ phải sử_dụng phương_tiện ? địt_mẹ thằng nào nghĩ ra cái luật lồn này,1
"loại này nên bắn , đéo cần bịnh hay không .",1
đụ_mẹ . mang_tiếng việt_kiều . có cái loz thúi rùm . có quần què gì,1
hết trợ_cấp phải không ạ . chúc_mừng những báo lá_cải đưa tin không có kiểm_chứng . đáng_đời,0
vụ gì ế . hóng,0
cho liếm hậu m n cái abe,2
cháu thây máy chú cuot lâm cháu yêu viet nam anh hai cua cháu đi ngh vu tên điên anh cháu thu bãy hoăc ch nhât hoăc thu hai cháu c ng muông đi nhung cháu là nu 😭 😭 😔 😔,0
huy tien đmm,2
xin mấy thánh cho các bác mất ruột . à à rut ruột thảnh_thơi . . kg nghẹn lại từ_trần,0
chắc rf quất thêm dăm_ba cái top 1 bên thái bên đức nữa em vẫn chưa có người_yêu 😞,0
lừa minh hiếu còn sủa,1
"chết_chưa , bò vàng đớp ke kke",1
đjtme đỉnh thật_sự,1
"sẵn tiền ởvn thì cho người_ta đi chứ qua mỹ rồi tiền không dễ kiếm đâu . ở việt nam dễ bị lường gạt vì với những người trình_độ lớp ba trường làng như chị sức lan_tỏa rất nhanh vì sự thiếu hiểu_biết . mũi thì bị lệch , miệng thì phun ra toàn đ , m , c , l cộng với cái cười vô_nghĩa , vô_thức trông thật tội_nghiệp",2
"cave chịch được tiền , làm thiếp bị chịch free rồi còn được đè đầu cưỡi_cổ nữa",1
korea chơi chất nhề 😂 😂,0
"đền cái cc nhá , vào nước người_ta phá_hoại , dân đéo đồng_ý nhá , chỉ có tay_sai cho tàu đồng_ý cho vào thôi . cút hết về nước",2
loại nì li_hôn càng nhanh thật càng tốt,0
lê hậu trend gì trông hay em nhờ 🤣 🤣,0
nguyễn bá quang vào xem bình_luận không vui như trk đcm cno óc chó chó vl,2
25 05 phút anh_em chia_sẻ mạnh_tay tới tập cận bình nhé tiger trời sinh ra tập tấc quá nhiêng sao lại sinh ra ! ?,1
oke à_ơi,0
không sao nha mọi người đừng lo,0
haizz . . . 😕,1
thơ hay quá bác ơi triệu like,0
không chạy thầy đòn vô cái chân cho,0
nghe rất vô_sinh nhưng lại sinh 3,0
h,0
tủnn tủnn phục l4 n,2
"ổng tư_tưởng tiến_bộ lên rồi , hết 3 que r",2
cho những người nghĩ mình có tiền mà bỏ_qua tất_cả nhân_cách và đạo_đức để lại những hậu_quả nghiêm_trọng đến sức_khoẻ người dân thôi mong pháp_luật không bao_dung cho những người vô trách_nhiệm đó,0
mày bị người u à ?,2
chắc trước đây may làm đi ha sao họ cứ gd đu may_vậy,2
chuyên toán và rất xuất_sắc môn anh văn,0
nói gì thì nói từ báo đảng là đáo tin được rồi,1
chết trong sự dễ thươngg,0
"vậy chứ đại_gia nó cũng quất láng , lảm nhãm làm ji cũng đéo có tiền mua đâu",1
tìm chó thất_lạc đặc_điểm cực_kì thuyết_phục,1
vâng quan_trọng là chị đã có lỗ chỉ dùng lực là tiền nó ra thôi,2
"trong đó có bọn comdom gì gì ấy cũng y_như_vậy , lũ sống bằng tiền lao_động của dân mà cứ nghĩ chúng_nó là thánh không bằng",2
from mixi with love !,0
cô bảo là cô hiền lắm đó nha,0
đó là biểu_hiện xl mà những thằng xl y_như v sẽ có kết_cục như thế_nào đây 😌,2
"tàu_hũ in tiền sang việt nam gom đất , nhà , vàng và mua_chuộc chó với đầy tôi",2
lúc đi da trắng lúc về da đen,0
hồ khang com mần thật hiệu wả !,0
"à hề đấm nhau với nga thế_giới luôn đi đàm với mẽo , mẽo đấm nhau với iran thì đi đàm_phán với hoa kỳ chả hiểu thì vận_động kiểu j",0
si đa mà xông_pha hiến máu là có thật,2
nhà mình mà muốn đi vào chăm_sóc cho con_cái phải xin phép thằg hàng_xóm . nó cho mới vào được . nhục nhục đm nó nhục . .,1
đỉ . . giả_tạo . . xạo lồn,1
cố lên cố lên,0
con điên,1
191 tài_trợ chương_trình này,0
"thời nhỏ tuy có thiếu_thốn mọi thứ thật , nhưng được cái ăn gì cũng sạch ! con_người thật_thà chứ không_gian manh xảo_trá như bây_giờ ! 😬 😬",1
đọc mấy dòng cuối tức muốn điên luôn,1
"sữa mủi bị méo rồi chi ơi , ,",0
i love du chu cờ mo 🤣,0
"không phải ai khuyết_tật cũng bán vé_số hay ăn_xin , vẫn có thằng khuyết_tật đầu ngoẹo sang một bên vẫn được làm quan thái thú cai_trị một dân_tộc đó !",1
"đéo chấp loại này vì nói gì nó cũng vậy thôi , anh_em kệ nó đi , chắc nó là bảo_vệ ở đó đó",1
té_ra nó là thừng mặt heo à .,2
nguyễn nhật long vl nắc,1
hoặc cho ngồi vài tháng cho có lệ chăng v,0
đm hcm đường_mòn hồ chí minh v,2
"dàn táo năm nay làm chương_trình táo_quân vi hành nhé mn , phát_sóng 9h tối 23 tết trên vtv3",0
nghe như cặv,1
"nó chửi cho đúng chứ không phải là nó chửi sai . nó chửi cho khôn ra chứ nó chửi không phải là để cho tụt_hậu , cho đi xuống . . tuy văn_phong thô_tục nhưng nó thật . . nên đéo thể cãi được , thấy xấu_hổ thì phải thay_đổi",1
hoàng bảo quân chữa không phải chửa,0
ý_thức như qq,1
"khau nghiep không chi doc ma con ac , day la tinh cach cua con_người hay sao , , ? ?",1
riết thấy page này xàm lồn rất o . o chửi thì chửi cho đúng . cái gì đáng chửi thì chửi . chứ cái vẹo gì cũng chửi . sai cũng chửi đúng cũng chửi . thành chí phèo cmnr,2
loại này phải chơi lại gấp 10 lần . . nhân từ với loại này là tàn_nhẫn với bản_thân,1
chi yêu đẹp quá . mong chi dây cho con linh bai hoc,0
ai biết dì đâu . .,0
ai yêu thắm thì phải mang thắm đi khắp nơi chứ . nhận in ốp cho mọi dòng máy 2d 3d silicon và silicon iphone có sẵn . liên_hệ facebook em hoặc instagram the . case để xem thêm nhiều mẫu nháaa 😘,0
chửi mà có duyên,0
cám_ơn thầy,0
mặt độ trông buồn_cười vl kiểu con ơi cho bố cầm ms kk,0
tao thấy nhiễm covid này toàn bọn nhiều tiền và thích đi du_lịch đấy . .,1
dm . chu ng bây su a bâ y co n no i a . nguo i ta no i câu na y chu ng bây_di_ch ra câu kha c . no i nguyên_văn thi co pha i hay hơn không,1
chế_độ này bị 😢 là đúng 😢 vl hủy_diệt,2
"giá xăng rẻ hơn vài ngàn đồng , thu_nhập cá_nhân thì thấp hơn vài ngàn đô , thiên_đường xhcn",2
út tuyền,0
cũng biết tụi nó ngu nhưng mà quá ngu,2
có vẻ như mày cố_tình quên dòng này nhỉ tại đại_học quốc_gia singapore nus sáng 7 11 . nó nói chứ có ai đồng_ý không ?,0
"em chào chị yêu , chị rất đẹp và sang_trọng , em chúc chị yêu lun vui , trẻ , khỏe , đẹp , có nhieu niem vui và nhiều nụ cười trên môi ạ",0
phước của nhân_dân .,0
haizz 523i à địt_mẹ tôi lại có 530i nó mới đau hicc không giúp ông được rồi,0
viet anh rửa xe e oi 🥺 🥺 à nghe nói e vì nước vì dân tự_nguyện nhi ? 😛,0
em đang suy_nghĩ à đang nói gì 🤔 🤔,0
nếu ổng ở việt nam thì có_thể chữa lành bệnh được không nhỉ . việt nam giỏi mà .,0
tuyên_truyền sao hiệu_quả bằng mấy cái băng_rôn giăng kín lối ở xứ thiên_đường kaka . công_an còn uống rượu lái_xe rồi gây tai_nạn làm_gương nửa kia,2
dm . . thèng assmin cút qua dubai sống đi mày . . tao đi lãnh 3 củ_đây,2
abe về sg chưa để biết tối nay ra đơm abe nè .,0
"nghèo_khổ có giu p gì đươ c ngươ i ta không mà đào mồ cuốc mả hộ vậy ? ác_nghiệp , khẩu nghiệp mày",2
bà hà thâm hơn dái chó 🤣 🤣,1
con đăng bài có vấn_đề luôn về não hả,1
được anh 😂,0
trần thị ngọc anh t chỉ nói không biết thực_hư thế_nào thì đừng cào phím . còn t bình_luận cho vui thôi . động gì đến mồ_mả nhà bạn đâu mà dựng lông lên thế .,2
cái con này sao xe bắt chó không bắt nó giùm cái,1
dug la con lih cho do lam tu cach kho thật ua va,1
có phải người săn hết bcs là chồng nữ chính phỏng ? ?,0
bản_chất cần_thiết của băng_đảng mapia,0
page dây gì với cô lê na kính_mến thế 😂 😂,0
"uh , dung roi , du ma no nua di_quản_trị",2
chuyên_môn của bả là đi bắt lăng_quăng trừ hại cho dân,0
fg vo van hoa vo hoc,2
cánh hoa gì lạ l . o . n zị nè nguyễn mỹ diễm,1
mẽo làm_ăn chán thật thật !,0
sắp hết mẹ 2024 r mà vẫn sống ở 2022 à ? tội dữ v,1
"giữa tháng năm trời đông mà lạnh quá ! lạnh này là lạnh nước_đá , lạnh đây là lạnh ở ngoài da , lạnh của chị ba vàng_ngọc chưa có trả tiền . ngủ trên li quăng mà lăn qua lộn lại , sao em nhớ tiền của chị ba . sao chị đi xa mà giựt nợ ở quê nhà . chị đúng là con gà công_nghiệp nha chị ba",0
đéo thấy thằng quản_trị giúp ai được cái cc j mà toàn ở đó bô lô ba la nhãm cức,1
2 tụi . nó nạp tiền ghê quá ai đú top nổi,0
địt cụ bọn này không con zề để bàn nữa rồi,2
đuổi mẹ nó đi thầy,2
cây hài của làng lmht việt_nam,0
anh sinh_viên nghèo hải phòng và con cave già sa đéc !,1
"thí_sinh xứ mình ngay khi nghe câu hỏi sẽ trừng mắt chửi mc phản_động , phản_động . rồi nhìn cả lượt bgk_đồ",2
thật tuyệt_vời ! không_thể để bọn lật sử lũng loạn ! !,0
kick nó đi abe,2
anh châu siêu dễ_thương luôn á trời 33,0
bình và antex là anh_em sinh_đôi,1
so vl,1
thằng to ăn to . thằng bé ăn bé đúng là tấn trò_đời,1
trend này ở việt_nam đã xuất_hiện rất lâu r . hq đi sau thời_đại wa . .,0
đinh phúc thịnh lan thy ngày ấy của m nè,0
bọn này bắt trend sau tao 20 năm 😒,0
cái này từ năm 2013 rồi quản_trị ơi . cái chính là năm 2016 này tụi nó làm những gì nè,0
con chó phải không,1
". . rút kinh_nghiệm , kiểm_điểm nghiêm_túc và trong tháng này đồng_chí trưởng công_an xã an đồng cũng nghỉ hưu theo quy_định",1
"nghi nguyen bên đó phải tốt hơn việt nam thì mới sang đó sống chứ bạn ,",2
cũng đã đến lúc những người làm công_tác bảo_vệ an_ninh . các khu_phố cần vào_cuộc . vì hình_ảnh của đất_nước không để mấy thằng lưu_manh làm mất_mặt được,1
cc quá đm . to lam,2
chi oi chi chua gap bac ky dau . chi ma gap roi chi không con kip keu mot tieng troi dau chi ak . it nhat chi cung nghi den người nha chi chu . chi o dai loan ma chi dang noi tieng viet ma . chi tu chui minh thoi . nguoi ta không xem chi ra ji nen người_ta goi noi vay thay loi xi nhuc do .,2
ý_thức để dưới đít à,1
gánh gánh cái l má tôi bây à . cái gì củng dân .,2
đi bộ_đội về vứt sống đâu cũng được,0
"thớt ngu vl , giấy cháy thì dùng nước , cháy bằng xăng thì dung cát hoạc bình chữa_cháy dạng bột nhé , còn cái bình co2 với lại cái bình thang mặt lồn trong clip cầm chỉ chua cháy trog phạm_vi không_gian nhỏ như phòng , hay cabin xe hoac chua chay do đien tử , chứ o ngoai duong không_gian nhu vậy xịt bình co2 bốc_hơi mẹ nó roi ! ! đăng bài ngu rất lìn",1
"thằng thuyvan chuyên đi soi_mói tra ip mem như con đàn_bà , trư khinh",1
na n ca i chê đô . .,1
con_mẹ day làm răng giả ghê quá,1
lũ bò đỏ trong bình_luận không có giáo_dục .,2
linh le phương anh nhớ nhe chúng_bạn,0
linh j ma_di_dieu lenh ma danh tay nhu di cho vay,0
gom hết dòng_họ mày lại chưa chắc trả được tiền thợ_hồ chứ cất khách_sạn,0
em đang tìm gấu áo xanh quản_trị ơi,0
dân_chơi cao bằng,0
đen tiền đến để làm vui_lòng trump vl .,1
chào chị,0
"vẫn chưa phải đỉnh_cao của jack như bộ ba bài sóng_gió , hồng nhan , bạc_phận , ý_kiến cá_nhân 😣",0
đây chính là bé an dũng_cảm nhé các bác v,0
ông mc cười bế_tắc luôn hahhaa,0
"nguyễn hoàng đan phương t nhớ là m lẳng , không không tự_nhiên bộc phát r cười như_điên 😂",0
con bướm sdi,0
vcl con thớt nó bị óc chó vật rồi do cứ như kiểu là aespa chưa được daesang bao_giờ ý . xong lại kêu là . bts bp không cb với vụ bà mhj nên ăn_may . âm_nhạc là khách_quan nhạc hay thì fan nonfan nó ủng_hộ thôi . chứ bthg mà bài dở xem càng scandal nó càng vùi xuống đáy xã_hội chứ ở đấy mà ăn_may . còn idol thành_công fan được phép tự_hào chứ có mỗi thế_mà cũng cấm à bố con điêngg,1
"tức á , ai mua gấu về ôm cho bõ tức đi",0
"lít xăng , cây kẹo , gạo , nước uống . . mày đang đống thế cả đấy thằng trẩu nhi ! nói_chuyện mở mồm đéo , đm , ngứa háng văn_hóa lắm cơ .",2
chi dep noi chuyen nghe de thuong qua,0
"địt_mẹ suốt ngày mị_dân , nâng bi tự sướng",1
xúc tích vl d à,0
qua sam,1
trời_ơi không ai xấu bằng con quỉ cái miệng rộng . mở_miệng ra bẩn_thỉu dái mất_dạy . nhà khổ thấy mẹ chắc đeo ba vàng giả chứ gì .,2
địt_mẹ các bạn ý . cười rụng con_mẹ nó mồm rồi .,1
"đáng_đời cho bậc cha_mẹ , vậy bị là đáng lắm lũ người lớn_tuổi lỗi_thời cổ_hũ",1
chị thích không độc số tài_khoản em chuyễn thẳng 10.00 usd tặng chị ăn sáng nè . . sao cười phếc ra,2
c . a việt_nam mà mượn xe cái mẹ gì . mấy ông công_an phường ở sg toàn thấy cướp_giật là chạy lên lề trốn liền . sài_gòn nhiều chốt dân_phòng vậy_mà ngày nào cũng xảy ra cướp_giật mà toàn là hiệp_sĩ bắt cướp không à . mấy ông dân_phòng chả biết để làm gì nữa . haizz .,2
thắm mồm thối,2
hàng_hiệu cao bằng quê anh tôi đấy cac bạn ạ v,0
chi ba co căt lắm cho gi khoe_khoang sao lôn,1
giết người dấu tay đây mà,1
"bạn nói chuẩn cmnr , nhai cứ như bò nhai cỏ , bảo dân_trí thấp lại tự_ái .",1
con này đúng là sạo lồn 9 phương củng không chừa phương nào hết,2
quốc_tịch việt nam nhưng sống ở anh có_nghĩa_là sang anh sinh_sống 1 tgian sau khi nhiễm_bệnh thì về việt_nam,0
test,0
không_những v à còn bao cả team rf nửa . thiệt là khổ cho mvp nhím mà . supperstar mà phải ăn mì tôm thế kia,0
"người_yêu em thức ngày thức đêm để xem stream của anh đêm nó xem hết ban_ngày nó bật xem_lại , trông hèn lắm anh ạ",0
mấy chị đẹp quá,0
dàn allstar của việt nam may_mắn lắm mới được cùng chụp hình cùng the shy top lane số 1 thế_giới đến từ sa đéc chứ đùa !,0
thật cảm_động trước tình_thương người của anh biết sắp chết đi hiến máu để cứu nhiều người khác . .,0
đang cần tiền ai biết ở đâu mướn đi biểu_tình chỉ em với,1
tấc dziêng là cái qq gì dzạ mọi người,1
chó đôi_khi nó còn hiểu chuyện hơn cái lũ này ! !,1
"mấy ông học fpt lấy ý_tưởng mà làm đồ_án nè , biết_đâu lại xuất_sắc v",0
lê hải long ủa v họ nuôi bò dê lợn gà là động_vật để ăn thì liên_quan j đến việc cấm mình ăn bạn ? bây g vật_nuôi và vật_nuôi để ăn bạn còn đéo phân_biệt được thì bạn có não làm j v bạn ? tạo_hoá ban cho bạn cái não để biết chọn_lọc thức_ăn bỏ vào miệng chứ không phải cái j cũng ăn nha bạn,2
phượng nguyễn đừng có zị nghen .,0
tội cho má nó . . nghe nó nói vầy đau l . . phải biết !,1
con di_dang hang leo rank,2
"đang thanh_trừng để người mỹ thuần_chủng . ra đường vẫn mang giấy đầy_đủ , cẩn_thận không thừa .",2
"996 giúp lão giàu thêm , nhân_viên thì dành lương nộp cho bệnh_viện .",1
sena lúc này,0
113,0
bộ này đẹp hơn mà,0
"bởi_vậy hể nói đến cộng_sản là phải nói đến cái ác_ôn , láo cá , lưu_manh , mọi_rợ của bọn quan_chức vl !",2
t . q âm mui chê vi trung giết nhân loai toan thể giơ i . đê lây_lan chết nhiêu người oan . mang tcb ra toa thêgioi se_t su ?,2
tối đánh con lô theo lời à,0
lương phú hỏi chị nhung í anh 😂,0
nguyễn anh tuấn dạ . . trần dần là 3 nhưng mà que đã què nen không còn khả_năng xỏ_lá nữa chỉ cái tội bị mắc đường bố nói_xàm mà thôi 😁 😀 🤓 mỗi khi thấy lão tôi không_thể chửi nửa . . mà chỉ cười_tét_rốn vì coi như xem hài miễn_phí vậy_mà 😂 🤣,2
châu châu mắc cười thiệt đmm,0
chị đẹp nói_chuyện dể thương quá,0
thế đéo nào xin_lỗi 1 câu là xong v ?,1
anh đó chửi con đỷ này nghe đã tai,2
chị 2 của thằng phúc ox đó bà_con . . cho em lạy chị 1 lạy,1
búng tym cho thầy 🥴 🥴,0
cho e hỏi đường lên thiên_đường cơm sườn sắp tới chưa ạ chứ dân trả phí cao quá,1
mặc cái quần giống thằng biến_thái,1
tổ sử mấy thằng này chỉ bênh_vực nhau . thế_nào là gạt tay ? ? lỡ như thằng nhà_báo nó đấm vỡ mõm thằng công_an xong nó bảo chỉ là gạt tay thì có xử thằng nhà_báo ko ? ? toàn làm_trò_hề thôi bọn công_an chó này ! !,1
tết mới cái gì cũng mới v,0
nhìn quả đầu của cháu tùng em lại nghĩ đến đấng dì giây chip 🤣,0
"nếu đây là thày giáo thật thì có_lẽ cần phải đi khám bác_sĩ , đầu_óc chó ông này đang có vấn_đề .",2
nguyễn trọng thái đợi cái lồn thêm 3 chữ địt chị mày nữa nhé 😂,2
bố độ chấn tiền à bô cao_lãnh,0
lê nhật trâm ngta dính bệnh mà bạn cười rất thật 🙂 bạn không dính bệnh nhưng sẽ bị nghiệp đó bạn ơi .,0
lai bon c óp ngày l gian_ác,1
. ở thiên_đường mọi ngành_nghề đều hợp_pháp nhé . đặc_biệt là nghề cướp đường . làm thế bỏ_tù 6 tháng còn nhẹ,1
t fan bp support anh_em với bts . . nghe giọng văn muốn tát vào mặt vler . .,1
tụt mẹ m ra cho nhanh đỡ phải mặc,1
mạnh_dạn lấy 90 tr 🤣 🤣,0
"ủa qh nó yêu ai , chia_tay ai , quen ai quan_trọng không ?",0
"chắc bọn t quan_tâm , dăm_ba cái danh_hiệu . ông lê đức thọ còn từ_chối giải nobel hòa bình cơ_mà",0
"bao nhiều thứ thôi_thì mình mình biết , nói ra cùng ai làm gì để phải mệt nhỉ 🤫",0
đúng rồi 1 có 2 không đợi đợi cc nhé 🤣 🤣,1
sao là trả_lời biết hay không thì chúng_nó vẫn chọn ăn phân không vinh_hạnh đó,1
dat vu,0
cũng may người nhật được dân việt ủng_hộ,0
mấy thằng để ảnh bìa darcy chắc cũng toàn tay nhanh hơn não,2
nguyễn thị luận thái nguyên nữa,0
sau vu nay anh tiê p chuyê n qua nuôi heo . vi không ai mua gà của anh nư a,2
giống con c . ặ . c 🤣 🤣,1
về nước à nên vào tù ở trước thay_vì gặp người khác xaolol,2
trần huỳnh như bạn bẩn_thỉu quá đi 😅,1
đcmm bình_luận bài viết của bố ăn lozz à cut,1
đm lồn xạo fuck,1
linh lê đây bạn kk,0
cho xin cai nic de . tao cung la tien tri day,0
kết_quả của việc cải_cách của mày đây thằng mặt lờ,2
nguyễn thanh tín thằng đàn_bà cut dính mồm à,1
anh ơi bao_giờ anh stream trên youtube thế huhu,0
toang cmnr top 4 chưa có mà_lại thế lày,1
đêm nay khá rát,0
"phùng duy mà vl thôi kệ mẹ bạn , bạn ngáo vl , block",1
dâm l,1
"bận đi tuần_tra biển đông giúp đông lào nữa đó , sao bạn vl không kể đi .",2
nhìn cứ tưởng anh_em sinh 3,0
xạo cười quá má ơi,2
bên nc ngoài làm thấy mẹ bày_đặt đm,1
"nhà_nước mình phải xử_lí nghiêm những trường_hợp như này , xử thật nặng",0
ừ biết kiêm ct như lào cho gọn,0
chị nc có duyên quá chòi kaka,0
"hàn_quốc là phồn_vinh giả_tạo , làm tay_sai cho đế_quốc thôi",2
luci liu thật si lùn nó bỏ nhảy m à mà bùa vào cắn ác_vậy,2
"chúng mài không hiểu ý anh chung , lắm xin phép ở đây là phải đến tận nhà anh , mang cái bao_thơ dầy dầy chút , lãnh_đạo nói là phải hiểu chứ 😂",1
nó tới đây để giết người chứ có phải kinh_doanh mẹ j . mấy thằng bù_nhìn_nhận tiền ngập bản họng cỏng rắn cắn gà nhà . cả lũ cũng không có kết_cục j tốt được,2
"óc chó của thằng quản_trị được cấu_tạo từ cức các loại động_vật . . bởi ngta chửi ngu như cức . . ,",2
lo ve yêu duong gi 🤣,0
thật xấu_hổ cho bộ_mặt công_an khi tình người trở_thành thú_dữ thì chuyện gì cũng xẩy ra . .,2
bắt_tay móc nói thẵm định quá . gía thấp . thẫm định_giá cao . ăn_chia chên lệt . vụ này nhiều,0
nguyễn long người nhật thường có ý_thức rất cao nhé top thế_giới đấy,0
dong_di_troi danh khanh dam xe dung be dau . no banh xac . do thu khau nghiep,2
theo tiêu_chuẩn cán_bộ lắm thì tbt không cần biết tiếng anh . còn tiêu_chuẩn gs ts thì phải biết tiếng anh . khi ở nước_ngoài đại_diện quốc_gia phải giữ bản xắc dân_tộc .,2
nhanh_chóng rất lồng ! cá chết 3 tuần mới xách đít đi lấy mẫu !,1
như này đủ gánh chưa mấy đứa,1
dạo này nó cho truyền_thông nhiều tiền nên im hẳn khá lâu,1
e đâu biết chị minh luôn hiếu là ai đâu . . sao m xạo lồn quá vậy cđl,1
đàn_bà dễ có mấy tay dinh thự của nữ đội_trưởng đội chống buôn_lậu,2
như_vậy là không có được 🤣,0
trần dần bên thật cộngg sản nằm_vùng là cali 😂,2
"tâm nguyễn t mắc cười thật , quốc_tịch việt nam thì không ở việt_nam chứ ở đâu có thấy người_ta chê cái việt nam này chưa , khi nào nó chê đi tao dô chưởi phụ dí mày nó giàu nên nó đi chuyên_cơ riêng mình nó về rồi vô cách_ly luôn đó ba ạ",0
địt_mẹ cạn_lời với bọn này,2
troi oi cô 3 đây à . . cô 3 giựt nợ cô minh hiêu đây mà,0
hợp_lý,0
khùng khí chuột,1
chị 3 sao có râu dữ dậy,0
🙏,0
bun,0
đăng m ke me ninh,1
mỏ như cái l ồn linh cá_lóc,1
chạy đâu cho khỏi nắng,0
page của mày h xàm loz quá . . riết toàn ngta zô chửi cha mắng mẹ mày không vậy quản_trị,2
đừng đụng đến bắc kỳ,2
tộc caa,0
nghe chị chững bị tinh_thần chửi là em biết hơn linh lóc rồi !,0
chưởi riết quen mồm 😱 😱,0
thi_hành án tử thì khác gì cái thoòng treo trên cổ chúng_nó . . mẹ tổ cha bọn tham_nhũng,2
pham_my linh hahahaha tết làm 1 phát,0
"phát_ngôn ngu vãi , tao đi ị ở bến_xe gia lâm còn phải đóng thuế 5k một lượt kia mà nhà với có gia cười gì âu , bọn nó chịch nhau còn phải đóng thuế vì dùng bao con sâu hay victoria kia . .",1
tổ sử mấy thằng này chỉ bênh_vực nhau . thế_nào là gạt tay ? ? lỡ như thằng nhà_báo nó đấm vỡ mõm thằng công_an xong nó bảo chỉ là gạt tay thì có xử thằng nhà_báo ko ? ? toàn làm_trò_hề thôi bọn công_an chó này ! !,1
thuế cao thì dân việt được sở_hữu thật không mất quyền sở_hữu,2
. vcl,1
cc abe,1
"lương mặt 6t tháng , trừ bh , điện , nước , xăng xe , tiền_vệ_sinh , thức_ăn_hàng ngày hỏi còn bn , nếu có người ăn_theo nữa chỉ có âm suốt . vay mà ăn đồng_nghĩa làm cu_li cho nn suốt đời không ngóc đầu lên đc . bố_mẹ mà không có nhà cho thì chỉ ra gầm cầu mà ở",0
"đụ má tao ghét cây ghét thật đắng mấy thằng dư_luận viên vcc , tụi bây ăn cái lồn què gì mà đi bợ_đít vcc_vậy , bợ_đít tụi nó vậy ông bà_già tụi bây chắc tự_hào lắm",1
đạt royal nó không chịu cách_ly vì trong đó ngột_ngạt,0
ducc huyy bớt ảo dùm 😏 😏,1
rồi bị pet nước đấm chưa abe,0
kém thật khốn_nạn không mỹ trung_quốc,1
ba_que này cần công_an quản thật chặt !,1
tộc_trưởng nói nghe xàm cặc . nhưng em thích,1
không ai là không nỗ_lực cả . chỉ là chưa đúng đường hoặc là sai cách đi thôi,0
à tôi tốn tiền r,0
nghe rất hư trúc nhưng lại là mộ dung phục,1
định like mà thôi để 11 z cho đẹp số 😊,0
"á đù bệnh tâm_thần mà cho làm trung_tá mới hay , hèn gì bọn đảng cộng_sản toàn là một lủ tâm_thần nhưng hám của .",2
tp . hcm thực_hiện lời hứa với bộ chính_trị ta đánh ta,2
hoan_hô ukraine ! vinh_quang cho ukraine ! ukraine sẽ chiến_thắng lũ nga putin xâm_lược khốn_kiếp ! ! . .,0
bà này người ở bề_trên hả gì á . . toàn nói_chuyện kiểu người khuất mặt khuất mài ko . . chắc ở bên trại tâm_thần xuất trại . .,1
chẳng hiểu mày ăn_mặc kiểu lồn gi,2
"chỉ khổ lính lác thôi . một người làm_việc bằng 3 , để cho giám_đốc mua nhà mua xe . còn tiền mấy thằng to nó hốc hét ròi .",1
"cảm_giác như dân mình giống thời_kì bị đô_hộ vkl . sưu thuế_ngập mồm . mà bị đô_hộ khéo còn phát_triển được chứ đây chả thấy được cái méo gì , còn khổ thêm",2
cầm gậy lên là làm công_an_sĩ,0
😆 😆,0
chúng_mày ít tuổi phải không lũ không vl,2
dân ngu cu đen chết cả thôi,1
không tính wc 2022 thì ro cũng 2 . ngu nhất wc rồi mà lần,1
ở việt nam ngày_nay có một rừng luật nhưng bọn vl chuyên sài luật_rừng !,2
thằng nào mạnh chẳng muốn ăn thằng khác . việt nam lúc có quân_đội mạnh tí nữa thì nuốt được thằng cam kìa,2
ở thái lan vào xin giấy_tờ mất mẹ nó 600 bạt thai xin điểu,0
trần nhật lý_do em đồng_ý là sợ anh không chịu đợi đó,0
trung bóng bẩn_thỉu,2
bán online 10 năm mà đm đạo_đức kém vl boom hàng chết mẹ nó đi mọi người ơi,2
hiếp . .,1
cạn cmn lời ạ 🙂,1
"biết thì thưa_thớt , không biết ngậm cặc mà nghe . cái mồm mày sủa gì tới quan lại tới thằng dân . thế cái gia_đình mày là phản_động không thuộc nhà_nước việt_nam hay sao . mày phán từ quan tới dân tao thấy gia_đình nhà mày chắc chức_sắc cũng to . phán cái đéo gì c",2
thật là xấu_hổ mà có_lẽ bọn nó mất tính người rồi,1
chúc_mừng,0
ma cây nghe nói tỉ_lệ chính_xác bộ kit là 100 mà 3 lần gì bạn,0
giúp người nghèo_khổ là phúc lắm chị ạ .,0
nghe rất yếu sinh_lý nhưng lại yếu cả sử địa toán văn anh ? ?,0
"một phiếu bé ngoan , về chỗ 👏 🏻 👏 🏻",0
chết mẹ abe gòi,2
các bác chỉ nhìn cái tiêu_cực trong xh . bạn người không càn sự sống đang gồng mình cứu_giúp người dân đang bên ngoài vùng lũ kia . mỗi người 1 việc . p . anh à ấy có tiền thì ở trên khô phát lương_thực cho những người được cbcs không màng tính_mạng mình đưa người dân từ nơi nguy_hiểm vào . đừng nói vì tiền thuế nhá bạn . bạn có dám vì tiền mà đánh_đổi mạng sống của mình ko ?,0
nhin cai mieng linh toile . . going cai cau tieu we,1
"hải_yến bố con thần_kinh , thở ra cái là thấy mùi rồi",2
xàm lồn quá thằng bóng ơi,1
chj ơi từ_thiện đi,0
có lúa rồi không ngán mẽo và noto ngay vã vào mặt đanh_thép .,0
giống pháp bắt vua hàm nghi bọn chó đế_quốc,0
làm đéo gì có vụ thắng kiện phải trả án_phí . ngu người 😟,1
còn đó bị bệnh ngu,1
lần sau lấy xe_máy mà đi già rồi mà cứ thích đú theo tụi nhỏ,0
trần đặng thái sơn tên phim sẽ phải là địt_mẹ về nhà,1
"tâm nguyễn_phát_ngôn đúng chất não cứt . người việt mà đéo về việt thì ông à họ sang trung_quốc muốn ? giàu thì cũng tiền họ làm ra , có xin nhà ông đéo đâu ? họ về đéo ảnh_hưởng đến đất_nước là được . ý_kiến cái đéo gì .",1
đm ads phản_động nhé ! ! các bạn cơm sườn đói là thích các bạn ấy làm thôi 3,2
mãnh_thú chơi đồ tùm tum tè le à,0
cang ngay cang ghet tôi thp,2
tuyệt cmn vời,0
phạm anh thư nhớ homie qué,0
đoàn văn ngọc sơn sơn ben10 với trung pokemon ?,0
t_động đến gia_phả nhà mày à . t đang nói công_chúa fifa kìa . hay là nó ông nội m,1
"quả nhiêng là cao_thủ độ nhức thiêng hạ , tại hạ xưn bái_phục , bái_phục . ! . , mong đại công_an không chớt , không chớt . . , qua mùa dịch , mong được tái_ngộ , tái_ngộ . .",0
"nó làm cái cửa hậu thừa ra tí để che mưa cho chắc hơn nước đỡ hắt thôi mà cũng ầm lên , không thích thì lấy máy mài mà mài đi để nâng cao tinh_thần bắc bó .",1
"các bạn muốn video này thì nhớ chụp lại phần bình_luận này nha , tôi sẽ trả_lời all , tại tôi nhiều nhắn_tin người lắm không biết video nào cả",0
nhok lầy địt_mẹ trên mạng thì gáy khét rất l em ạ ra đường câm như con chó,2
tao sẽ ghé đái 1 bãi ngay,1
đm page của anh tao là nơi để chúng_mày vào đây để cực_kỳ thuyết_phục à,2
"hội bảo_vệ trẻ_em phụ_nữ tiêu tốn ngân_sách 1 năm bao_nhiêu tỷ , có làm được trò gì không ? bao_nhiêu trẻ_em bị bạo_hành , lạm_dụng , phụ_nữ bị hành_hạ đéll bao_giờ thấy hội thối đấy ra_mặt bảo_vệ",1
"như con c . ặ . c ,",1
nước_mắt giả_tạo vô_cùng,0
hảo đen có cl ý,1
"cái tầm của tbt phải thế , quảng_cáo là phải trên báo nước_ngoài . tuy_nhiên bác tbt cũng_nên căn_dặn tay_chân thuộc_hạ lần sau làm cho kín_kẽ vào",2
mày bảo ông quan nào vận_động được số tiền như thế đi . ngu mà còn diễn,1
thằng xamlol . m không dùng hay dùng thì t care à,1
"anh đi cách_ly mà nhìn anh giống như đi du_lịch vậy chắc anh không bị gì đâu , mong nhà_nước cách_ly anh vài tháng rồi chả cho anh về với thiên_nhiên",0
cũng đéo làm gì cho đời,1
chi dep gai len sai gon tim cho bang được con di cho do danh thay me no nha,0
minh hiếu chửi lồn mà còn hay,1
bon comcom đơn_vị tác_chiến điện_tử với nhật_ký yêu nước địt_mẹ chúng_mày vào mà đọc . tưởng ai cũng như chúng_mày hết đấy,2
fan cứng dạo hả thầy cười 🤤,2
thủy_tạ cho mình hỏi này uốn kiểu gì vậy bạn ơi ? ?,0
nói thì nhiều làm chẳn được bao_nhiêu kém học_thức quá,0
thằng hùng với bà 4 thật nha đụ nín thở_nhe tuân à .,1
"đồng_chí nào có lòng tốt ra rước bác về dùm , để đấy mấy con chó nó đái lên thì khổ_thân bác tôi quá",2
con mất day,2
thiếu vụ sông đà rồi quản_trị ơi . lật_lọng là truyền_thống lúc_nào cũng được phát_huy của cộng_sản và những người ủng_hộ cộng_sản .,2
trần trung_tín rất lồn kk,0
kênh như con c quá,1
linh_chi t thấy không hay thì nói không hay thôi,0
yêu tùng,0
"hoàng bảo quân nhà ngt có tiền , đâu cần chữa free , chỉ là vài lí_do muốn về quê_hương sau khi làm_việc . . vv",0
"tư_bản eu ghen_tị với việt nam hả . chứ như tư_bản thuế_ngập mặt , làm cái gì cũng thuế , thở ra là thuế với bảo_hiểm . dân eu nộp thuế_đa man luôn mà có quyết được dùng tiền thuế làm gì đâu",0
lữ văn_thánh như 1 con bò 🐂 thuyết_phục clmm,2
sương_mù là tại thiên_tai !,0
và họ kêu ngày ấy là giải_phóng miền nam 🤣,1
"bạn nào ủng_hộ mình với , please 🥺 🙏",0
"hien tran ngoc bich , hiep tranhoa xem có bó_tay không nè trời .",1
"còn mày có con cũng ngu lắm , đẻ con ra cẩn_thận đó",2
"nên làm , hạn_chế tình_trạng lệch_lạc trong giới_tính , sinh ra một_số_thành_phần đực không ra đực mà cái cũng chẳng ra cái",2
hạnh fuck nhé đôi bạn trẻ 🤣,1
đầu 2 thứ tóc rồi mà còn bị trẻ trâu levi lừa . 🤣,0
bạn ơi bác_sĩ chữa bệnh ngáo đá đang trên đường đi tìm bạn kìa,1
đức mạnh cứng clmm,2
"ủa có 1 cái bài viết đéo có tí lý_lẽ_nào mà ekip chị công_chúa lắm seeding 5,7 trang cộng_đồng . ngộ ha ? ?",1
ngu đừng có sủa ghen với người giàu à họ về nước chữa_trị tự_dưng qua bên kia cách_ly,2
cực_kì thuyết phcuj,0
k atm cũng được làm công_an_sĩ,0
hề già,1
"bọn nào thì nó cũng vì dân_tộc nó trước_tiên , bọn con bò nó cũng vì dân_tộc nó chứ đâu vì dân_tộc việt nam 😂",1
đijt luôn tuyên_truyền thằng quản_trị phản_động mẹ vớ_vẩn,1
nghe có vẻ apple nhưng lại sam sung,0
tiên võ,0
cực_kì khuyết_tật,1
nói về mấy ông bụng phệ ở trong chích quyền thôi nói cả đời vẫn không hết chuyện . . mãi cũng không sửa đc . . nó ăn vào xương vào tủy rồi .,2
đang xem hài ai rãnh xem quãng_cáo,0
quan_chức để lại cức đái cho đời . . í lộn ! cái lắm đức .,1
thanhtâm nguyễn e từng như_vậy à,0
kênh kĩ_năng,0
l ậ t đ ổ c h í n h q u_y ề n l à m ụ c t i ê u,2
buồn quá quản_trị ạ nc mắt cứ rưng rừng,0
"ngưu tầm ngưu , mã tầm mã",0
ăn_nói sà lơ dị coan,1
địt_mẹ bị band bình_luận trong gruop,1
huỳnh chí tính clmm chổng mông lên,1
khôn thế thầy lòn,2
hahaj,0
hồi giáo còn thật tốt hồ_giáo hơn,2
"hãy xem thời_gian tới cuba theo mỹ giàu hay nghèo dân sướng hay khổ nhé . chưa nước nào theo mỹ mà dân khổ hết ! hãy xem nhật bản bị mỹ tàn_phá sau đó cũng theo mỹ , hàn_quốc cũng theo mỹ đó . còn triều_tiên chống mỹ đó ! vậy_mà bọn lên mạng cứ sủa để lừa dân !",0
bọn hàn xẻng theo phe nào phe đó thua mà pr bản_thân ghê thật,2
tao cười ỉa,0
"ghen_tị , có người trong chính_phủ đang lol",1
mình muốn nói một câu thôi địt_mẹ bọn sống ảo,2
con lưu_vong xõng chuồng luôn,1
from bảy miếng đất,0
nguyen xuan thanh hít keo chó là ngáo keo chó chứ 😂,0
"một đám dư_luận_viên tư chịch với nhau , tởm vcl",1
thằng zô zăn hoá,2
các đội bóng anh lúc này,0
mày về đái lên bàn_thờ nhà mày đi quản_trị xong lúc đó họ_hàng khen mày giỏi vì từ trước đến nay chưa ai làm được thế hay chửi mày ngu,1
"le viet anh nếu nhà t có người bị thì sẽ xung_phong đi cách_ly chứ không để lâu ngày đâu mà bị lm sao cả , chỉ có mấy loại cm trốn cách_ly không chữa kịp mới chết thôi , loại như cm thì nên chết sớm không lại lây ra cộng_đồng",2
no noi dua may dua bay tuong thiet a,0
no qua ma oi người_ta giau không ai ma dem khoe nhu ma dau noi la biết no roi 2020 ruoc ma ve_no dum nha con khoai dot phao,2
page này thành phản_động rồi,0
thúy linh tuii nói không sai mà,0
lê thị trang đắt vcd,1
"mình ở tphcm ai biết trung_tâm nào dạy tiếng hoa tốt tốt chỉ mình với , học lẹ không thì không kịp",0
má y chang tối nào nó cũng đi tạo nghiệp duy phương,0
dit me vao long tot cho de cua may à,2
con viết trại này nên vào cfs 🤗,1
kk con lắm này bị cô ba vàng_mã đào hết mớ rồi kk . bị sập bẫy của bà tam cung chén mũ rồi kk,1
phương nam thấy giá rồi 😂,0
chụp màn_hình làm cl gì thế con bò,2
quá là hợp_lý,0
trend này các bà quê tao tạo ra từ mấy chục năm trước rồi,0
. . đừng chửi thâm quá mà hãy chửi kiểu hại não thôi cho vui,0
"cái cap hơi gây war đó nha ! vậy tôi nói chương_trình mấy người này_nọ mấy người chịu không ? nói gì thì suy_nghĩ vào , xin_lỗi chứ chương_trình có duyên mà bình_luận đ có duyên thì dẹp hay im m mồm cho xong ! thân ! !",2
dân quê như mình đéo hiểu cái mốt gì ?,0
đụmámài,2
đụ con đĩ mẹ thầy nhá,2
"coi cai miêng con nho linh loc , giong nhu cai l bi sung kia , co minh hiêu chui cho no chú đi",1
"nhân_phẩm , danh_dự cũng có hoá_đơn sao . của toà là bao nhiu ? !",1
"đm ad , mày ngon kéo ra phỏng mà bve ngồi sủa đó có i ch gì",1
mày chỉ sống thêm 11 ngày nữa bậy ! tao dạy mày những điều tốt_đẹp sao mày sủa thôi thế trần đần .,1
tô tổng lắm mà làm được vụ xứng_đáng thì này lưu_danh thiên_sử,0
bệnh của m còn nặng hơn ung_thư đấy thằng ngu ạ,2
"năm_ngoái thì vườn rau lộc hưng . năm nay tới biên hoà . nếu dân việt nam không đoàn_kết , đồng_lòng như dân hồng kông . cuối_cùng sẽ không có đất để chôn thân . vì cộng_sản sẽ giao hết cho tầu cộng rồi hạ_cánh an_toàn ở nước_ngoài . ngươ i kế_tiếp mất nhà . . chính là bạn .",2
loại này tử_hình luôn cách_ly vl làm gì cho tốn mỳ tôm 😁,1
hải_yến đéo care luôn bình_luận ăn lốn màu à con điên,1
cón mẹ may không được day may à ma không co van hoa à,1
giàu mà sao não để ở đâu vậy đức ngọc,2
tận_thu rồi ! giờ người nghèo biết sống sao !,0
"dạo này bệnh lợn tả châu phi tạm yên thật ! ! bây_giờ lại bắt_đầu bệnh bò điên hoang_tưởng , rối_loạn phân_liệt ông giáo ạh ! thế có nguy không chứ",1
hoàng lịch ké,0
tiên tiên ghê quá vậy 😂,0
đm may tien cho qa mỹ ma giut no cô minh quá hiếu 100 may truc triệu,1
thích khoe quần sọt đùi mà bị bắt mặt quần_dài,0
thời_buổi giờ hở ra là dùng thói côn_đồ,0
quyên phạm mịe,1
tem thi tốt nhé mấy anh,0
chó để con linh cá_lóc,2
im mẹ đi thằng mặt lon,1
đội đào lửa gọi súôt 4 5 năm nay thấy có làm được gì đâu,0
"bay len ma bay den 46lan ah , cai dit cu may",1
hoàng thị bé_con thầy ba,0
đồng nhung máy_bay phalcon 10 tỷ belike,0
cách phân_biệt tiểu tiểu với sena,0
chị ba vàng_ngọc có cây đinh mọc giữa dái,2
hồi chưa có vợ t cũng vậy 😂 😂,0
ấu my fuckboi,1
"đã đi xem và thấy nó đéo gay_cấn gì cả , chỉ có hiệu_ứng âm_thanh âm_thanh là ghê . có_lẽ bộ phim mang tới cái triết_lý nào đó",1
nghe nứng wá thầy ơi,1
cựu tổng_thống hq cũng gia_nhập juventus vì có bạn thân là ps đó . không đùa được với mấy thật cái kiểu giáo_phái mị_dân xứ này .,1
"yến nhi ừ thì hoa , còn mình thì bắn_tymm",0
lý_do hôm_qua g2 bị sấp_mặt và cũng là dự_báo cho vòng 16 tuần sau 🙃,0
lì như trâu là thiệt có ta luôn ơi,0
t thấy phim nhạt_nhẽo vô_cùng . thề luôn . lồng_ghép vài câu thoại con_người tàn_phá thiên_nhiên quá mức ra thì t thấy nhạt_nhẽo thật_sự,0
grabexpress chỉ giao hàng thôi ông nội muốn ship người vui_lòng chọn grabbike,0
khúc đầu nứng quá thầy uii,0
quần này có vẻ đẹp hơn,0
khắc thành nguyễn phục cái máu lồn,2
thầy em là phải hơn . ngu nhưng hơn quá ă 🤧,1
ĩ khùng 😑,1
thanh tuấn nghe mùi hôi thúi như cứt từ miệng bạn,2
có fan phản_đô ng luôn bên các bạn nữ . chúc mư ng các em .,0
thang nay oc no co van de rui ? du me o do ma no nhu thuoc no ! di_lua loc la gioi dai may dung ! chu co ngoi dai dau,1
đ t mẹ thiên_đường quản_trị nhỉ,1
bot . gian . di . ban . oi . bo . wa . het . tat . ca . se . nhe . long . ban . chuoi . ng . khac . minh . cg . met . do . ban . oi . nghi . u . cafe . cho . khoe . hi,0
team refund này bắn chắc anh_em đi_rửa mắt hết anh à 🙂,0
best cà_khịa,0
lời của ông vl phó_chủ_tịch nước lâu_nay chung ta hưởng nền dân_chủ bánh_vẽ . bùa mình vẽ mình eo âu có cần tranh_luận .,0
sao lon dung la mieng cho không the moc nga với,2
"chúng_tôi đại luôn đa_số dân đen nước việt , rất cảm_ơn thịnh_tình và sự nhiệt_huyết của quí ngài dành cho môi_trường nơi chúng_tôi sinh_sống . chúng_tôi lấy làm tiếc về sự_việc đã xảy ra , mà không biết làm_sao để thay_đổi , mặc_dù 90tr dân nước việt thông_minh ,",1
chân_dung cực_kì rõ nét kẻ ấu dâm mọi người ưii,0
nhai_lại chán không hả thằng ad ?,2
đám 1 luôn cộng nạn_nhân yg ch3,2
ronaldo là cầu_thủ duy_nhất trên thế_giới người vào đội_hình lọt u nhất mọi thời_đại với thành_tích giúp bồ đào nha chưa một lần vượt qua vòng_đấu loạt trực_tiếp quá xuất_sắc,1
sao căn_vậy,0
sống chậm cái con_mẹ chúng_mày,2
kien tran có 10 tỷ gì căng,0
cả một lũ sâu_bọ . c . h . ó . c luôn h . ế . t,2
viêt nam sẽ chien thắng,0
ủa nó đẹp chỗ nào vậy,1
loại vô_học ! !,1
"kh pacpo hôm_nay đi bảo , ngày_mai bán_dâm nuôi đảng",2
này là del có tí nhân_phẩm nào nên nó thế,1
hiệp nguyễn thẳng vl,0
"cũng có 16x cái like , 1 là ngu giống quản_trị , 2 là like thương_hại v",1
combo bất_hạnh,0
lon me no,2
không nhận hối_lộ,0
pồ ké mon không anh độ,0
đẹp troai rất chg o,0
cảm_ơn em da dạy_dỗ lắm con linh khùng .,1
"như ngọc nails thực_sự mình chưa mua nhưng ý mình muốn nói là dù như thế_nào người_ta cũng bỏ sức lao_động ra kiếm tiền , đừng làm người_ta đau bùn mà tôi nghiệp",0
"khai_mạc trọng_thể đại_hội đại_biểu toàn_quốc lần thứ xiv của đảngsáng 20 1 , đại_hội đại_biểu toàn_quốc lần thứ xiv của đảng cộng_sản việt nam đa khai_mạc trọng_thể tại trung_tâm hội_nghị quốc_gia , thu đô ha nô i . ttxvn , cand , vov",0
chúng_mày ít tuổi phải không lũ không,2
"gười ở việt nam dạy_đời , nhắc_nhở người ở mỹ lâu năm à . .",1
cai miệng ba nay chua hêt nghiệp lai tao nghiệp nua roi . phu ni gì ma_tho tức miệng co doi ma thui nua,2
long nguyễn do não m khôn hay ngu thôi,1
những công_trình để 5km h bạn đi được không,0
anh độ gáy to vải 🤣 🤣,0
"chỉ 1 2 đất_nước trong nội_chiến vẫn đã làm được điều như này vào 60n trước . . ôi ! , tôi yêu mọi người của tôi biết nhường nào !",2
e bán nha các bác hàng chuẩn tây bắc luôn,0
áo xịn quá abe !,0
"chơi với thằng được cũng nào , trừ thằng tàu cộng ra , ok",2
quỳnhh hoa bị ngu à t vẫn mang quốc_tịch việt_nam và vẫn nói ngôn_ngữ việt nam chữa_trị ở đây việt nam chưa cấm chuyện lên_tiếng làm g ? ai chê việt_nam nghèo_nàn suy bụng ta ra bụng người à ? lo m bao đồng,1
khánh con sao không lấy số người chết của ý ra nhỉ . ý cũng là châu âu đó . hi_sinh người chết vừa làm tăng miễn_dịch cộng_đồng vừa cho đỡ chật đất . cách làm của tây hay thật ta ơi 😌,1
như cười thâ y ơi,2
ngao_ngán quá !,0
còn samsung thì đòi đem 700 kỹ_sư nó qua mà không muốn bị cách_ly suy_nghĩ óc chó chó vẫn tồn lại ở người hàn,1
không doi mu_lam j giam xe . dien,0
đấng chíp chất thật,0
ông trần dần tiên_đoán khi nào việt nam sang giải_phóng bắc kinh ?,1
"an_ninh và tình_báo việt nam nên tiêu_diệt tên trần dần này , tên điên_khùng .",1
thầy_bói 🙃 🙃,0
con chó điên,2
thầy cởi quần thịt luôn,1
sa hạnh lm một chuyến đi du_đấu xa đê,0
thằng thua phải chịu án_phí chứ nhỉ ? hay mình xem film nhiều nên nghĩ vậy ?,0
con nay mat dai,2
qua gia xam cười bong quá,1
trần thị ngọc anh t chỉ nói không biết thực_hư thế_nào thì đừng cào phím . còn t bình_luận cho vui thôi . động gì đến mồ_mả nhà bạn đâu mà dựng lông lên thế .,1
con di,1
my talking tom mà tôi cứ tưởng tom and jerry các ông giáo ạ,0
người việt mà đéo được về việt . đâm_đầu chết mẹ đi cho mấy mà vừa_lòng .,1
chán,1
bạn chả có máu_hóa văn loz cã j,1
cảm_giác như kiểu cái lồn cx đi kể cho con bạn nó bỏ thì lại kêu,1
"bơm chủ_nghĩa dân_tộc như bơm ma_túy . càng ngày_càng nhiều , ngày_càng trầm_trọng .",2
cutee thật_sự,0
bê đê sống thật đi chị 3d,1
"cm nó 50 , k",1
moon nguyễn m nhắn_tin t,0
gửi con mặt lồn nhung17 nhé,1
😌 😌,0
buồn cho thầy,0
phim séc còn lịch_sự hơn,1
nhin cai mieng linh toile . . going cai cau tieu we,2
các bác rất tốt . nhưng lắm cán_bộ của các bác thì đéo tốt,1
được à ơii,0
nguyễn định mất não be like,1
anh trung lòi dái,2
"chửi nhau sao không gọi phone chửi cho dã cái miệng , mà lên_dây khoe vàng hả cha , ỉa déo ra cũng dưa lên , bó_tay , luôn",1
dân mà gạt tay vậy chắc tô lâm nó cho vào tội lắm cưỡng_hiếp nun,2
clm cuoi ia,1
ngọc liên nc nv nha_homie,0
nguyễn thành_công nguyễn đức tú vẫn tấu hài,0
"chắc bọn t quan_tâm , dăm_ba cái danh_hiệu . ông lê đức thọ còn từ_chối giải luôn nobel hòa bình cơ_mà",0
page sặc_mùi phản_động ! !,2
yêu grab không các bác,0
ờ ờ ờ . đội quần thiệt sự 🤣,1
sống không có tuổi_thơ biết lấy gì để nhớ về thanh_xuân,0
vcl các thanh_niên tay nhanh hơn não,2
diep thai không từ nay câu này là lời chào nha 2 bạn khanh võ kk,0
"thấy chán quản_trị page này kiến_thức thì nông cản cái gì cũng auto sủa , cái nhìn thì tiêu_cực , nói_chung là dốt còn nát",2
giờ không đánh cũng đã khai chính cờ đỏ sao vàng là bọn k . h . ủ . n . g b . ố . cần phải dẹp ngay bọn k . h . ủ . n . g b . ố cờ đỏ sao vàng này ra khỏi xã_hội việt_nam và cả nhân_loại của thế_giới 😉,2
bọn kia đi đập chết mẹ dân rồi nhé,2
"cảm_thấy ngột_ngạt quá thì đưa à vào rừng ở , ở đấy không_khí trong_lành tha_hồ mà à tận_hưởng .",2
"cổ xúy cho chiến_tranh , người hàng iran chết dân trăm người mà chúng_mày vui_mừng nhưng mồm thì khi nào cũng nói đến quyền con_người",0
yến giang vào mà học_hỏi nè con . mày chưa đủ trình đâu 🤣,1
nguyễn trọng thái nhân_giống,1
đậu_xanh rau_má thằng dư_luận viên nào vào đỡ dùm cái chủ_đề này cái v ? giải_thích sao định_hướng xhcn mà lỗ nhiều vậy ?,1
khẩu nghiệp chêt mẹ may đó trời qua báo may đó hồi xưa may chửi nhiều người . bây giơ trời qua bao may_đo minh hiếu may gu rang chiu kk,2
tóc_tai như cái lông chổi v,1
"helo các chú , hôm_nay cháu sẽ đánh_giá ông_già của cháu nhé",0
"vậy là còn rất hợp_lý , nhằm nhò gì đâu . mấy ông tướng triều_tiên quá đeo cả ký huân_chương còn phải theo lệnh cô bé khuôn_mặt_trái banh nữa mà .",0
"phát_ngôn ngu vãi , tao đi ị ở bến_xe gia lâm còn phải đóng thuế 5k một lượt kia mà nhà với có gia cười gì âu , bọn nó chịch nhau còn phải đóng thuế vì dùng bao con sâu hay victoria kia . .",1
bợp mặt cô bé phóng_viên như_thể sắp nhìn cho luôn ngài lãnh_đạo 1 tai cho chừa ngu người . .,1
"nó đi ngu thật , không biết nó học bằng ở đâu mà cả khúc cua nguy_hiểm như thế_mà còn lấn làn vượt được , loại này không gây tai_nạn trước rồi cũng sẽ có sau",1
con nay no khung con hon con linh công_an loc nua,1
thằng tập cận bình mà vào quán này ăn bảo_đảm mai quán này dẹp chắc,2
giết người mà có 10năm bèo_thế,0
ngu_xuẩn nhất nhì là tiktok mỹ thơ trần đăng_khoa,2
nó vốn đã là con zombie vật_vờ rồi,2
đốt đi là hợp_lý,0
bạn này có quá não không ? ?,1
lủ ngu không nhận ra . thế nếu_như thằg chó quản_trị bảo cocc gì đấy thì báo_chí sao dám phản_ánh ? mày có chắc 100 rằng ông đó dạo và dân đúng ko ?,2
"địt_mẹ đến là hài , cướp như thế_mà nó chỉ bắt vì tội gây_rối trật_tự công_cộng . cái tội này là tội máu lồn nhất . dân oan đi khiếu_kiện nó cũng vu cho người_ta tội này được , rồi thì thanh_niên ra quảng_trường chơi chúng_nó cũng vu tội này . . nhưng tuyệt_nhiên chúng_nó cho lũ an_ninh , dư_luận quá viên đánh người giữa phố thì đéo thấy tội này đâu .",2
dân viê t chi câ n clip xx va bo ng đa việt nam la đu . co n mo i viê c ba n đâ t ba n biê n cư đê đa ng va chi nh phu lo .,2
"chuẩn rồi , cứ đem cái này ra họp quốc_hội có phải tốt không",0
em xin video với bác ơi . 😂,0
con na y no tươ ng no i chuyê n vâ y la hay mâ_t da y khô n na n khâ u nghiê p con_trai no ga nh,2
qá dễ_thương,0
chi đep lắm,0
nghe khá hay 😂,0
nguyễn trọng hiệp nước_mũi hả chú,1
mă t mu_i chj đe_p qua . j cg đe_p . . chj đeo nhiê u va ng vâ y . . hơn ca linh loc luôn . .,0
"bắc kim thang , còn lâu mới sợ",0
"hoan_nghênh ông trần dần có tư_tưởng tiến_bộ , không chống cộng_sản việt nam nữa . chỉ có quên đi quá_khứ để yêu_thương . ai cũng về già lo tu thân sám_hối là điều lựa_chọn tốt nhất . chúc ông trần dần sống lâu 130 tuổi và luôn khỏe mạnh đẹp_lão .",0
nguyễn thanh tín thằng đàn_bà mồm dính cut à,1
ai biết cách khắc_phục lỗi mạng không chứ 4g wifi cũng đứng quài,0
già mà nói_chuyện mất_dạy . sau_này thế_nào củng bị thục lưởi hêt nói_chuyện . tiền mà nói như vải chùi l,2
gửi con mặt lồn nhung17 nhé,2
"cái tầm kín_kẽ tbt phải thế , quảng_cáo là phải trên báo nước_ngoài . tuy_nhiên bác tbt cũng_nên căn_dặn tay_chân thuộc_hạ lần sau làm cho của vào",2
bắn bỏ đi thứ lắm tiền mà cặn_bã xã_hội,2
ngô hiếu rp m h,0
đồ khùng . . coi_chừng con_cháu ông pà của pà . . ở pắt chờ pà thật . . đi coi_chừng xe pắt chó địa_ngục,1
được lắm vl luôn ạ abe,1
bạn ơi bác_sĩ chữa bệnh ngáo đá đang trên đường đi tìm bạn quá kìa,1
nguyen chắc phát_âm nói với viết 🤣,1
lê nhật_khoa thiên trâm hả,0
"thông_minh mà muốn làm cho dân ấm_no , hạnh_phúc thì cửa tù rộng_mở . . ! !",1
dư_luận viên sủa hộ ?,2
con rể ngô văn nhất thì về là an_toàn dụ .,0
lin gà của mu về giao_lưu với bộ_tộc,0
bạn nữ nào âm_đạo dãn rộng thâm đen,1
đúng là bọn mắt híp lò_xo thụt bên việt_nam t cái này ra cách đây 10 năm r và bọn t gọi là cái l,2
hai bố con có hai con cạo lia ở đũng quần mà bố ngắn hơn con,0
tầm tuổi này là đa_cấp và mấy bọn bên cam nói là tin tâm tấp,1
hai mẹ con nhà này giờ thanh nhân_vật của năm rồi ! 😂 😂,0
ở cái xứ độc_tài độc đảng nầy mọi chuyện sẽ được che_chắn nếu chủ trường là con_gái của tướng vệ và thủ_tướng phúc !,2
"đĩ mẹ nhung , lựa đi em",1
chết đi,1
cứ 1 tiếng lại có 1 công_an nhiễm thế này . nên đổi tên corona thành conchodinhung,2
"không khám cho kỹ , rồi người_ta bị sida cũng lấy máu luôn . 😑 😑",0
bán dân để trá nợ,1
happy new year bộ_tộc ơii,0
m làm cc j mà đăg cái bài ngu vậy ad ? cho chúg vào chửi ngược à ? ?,1
k atm cao_lãnh 😢,0
nói dân_trí thấp lại tự_ái,1
nguyễn thuận ý_kiến của tụi tao thôi thì thấy không hay thôi mấy bài trước điều được riêng bài này cảm_thấy không hay cho lắm,0
"mỹ tho hay sao mà vàng cũng phải mang , mà ở cali thổ_tả nữa chứ v . vô bốc trộm cũng không bị bắt chứ mà mang giấy_tờ",2
mai tao xin đi làm dân_quân xong t đi tìm ra mày giết mày quản_trị ạ đồ hoạt_động v dư_luận viên dạo này phản_động ghê_lm,1
"đg hoảng_loạn , sẽ bị hoang_tưởng cho mà xem",0
quốc_khánh mồng 2 9 2025 mỗi người dân được 100k là có mùi khét rồi,2
mất trinh,1
mặt nhìn lắm kinh quá,1
cẩm thuý nguyễn hữu đức huyền trân bún bean mắm shrimp,0
người dân cu ba hqyx cói gắng kiên_nhẫn làm theo mác lê nên mới có độc_lập tự_do mới lâu_dài . đừng có nghe bọn phản_động mọi ngư ời sẻ bị độ hộ và bóc_lột lũ cớp bóc_lột và đô_hộ không_thể_nào làm mà không vì lợi_ích của chúng . các ban cu ba cố lên đoàn_kết với lảnh đạo chống kẻ_thù,0
"phố xx ở lê_thánh tôn_chỉ nhận khách nhật hàn , chê khoai đông lào . 🥹",2
má ơi làm sau minh dám đi tập gym đây gâp mấy anh này chất 1 đấm là chết quá,0
hqa mới ngửi mùi của sena nên nghiện mùi đit . hả thầy,0
chỗ tôi chưa có điện nữa mà kế bên quốc_lộ 91 tỉnh an_giang mới chết chứ . . đất_nước có thật đang phát_triển k . . dốc láo riết quen . .,2
xin vd bạn,0
nếp nhăn trên não cũng né ổng rồi,2
thằng này nó nghĩ nó là ai . luôn không qua thì cút cách_ly nước khác mà sống .,1
nguyễn thuận ý_kiến cá_nhân thôi mà thử sáng_tác cái mã bố nhà m à ?,2
long nguyen_câm,1
đám này chỉ có ngựa trị,1
bắn chết mẹ nó đi,1
đẹp_trai như thầy thì đ có ai mua ?,1
dám hó_hé đéo,1
the shy sa đéc,0
nghỉ ăn mấy con như này cho chắc,0
đm thiên_tai cũng đổ do cộng_sản,2
ý_thức của chị còn thấp hơn cả điểm hoá của em 🙂,2
ây da . . cô dễ_thương quá 😘 anh tuân cười như được mùa 😆,0
"xàm cucc , đừng có biến công_sức lâu 4 chị đẹp thành ăn hên , không có_ăn hên nào mà trụ của pak như v đâu nhé ! !",1
nhi n mă t ma_y vl dao ke o nhiê u qua rô i đe_p gi ghê_qua,1
đú quá tủnn tủnn vcl,1
cho e xin facebook chổ chi làm_chi đẹp nha chi hieu,0
học công_nghệ sản_xuất kem chống nhục và phẫu_thuật cắt dây thần_kinh xấu_hổ,1
hàng_hiệu made in mixi,0
bao_giờ nước ngập lên đến háng thì tp hcm sẽ được gọi sài_gòn !,2
diễn_tập chống khủng_bố ở sài_gòn .,1
"lâu_lâu bới lên kiếm cái chửi , xong về nhận tiền từ bọn 3 que thì tội gì không bới",1
ủa kì vậy lisa nguyên về hát với lại nhảy mà còn cô mh dth và duyên thui lm sao so_sánh hai cấp bật khác nhau nữa,0
"page này thành phản_động ak luôn , dkm toàn post nhảm không",1
"chị_gái của nhung , và tiên tiên gì đó , có đi cùng chuyến bay đâu vẫn bị 🙂",0
đo cho tôi bey lam gio ban xa hoi,2
đào phát nữa .,0
"đéo hiểu sao 1 thằng đui và không có não mà lên được bộ_trưởng , chắc chỉ có tại nơi đây",2
nhà đứa covid19 thứ 17 giàu mà,0
tôi thách bố của tổng_thống pháp dám nói_xấu về tổng_bí_thư tô lâm chứ nói luôn gì mấy tờ báo chính_thống của pháp ? họa chăng chỉ có mấy bài chống cộng mà thôi !,0
nó khóc là vì lũ xủ nó đồng bon vẫn còn ngồi trên kia phán_xét sinh mang nó,1
hiếu bùi sủa bẩn_thỉu,2
đcm tướng mà giờ chơi loto để hy_vọng . rất cả . .,1
"đm , thằng giám_đốc này đúng ngu hơn heo . nó nói mình thì cũng kệ mẹ nó rồi âm_thầm đì . đây lại tố_cáo thì khác éo j nhận mình là thằng mặt heo cho cả thiên_hạ biết",1
mắc đ t quá,1
rồi đeo hiểu nghĩ con cac j . chấp_hành vừa tốt mình vừa giúp nhà_nước . h lại thêm quản phạt với ngồi_tù nữa thì hay,1
"trầm_ngâm cứt , , tên nào đi ngược lợi_ích nhân_dân đều là bò ngu tung_hứng hò bả chó , , csvn là chúa lừa dân và ăn_cướp đồng_bào , , loại_bỏ cộng_sản là nhiệm_vụ chính của nhà_báo ngu_dốt và chính nhân_dân",2
nhanh v,0
chủ_tịch trêu chó và cái kết bay mất bộ bàn ghế 😂,0
phan trung hiếu vậy lúc nó bay ra nước_ngoài là nó bỏ nhà rồi,0
giống trường mình bắt học onl nhg học_phí vẫn đóng đủ như học ở trường 🙂,0
"từ từ đừng bình_luận nhanh quá , từ từ nghệ_sĩ nỗi noi vào 1 2 câu rồi cái tụi mầy lại bẩn_thỉu cái tánh chó ra tung_hô à , lũ đa nhan cách",2
cộng_sản thu lay ban thieu biết danh không lai ai doan người dan lam bia do dan huy hiep ct,2
i hên quá mình chỉ là con cá khoai,0
động đến công_chúa fifa là dở_r,1
chỗ tao làm nhiều đứa đái xong ta nói nước_đái nó vương rất ra thành bồn mà kiểu giống như là nó đái xong nó đứng vẩy vẩy từ con cu ra cho sạch con cu nó vậy đó . còn bồn_cầu dính nước_đái vàng_khè thì nó đéo quan_tâm đâu đm mỗi lần tao vô tao thấy vậy là tao muốn tụi nó thành bê đê hết đi chuyển giới hết mẹ dùm tao để đi đái ngồi . con_người chứ có lắm phải con chó đâu,1
anh độ said an lon roi cac ban oii,1
phuong thuy bạn nói đúng con hiếu mất dại,2
ông trần dần không tiên_tri nổi cho ô năm 75 phải bỏ chạy nên ô mới mua nhà năm 72,1
"ngộ ha ! mấy bố cứ ngồi đây mà phán thử_hỏi làm_sao phát_triển được . . ủa nếu có nơi sách phát_triển gì gì đó của mấy bố vào đây thì việt_nam chắc gì đã tiế bộ ? đã đéo giúp_ích được cho đất_nước rồi còn ngồi đây thử_hỏi sao phát_triển được có cảm_thấy hài hay là tự nhục miếng nào không ? hay chỉ biết ngồi mà rên_rỉ , lăng_mạ đất_nước mình , chinhd mà mình được ỉa ra ?",1
má ba chủi hay quá má ba,0
toàn chó đàn,1
gdd t với t làm được gì cho xã_hội thig lquan đéo gì tới m với cái ch đang nói ? thành_phần như m tốt nhất nhập_tịch trung quốc đi . xấu mặt việt nam lắm,1
"tôi không dùng bảo_hiểm , bởi_vì bác_sĩ coi_thường sức_khỏe bệnh_nhân dùng bảo_hiểm ! !",1
thứ nhất quyền của cảnh_sát giao_thông trong tiktok 01 2016 không có gì mới so với tiktok 65 2012 . nên quan_điểm cho rằng luật mới ra để kiếm tiền là chưa chịu đọc qua luật mà phán . thứ hai việc trưng_dụng không phải là mới mà tại luật cũ cũng đã quy_định cảnh_sát giao_thông có quyền tr,0
"hạnh an ồ việt nam gan quá , chắc tụi mình không phải là người việt nam r , và lúc chết do víu chắc lúc đó cũng kêu là không sợ , ồ nhưng bố sợ bố muốn nghỉ học cho nghỉ học đi t sợ chết",2
lee sin cười mẹ giáo_án kiểm_soát của thầy tú,1
chua thay thang bede nao sau nhu thang quy nay no banh noc,2
62 càng nói càng vả vl tự,1
nói bậy tượng hay,1
đm chúng_mày thật,1
hóng 🧐,0
bạn ấy đã lỗ lực rất tốt,0
lon ma m nka,1
"tuan quoc so_sánh với con_gái , chửi con_gái ngta đ này đ nọ , đéo biết mày có cc không nữa , hay não toàn phân bò",1
xuất_khẩu gạo còn bị trả về vì vượt mức an_toàn thì làm_ăn j nữa,1
1 triệu nè 2 triệu nè_vậy đủ đi đường quyền chưa,0
xời . bên thật việt nam bò đỏ tự bật nghe . không cần nhắc,1
thu 3d may ma_sao lon qua,1
đcm game cười gì cay rất như quỳnh nào mua máy về tải t chơi,2
mất dậy thật,1
tú là con đĩ của abe hãy gọi abe là daddy đii,2
cần đéo j quan_tâm miệng đời,1
dân_gian người_ta gọi là mặt dầy,1
không nhận hối_lộ,1
thôi anh im đi vl,1
train làm gì anh ba . malphite thần kiếm mana còn dạng được mà 😂 😂,0
ai cho t biết nhạc n như thế_nào không 🤦,0
mặt nhìn kinh quá,2
cau mong cho duoc chet trong binh yen,0
cái thần này . gió chieu nao . che chiei đo . khau ngiep . chet không đau thai,1
hoan_hô ukraine ! thật vinh_quang cho ukraine ! ukraine sẽ chiến_thắng lũ nga putin xâm_lược khốn_kiếp ! ! . .,0
biết vậy thì làm đi . nói đạo_đức chỉ là chỉ là đàn đánh trâu nghe,0
con_mẹ mày giàu con_mẹ mày quá . . khinh_thường người_ta,1
"ciel phạm thôi bạn ơi nói mấy nhiều người vẫn cố_chấp thôi . bản_tính ích_kỷ cùng chung dòng máu việt_nam mà ăn_thua sân si . bm ngta luôn muốn cái nào tốt_đẹp nhất , tin_tưởng việt nam điều_trị thì phải đưa về việt_nam chứ sao",2
cực_kỳ thuyết_phục 😁,0
những cái chó gì mà của bọn vl hanoi nói hay ghi_chép gì cũng là bố_láo cả ! vì kinh_nghiệm hơn 70 năm,2
"đu me mây cho vay tiên gop ma noi lam tư thiên , bơt sao lôn đi minh hiêu tôi mây_ăn chăn tiên tư thiên_thi đung hơn",1
đm chú chửi ai thế ? mai nghỉ_việc cho đỡ căng_thẳng nhé !,2
fan cứng b52 ròi,0
mấy bạn chửi chị này bê đê này bê đê nọ bớt cái mõm lồn lại ngta bê đê hay không bê đê không cần phải đề_cập đâu miễn_sao họ đẹp hơn cgai mẹ mấy đứa bình_luận chửi này chửi nọ ok thích thì xem không thích thì biến ngta có làm j m đâu mà vào bình_luận chửi còn về chị linda cứ sống thật là mình e thâý chị quá tuyệt r chị đâu có_ăn hết của cha_ông cố nội tụi nó đâu . nên lời nó nói hay chửi cứ xem như chó sủa đi chị ơi . chẳng lẻ tự_dưng mình đang đi trên đường có con chó điên lại sủa lại cắn mình không_lẽ mình cắn lại nó mãi bên linda cố_gắng phát_triển kênh ik chị,2
sao không cách lý với chữa bên nước_ngoài luôn đi nhỉ . v sang đó định_cư rồi lúc dịch_bệnh lại quay về việt_nam để chữa_trị . v,0
mong trum vại phá hết chế_độ s trên thế_giới,2
"chính_quyền hoá châu ngu như redbull , về đây kiếm anh chung con , cứ có tiernf là có đất vàng hehehe",1
nguyễn văn thiện chậm cdmm,1
yey,0
100k là thường ở tây nhưng nhiều ở đông lào,1
"dân ở thế dưới vì_sao ? vì không dám hành_động nên mới ở thế dưới , dân đồng_lòng cùng hành_động thì mới ở thế trên được bạn ạ , việt nam mình 1 đảng không như các nước tư_bản đa đảng khác , đến các nước tư_bản đa đảng dân họ còn dám biểu_tình đập phá nên họ mới có_thể đứng ở phía trên , còn việt nam thì không .",2
rất cười bác . kk,1
trung la hán,0
toàn các cô gái luôn ngồi_xổm trym quệt đất ạ . .,2
sung ban cat 1km thi sao ma_trung . dao chem cach 10 m thi lam sao ma_đut nha tien chi phet lac,2
"ăn hôi khắp mọi mặt_trận , giống như thánh_ăn hôi nguyễn lân trung",2
dm ! qua đợt dịch này thì thằng sống ích_kỷ này chắc sớm gia_nhập juventuts,2
"báo nhà_nước đăng nó mới biết có chuyện ồn_ào , còn báo quốc_tế thì nó làm_sao mà biết được ? kemeno",0
bao_giờ nước ngập lên đến háng thì tp hcm sẽ được gọi sài_gòn !,1
loại vô_học ! !,1
nhục_nhã quá hiếu minh ơi mày la cái loai bẩn_thỉu bẩn . qúa bây_giờ may sang măt may_ra . gu gu gu gu nhục_nhã nhục_nhã kk,2
thanhhuy nguyen bẩn_thỉu vcl,2
đứng hình mất nửa tiếng,0
biết được 1 ông anh lên kèo rung k . o khá chắc_tay trên tường cá_nhân,0
đầu_đuôi câu_chuyện kết lại tên nhung ơi là nhung,0
con này là bê đê bong lộ xấu gớm . . xấu xúc_phạm người nhìn . .,1
"mày đang quay_phim nó , nó liền trưng_dụng thiết_bị kỹ_thuật của mày . nó sẽ xoá hết những cảnh quay mà nó vòi tiền hay làm_luật với mày từ nãy_giờ . hiểu chưa thằng ngu",1
"dăm_ba câu hỏi làm_khó được à t , câu hỏi tiếp_theo tộc_trưởng nhìn giống ai nhất ?",0
quynhanh nguyen muốn xem mà cứ sợ giống cái phim địa_đạo cá_sấu em sợ vđ,0
"1 22 ai lớp du chu cờ moo , duyên_dáng quá cô ơi",0
nguyễn thu hườngphan xuân hưngthành nguyễnhoàng văn quyềnđào thị thu lịch lên cầu giấy họp hơi lâu . v,0
nào chưa có vợ thì sao dỗi vl,1
nghĩ đến chỉ muốn băm con chó đĩ ấy trận,1
đại gmtv tao nhắc đấy thì sao tml,2
dư_luận viên đâu rồi ? cháu ngoan đâu rồi ? đảng_viên đâu rồi ? bơi vào đây cãi nhau nào !,2
dân viê t chi câ n clip xx va bo n đa việt nam la đu . co ng mo i viê c ba n đâ t ba n biê n cư đê đa ng va chi nh phu lo .,2
chế_độ luôn,0
"phải trừng_trị thật nghiêm loại ngông_cuồng , vô_ơn , mất_dạy này 😊",1
"téo tèo teo , chúc_mừng bạn quay vào ô mất lượt 😂 😂",0
chụp cái ảnh thôi làm đéo gì đâu mà phiền,1
nguyễn tuyến không phải đóm mèo chó gì hết v,0
nghe lần đầu thấy không hay mấy lần sau nghe lại nghiện,0
tập come out vui_vẻ và tươi_tắn nhất mà tôi từng xem,0
cm thời_gian rồi sẽ chữa lành tất_cả,0
abe bucu,1
ai_ai ? ? . . dám loang truyền tin thất_thiệt thần_tượng tran cọp của mình bị corona_vậy,0
con bóng ? ?,1
"nhìn ảnh khá là vô_lý , dòng cap cũng khá là thuyết_phục",0
thật nực_cười sai_phạm tày_trời vẩn leo cao đến chóp_bu chỉ đến khi muốn hạ_bệ nhau thì tội_trạng mới được lôi ra xử_lý . thiệt_hại cho nd hàng bao ngàn tỉ rồi lại chỉ cảnh_cáo cắt chức về vườn an_toàn thế_là xong . ! ! chế_độ này chúng chỉ nhân_đạo với bọn q chức cộng_sản . . ? ?,2
các man sống chậm tý nào,0
hình_như sam đuôi nhọn còn so thì đuôi như đôi đũa đúg không ta . từg ăn sam rồi và cũg từg thấy con_so . đuôi tụi nó khác nhau .,0
"nó đang tự chửi nó , lấy chồng còn sinh con ủa mà nó đẻ được không ta ? vì nó là quỷ rồi ! . . bọn bay thua con chó là con_người thô_tục từ_thiện áp_phe còn phước không ?",1
luật của việt_nam dành vl cho người nghèo thôi,2
"tiệp có_thể vào rừng ở thay bộ_đội sẽ thấy siêu thoáng , siêu mát , siêu tự_do . trả chỗ cho ngta về nghỉ_ngơi đi",0
"mặt bà này là biết có dương_vật ở dưới háng , mặt nhìn coi không có_hậu gì hết . ăn_nói như giang_hồ mất_dạy",2
bắt được đừng chữa nhốt vào cho chết luôn . . loại này đừng để đẻ trứng ! !,1
"bình_thường đã ăn , cuối năm phải tranh_thủ kiếm thêm xơi tết , nọ về tới tsn , đứng đợi cả tiếng mới thấy từng cái vali ló dạng , nóng_ruột muốn chết",0
sao ngu v bên kia éo chữa hiểu chưa con ngu,2
thiên_đường thuế là người dân bị đánh thuế hàng_đầu thế_giới đó hả mấy bác . kk,2
như buồi thầy ạ,2
nhắc nhẹ ở đây còn 1 người nữa cũng rất đẹp_trai,0
gái có cu có chính hãng trần đoàn á cười ỉa,0
"thực_ra từ trước đến nay cô cẩm_lan vẫn như_vậy , bản_tính vì quá thẳng nên mới block với lại comment chửi hơi tục nhưng đúng là công_nhận bà ý không bao h đi inbox lại hay đi comment 1 cách vô và chửi_rủa 1 ai đó . tất_nhiên là bà ý cũng sai do nhiều khi cái ngôn_ngữ nó hơi tục với hơi thẳng_tính và rủa hơi thâm đúng là bà ý không muốn nổi , chỉ muốn làm 1 người bình_thường và cũng vì miếng cơm manh áo còn để làm_việc . kể_cả sự_việc trần_my cũng là ngoài ý_muốn , bị mọi người quá soi_mói post lên group",0
vượng ơi sống có lương_tâm đi,1
ben my sao cung co quai thái nua vay troi . quá . song lam gi cho chat dat,2
ngọc_lan huỳnh m đó nu . sắm quanh_năm mà tết cũng bày_đặt mua đồ tết_đồ,0
"tự khen mình đẹp , quỷ 😈",0
hoan_hô nkyn và ngô tường an ! you are doing à great work ! keep at it ! 👍,0
cẩn_thận không tôi giờ ! 😂,0
chẳng phải thiên_đường người_ta di_chuyển bằng cách cưỡi mây hay sao ? lẽ_ra họ chỉ xây cầu bằng xốp thôi . . nhưng vì lương_tâm của người kongsan nên họ cho vào thêm bê_tông và ít cốt thép đấy ! bà_con ở thiên_đường cứ học cái tính càm ràm vớ vẫn của bọn giãy_chết !,2
nhớ uống thuốc đều_đặn vào cô ơi,1
đcmm quản_trị,1
nhin guong mat sang lan . . cai dau trong rong . . o ben trong cai gi cung thui . . mo mieng ra thật cai gi cung thui . . dat nuoc oii . .,1
nguyễn hoàng chẳng_qua con 17 ăn_đủ gạch rồi nên nó mới phải thế . noia chung không đi vào vết xe_đổ của bạn .,0
mong con mày không ngu như mày,2
anh nói hay vl ! kiêu thì nghỉ mẹ đi còn gì nữa,0
việt nam phiếu đinỏ có đi nửa cái phiếu đó cũng đem chuồi đ í t không có,2
quanh đi quanh lại chả hiểu cặc gì nghĩa_là chả biết m có vòng_vo hay không vòng_vo . nói toàn mấy cái vớ_vẩn lòng_vòng đéo hiểu đk . mà thế đéo nào lại gặp thằng nói nhiều vậy không biết nữa . địt_mẹ nói vậy đọc cả ngày cũng chốt lại vòng_vo tam_quốc . như tao nói mẹ ra luôn lòng_vòng lm cái lồn gì .,2
con người_yêu đỏng_đảnh thật nhỉ,2
thấy vd cute vch nhờ nền nhạc 😂 😂,1
mến em đã lâu hôm_nay mới biết em người chuyện giới 👍 👍,0
mấy chục năm trước cũng y chang z,0
cố lên chị_gái của em 3,0
chị ba vàng ngo c vui_tính và hát hay nữa,0
cáo từ,0
các bạn tham_gia group của mình nha,0
"cho cười_phát . những kẻ ngồi ở trời tây , tự_biên xoạn rồi đưa tin .",0
"dm . . thằng assmin này phản lại cái động . . bố nó thông_minh , tài_giỏi mới làm lãnh_đạo . . nó có gen di_truyền_thông_minh , tài_giỏi đó mới làm lãnh_đạo như bố nó . . không_lẽ mày muốn thằng phụ bếp vl làm tủ_lạnh , thằng thiến heo làm tbt . . v . . v . . dm có mà xuống hố cả nút đất_nước này ah . . dm . .",1
"đánh chết cụ mấy tg nhà_báo đó đi , láo lz , nta đéo cho còn cố vào ttgdtx hành_động , địt_mẹ mấy tg nhà_báo tốt_nghiệp tự_ý thì có quy_củ đb j , đánh chết mẹ nó đi",1
các bạn gái xinh_xinh ghé facebook mình lựa ít_đồ nha,0
thầy nhớ mang vinh_quang về nghệ_sĩ hài_hước clm,0
xin_lỗi tụi bay chết kệ bà tụi bây tụi tao kiểm_tra có cái cục cức gì đâu tao biết đó là thứ gì,2
chúng_ta xây_dựng gần xong cnxh rồi hoan_hô,0
cái này nên đưa cho các em mẩu giáo xem để các em biết đánh răng thế_nào cho đúng,0
"nhiều thằng kêu hư_cấu hay chửi quản_trị thì hãy nghe đâu chuyện mất đồ ở sân_bay không phải 1 lần mà cả trăm lần rồi , chắc lũ chúng_mày tai điếc mắt mù mới đéo biết",1
lão tết nếu bắt_tay với trung quốc thì không khác gì cổng ran can gã nhà nhé,1
nguyễn trọng thái đợi cái cười,1
"không dám nói to đâu , nhưng mình cứ liên_tưởng đến nhà_nước hồi giáo tự_xưng is . tụi mà chuyên đi khủng_bố thưởng dân ấy . . v",2
vì thái lan hiểu quá rõ mọi con đường búa liềm đều dẫn tới tham_nhũng,2
cho mi nh xin được nhe,0
con quỷ lùn,2
quá não nhiều dùng nên hơi đao v,1
"đem bom ma ra i tha m cho rô i chư bo n na y na t lă m rô i , no co phân biê t đươ c như ng ngươ i phu nư như me no nư a đâu , a i za",2
chơi threesome cho lành,1
cai mieng hay la cai cong ong vay,1
quản_trị lại chẳng biết cc j rồi . tiền thuế cno lấy của quản_trị đâu bằng tiền cúng của tụi giang_hồ,2
hỏi ngu xíu tiền môi_trường làm_sao cản được uv từ mặt_trời chiếu xuống ? e không biết thật ! e chấp_nhận nge chửi để khôn ra d,0
noi vậy phãi làm_sao cho không còn răng để nói đừng làm gì khác chỉ làm thôi,1
ngươ i ta co chô ng co con_thơ da i .,0
ai đánh moá bóng già này thì hú tôi đánh tiếp,2
chị 2 của thằng phúc ox đó bà_con . . cho em lạy chị 1 lạy,1
"nói sai , hoa , vl quả nếu không có qt tiêu_thụ thì nông_dân việt_nam sẽ khó khó_khăn việt_nam cũng chẳng chế_độ với thằng nào , thằng nào cũng thế thôi mẹ con_em đang sống ở thân cộng_sản",1
nhìn tiên_tri vũ_trụ ngon cơm rồi nghe .,0
ba_má đụ chi cho uổng công uổng nghệ uổng nghễ quần quân uổng công tuột quần tèo lên tuột xuống banh loz đau loz đẻ lớn chơi trò gì md ghê . yêu minh hiếu,2
các bạn nghe câu_chuyện về vali tiền của người tày chưa ? ?,1
đẹp_trai quá anh ơi,0
nhanh mồm hơn não,0
thằng đang chắc học võ_công của võ công_an ấy mà,1
một doanh_nghiệp đóng thuế_cả ngàn tỷ mỗi năm bị lũ ngu chó_đẻ giết chết ! và 1 thằng add óc chó éo bằng con chó,2
mẽo làm_ăn chán thật !,0
"an_ninh và tình_báo việt nam nên thật tiêu_diệt tên trần dần này , tên điên_khùng .",1
"khùng , ,",1
đang cố_gắng hết_sức để dìm hàng trung quần què 😆,1
"ông im mẹ mồm đi , xl quen mồm",1
không có cảnh_sát giao_thông nào tốt cả .,1
"đm ! thắm ơi ! lâu lắm rồi không chửi bậy trên fb , cơ_mà đang cú quá , đéo biết giải_toả ở đâu cả , viết ké ở đây nhé ! cái đcm nhà m nữa ! add bố m , bố accept xong lại chặn bố à ? đcm ! hãm lồn thế ? bố đéo rảnh để quan_tâm chúng m ăn_uống ngủ nghỉ chơi_bời thế_nào đâu ! ranh_con đầu bà cmay ! chỗ cm rảnh háng vào làm mấy cái_trò ăn cc như thế à ? cái đm !",1
máy má nc . . ghê,0
đợi cc ang nhỉ,1
"trước tôi cứ nghĩ rằng chỉ có quân vô_lại , trộm_cướp mới phải núp lùm chứ ? ai_ngờ thế_sự nhiễu_nhương trộm_cướp công_khai còn . . thì núp như chó .",1
còn gần e lần cuối à hoài ôm không muốn lơi có nước_mắt rơi hay_là sương rớt trên vai à,0
chuẩn là rủa tiền cho tội_phạm lừa_đảo nhé cả nhà,0
ơ đ m sao lại có cờ tàu không h ự à thế kia,2
thuong qua,0
đảng đã cho ta một mùa xuân đầy thất_vọng !,2
cuộc_sống mà đôi_khi chúng_ta phải học cách chấp_nhận,0
"công cha như núi thái sơn , nghĩa mẹ như nước trong nguồn chảy ra , rảnh về phụ mẹ giúp cha , cực_kì thuyết_phục mả cha chúng_mày",2
trần tài,0
chắc là thật ngụy_quân hậu_duệ của toàn ngụy_quyền thôi nhé mọi người !,0
"vũ khắc tiệp phải dương_tính covid 19 thì mới thấy được giá_trị của cuộc_sống , thay_đổi thái_độ",2
mấy người được truyền máu sau khi nghe tin 😂,1
lính thế_hệ 79 80 đất_nước quá nghèo . nên so vói linh bầy giờ thì quá .,0
lê thị bích hồng tk trẩu,2
nguyễn đăng khoa thg học_trò l này,1
"ở xứ thiên_đường an_sinh xã_hội như cc nên nghèo_đói bệnh_tật cũng phải lết đi làm đủ thứ nghề kiếm cơm không thì chết đói , trách ông này nhưng cũng đừng đổ hết trách_nhiệm lên người_ta như_vậy .",1
khi những con sán dây búa liềm phát_biểu y_như_rằng tấu hài,2
cá_mập này ăn thịt đồng_bào r 😒 😒,2
đấy thế nhé . thế_là vừa_lòng nhé . chưa kể những người kêu là không ngại nguy_hiểm kia toàn là lính . sai đâu đánh đó . không kêu chắc tự ra làm . mà nói là nói mấy cha bụng bự kia chứ nói gì lính lác .,2
việt cái phải có nam riêng_biệt cái tự_chủ độc_lập toàn đi sau làm sau,2
tặng jack 🤣 hú hú,0
con gia nay chuyen gioi ho nhin ge qua,1
dễ_thương 🤧,0
xao cười ma noi không so meo mieng nhi,2
con khỉ trần dần vẫn còn răng à ?,2
"ta thì nghĩ thằng này là người của tàu cộng , được cử qua đây để làm dư lợn viên , mục_đích là làm ảnh_hưởng ngôn_luận có lợi cho mẫu quốc . vì xưa_nay t đều biết rằng cộng_sản mạnh nhất ở điểm là tạo ngôn_luận ảnh_hưởng mọi người . từ đó nó sẽ đủ tư_cách đi tạo thế , và nói rằng những thằng có suy_nghĩ khác nó tức_là khác với mọi người vì suy_nghĩ của nó là của mọi người , tức_là đi ngược với dư_luận , tức_là phản_động",1
bộ_trưởng quốc_phòng hèn nhất ls việt_nam,2
nói cái gì vậy_mà cứ nghe đụ má đụ cha với vàng,1
chúng_mày chụp_mũ rất lồn chúng_mày còn chưa hiểu ý thằng cường là sao đã auto chửi nó là thằng bán_nước ?,1
"hmm , trời đã sinh ra tuấn tại_sao còn sinh ra tiệp haizz",2
hả_dạ,0
"mày chửi lq xong bị thằng âm_binh 11 nó lừa cho hơn trăm triệu , nhục mặt , gậy mày đập vào mặt_mày , đáng_đời , chửi người_ta làm_sao mày gánh hết .",1
minh đức ho thôi chứ hay thì em không có nha,0
được me không biết tang thue moi truong de lam gi ?,1
nguyễn thuận trước khi phát_ngôn không chịu suy_nghĩ xem chủ tus nó nói gì . . thì ăn chửi là đúng thằng ngu ạ,1
"nguyễn jonh thật_ra mỹ chỉ chống học_thuyết cộng_sản nói_riêng và những nước gây bất_ổn cho thế_giới , chứ mỹ không xem độc_tài như kẻ_thù bất_cộng đái thiên nếu loại độc_tài đó chỉ làm khổ dân nước đó mà không ảnh_hưởng đến dân nước mỹ . đến giờ các quốc_gia",2
trúc loan bị ngu à ? nghe nhạc 2 thằng mà éo hiểu vấn_đề,1
"cái lồn mẹ ở đây người_ta nói_chuyện công ly chứ đéo phải tống_tiền nghe chưa con chó ngu , dizz mẹ mày cty đem tiền tới họng mày thi may làm_sao con chó , người này nghèo không có học_thức bị tụi nó chơi , hiểu chưa con chó ngu , nếu mày cảm_thấy thp an_toàn thì cả họ nhà mày mua dr thanh uống nhìu vào",2
chị xạo cười quá chi ba oi,1
clm trí xuân,2
cái này reset tiền thưởng 😂,0
may quá gặp à làm tóc dễ thươn,0
mỏ như cái l ồn linh cá_lóc,1
hủy thằng bố mày ý ngu,1
sự xoăn sự tạo dáng cánh hoa à nhé 😆 😆,0
tẩy_chay con chó này . bán toàn hàng giã,2
mai lại bảo đồi clear rồi ta nhìn thấy mấy lần rồi snake said . . không quan_trọng mai cố_gắng lên mấy anh ơi,0
các a c e dư_luận viên cùng thật toàn_thể gia_quyến đã sáng_mắt ra chưa ? ?,0
nhìn cái mặt thớt đã biết tại_sao thớt nói bình_luận như_vậy . anh_em thông_cảm người lắm khuyết_tật tí đê,1
hòa duy dth vl 3,0
người_ta chuyển giới nc giống đàn_bà con_gái . còn lâm khách chi giọng như vịt đực í nhỉ,2
đường_đường là cty đứng nhất nhì việt_nam mà sao để gà cưng của mình bay tài_khoản suốt thế với lại hack tk trên 1tr fl đâu có_dễ hay lại làm_trò để người_ta chú_ý,0
đme vẫn là vô_ý_thức 🙂,2
hủy thằng bố luôn mày ý ngu,1
ai để_ý cái đầu bút giống đầu ấy không,0
vl cô 3 vàng_ngọc giới_tính gì vậy,1
nghe_đâu thằng quản_trị là dân bắc . nó mún ngửi đít miền nam mà không được nên tức ấy mà,2
nhà không có gì ngoài được,0
chua soi hay sao mà con chui túc tiêu qua tay chay luon di_moi xl do vua xong la chui nua dung la ngua quen dương cu,1
cái thẻ ngành cứ photo lại cũng cầm lắm được cả tỉ bạc đấy,1
loại này chỉ có đút cu vào mồm,1
minh hoàng chill phết,0
chi chui cho no biec do khung do,1
noi chuyen tao lai người_ta hoi ong mot duong ong tra loi mot neo tao lao,2
"một dân_tộc vô_cùng oanh_liệt , đã tồn_tại 2300 năm là ba tư , nhưng năm 1979 lại đi vào bước ngoặc của dân_tộc , năm 2026 đang ở cửa_ngõ nào đây ?",0
sơn hoàng,0
bọn bậy sủa vl chó,2
đầu_óc chó có này lão vấn_đề kiểu gì ấy,1
akatski akashi nói đúng với nói thật thôi chứ có gì đâu mà anti ? bộ anti đéo có não hay gì mà chuyện vậy cũng nói cho được ?,1
"chuẩn cmn luôn , nhà bao việc",0
unesco chỉ cong nhận tuổi 79 hồ khi ra vl đi bác vẫn còn tr nh,2
trần vỹ mày có đi học phải biết phân_biệt đâu là đạo nhái đáng khinh chứ,2
ai cung dich corona sau con nho nay không bi vay ta do khung,1
"không cộng thì cho biết đề , đáp_án trc . đâu cũng vào đó thôi ! đời . .",1
"địt_mẹ trọng chiêu lắm , nhìu trò . eo lam được cc gi",1
bùi đức hậu lừa cả đấy,0
"thế_giới hỗn_loạn việt nam yên bình . trump mời tbt tô lâm sang để học mà không có_học được để giờ lại beng nhau , dân mỹ lại nộp thuế để ném vũ_khí thôi 😀",0
"ngô thanh vân coi đi có nhục quốc_thể không . gọi fan vô chửi như là chửi cái đứa công_an sĩ nước mỹ mặc áo_dài không quần ý , rồi dạy cho cựu vdv nay vô gu ghồ tìm_hiểu xem mảnh vải đỏ có hình sao vàng là cờ của nước nào .",2
thích anh tuân cười ghê ă .,0
được vl luôn abe ạ,1
thoi lm vé thăm âm_phủ,0
chị ba sang quá à . . đi hửi quần xì của con les,1
miền tây thật_thà nên cô có gì nói nấy ha,0
thiên_tài 😆,0
ca c cha u_bi bê nh na y lâu chưa ?,0
đẳng_cấp dlv .,2
chắc sang diễn chò . . cho người_ta . . xem,1
hoàng thu trang lại nữa,0
tóm lại bọn kia là chư_hầu . còn việt nam ra quốc_tế thì tiếng việt mà dùng thế thôi .,0
mộc an tạo dáng cánh hoa nè,0
kỹ nguyên oằn mình 😅 😅 chứ vươn miinh cái l n j,2
ui các bẹn ơi tôi được làm fan cứng ròi nek,0
và khi bạn đã sinh ra ngay vạch đích thì đối_với nỗ_lực rất đơn_giản còn người sinh ngay vạch đua thì nó lại khác,0
"tưởng thế_là hay , lớn r à không ! già r mà không biết suy_nghĩ gì hết",1
chi hieu nhin không ai biết chi bong dau chi qua dep,0
chị ba . bản_lĩnh con_cháu hai bà trưng bà triệu 👍 🙏 🌍,0
tao có súng đó,0
vấn_đề bv đi quản_trị e mình bục ruột r khám ở bv xong chụp xquang các kiểu địt_mẹ bác_sĩ vẫn nói không sao giữ 1 lắm tuần bảo xuất_viện thì không cho may hôm_qua kịp xuống hà_nội khám nta bảo mổ bác_sĩ mà chả khác j ăn_cướp chụp xquang thì nó bảo phải chờ mai ms chụp được hãm lồn v,1
cả 2 cũng chỉ ngu như nhau thoii khỏi vl so_sánh,1
tuyên_bố cứng như bê_tông chôn luôn . 🤣 vl,0
cẩm vy mình biết cậu lười nhưng mà phim này hay,0
nó dạy thế này đây . người e yêu_thương không phải bố cũng chẳng phải mẹ . mà là chú bộ_đội . ngu mà làm được tổng_thống mỹ thì ai cũng muốn ngu,2
khẩu nghiệp tụ vành môi v má,0
"đù dại ghê , bọn đấy ngày nào nó cũng lên phường xiên cho nó 1 cái , đuợc tiếng luôn , vào khám mấy anh_chị cũng thương , xiên hết mọi thằng trên phường luôn cho nó sum",2
anh_minh đú ít thôi chậm cặc,2
"đụ má , em ức_chế quá .",1
nói_chuyện thì nghe đạo_đức mà nghe ai xuối là đi chửi người_ta nghe nói buồn_cười,0
"đéo hiểu ai là bố ai là con trong cái gia_đình này , mệt vl đến từ sói gaming",1
calvin dang these guys are funny,0
nhớ đóng kín cửa nha . chúc các bạn baker hít thở không_khí trong l,2
nếu vl bảo chủ_tịch mặt như l . . thì ? ?,1
mé cười ỉa 😁 😁,0
nguyễn thanh ca i na y bẩn_thỉu hơn,1
mỹ hạnh hạnh là 1 bông hoa dại à 🤣,0
cái thẻ ngành cứ photo lại cũng cầm được cả tỉ bạc đấy,1
"ông na y ô ng chư i xe o dân y thư c ke m , thê ma bo n ma_y vâ n ngô i chư i được",0
khi nào tùng đủ 18 bán cho em nhé,0
ông trần dần không tiên_tri nổi cho ô năm 75 phải bỏ chạy nên ô mới mua nhà năm 72,0
môn_phái búa liêm mà ! !,2
đcm nhìn thằng thẩm_phán nó cười đểu kìa,1
vũ khắc hoàng vcl râu,1
"cai du ma deo bit dang song trong cai thoi ky gi , ma lam alibaba the không bit",1
thằng assmin cút wa mĩ sống mày . . thay đồ đi lãnh 3 củ_đây . .,2
"tửơng chị ấy là 1 anh_hùng bàn_phím . . nhưng ko , chị ấy đẳng_cấp cao hơn nhiều , chị ấy là 1 nhà hảo_tâm đang cạnh_tranh đấy",0
tuyên_bố cứng như bê_tông chôn luôn . 🤣,0
hưng yên địa linh nhân kiệt phết nhể,2
đoàn quang_vinh khó,0
to lam cuop cua dan .,2
khiêu_dâm hay gì,1
hau nguyen con cặc v,2
đm . rửa_tiền_phong_cách cocc,1
cái quần què gì thế này chời,1
hoang trung mấy ổng được truyền máu đây,1
yepp,0
việt nam cailoz cát không vv,2
tủn 3k bán hàng giả có tiếng az . . mấy hàng đó hợp với mấy đứa ranh như tụi m ok,0
"chỉ hơn ba chục tỷ thì tù mọt_gông ! đã ăn phải ăn tầm vài trăm đến nhiều nghìn_tỷ thì mới được xét hoàn_cảnh khó_khăn , mới được vài_ba năm tù hoặc hưởng án_treo .",0
hinh nhu song mui co bi lech ve_ben trai,0
lz ma no do,1
thấy lắm mới vô_phước được quá cái cfs này,1
thien duong cộng_sản ngo that . biet trung quốc mun hai việt nam ma van tiep tay cho trung_quốc,2
mày điên à ? ?,1
đôi giày là cò tè hở mõm đến từ cao bằng,0
đúng hay sai nhưng mở mồm ra đòi_nửa tỷ là sai cmnr v đời không ai ăn_không của ai được cái gì đâu v ngu tham thì chết thôi v,1
"đánh răng như_vậy chảy máu lợi , đau lắm đấy . clip gì mà hại răng miệng quá đi",0
sợ thì thôi im,0
"đm trang này phản_động mọi người ạ . thp là doanh_nghiệp nhà_nước làm gì có chuyện sai_trái bao_giờ , bọn nó đào bùn lấy cặn đấy .",2
mấy dự_án của đông lào làm anh_em né xa ra,1
nguyễn châu gia_bảo giờ có cho vé free tôi củng méo đi đâu hết tụi này bị điên hay gì á chứ người thường ai mà ngu động_trời như_vậy .,1
dm ! qua đợt dịch này thì thằng sống ích_kỷ này chắc sớm gia_nhập juventuts,1
"thổn lò ngồi góc luôn niệm phật , đ j cx bị dí",1
v abe là con đỹ à,2
sống chậm thôi chúng_mày,0
ông ấy đã trở_lại và lợi_hại hơn bội_phần,0
"ba mươi không tiền nếu đốt thì cháy được khoảng bao_lâu , nếu đốt từng tờ cũng không khỏi 1 ngày , thôi ráng đợi đến ngày lành tháng tốt rồi đốt cho cựu bộ_trưởng xài nha , vì tới giờ_phút đó bộ_trưởng muốn xài thì cũng phải lấy lửa đốt mới luôn xài được chứ phải o ?",1
bà này thèm chích thiệt,1
clm oke abe,1
phòng có vẻ ngột_ngạt quá dọ 🙂,0
lam lam nhiều khi bị mà chưa phát_hiện thì sao ? cũng giống như người bị dịch nè .,0
abe có_thể chiếm_đoạt được trái_tim của tiểu tiểu nhưng riêng blue của tiểu tiểu thì abe tuổi cười chiếm_đoạt được vv,1
"buồn quá , k biết_mấy cái tượng nghìn_tỷ có bị ngập nc không nữa .",1
đừng chê tiểu tiểu_😄,0
buổi chiều vui_vẻ nhé 🍓,0
cực_kì thuyết_phục tiếp đi,0
mặt nhìn kinh quá,1
hay_ho c . o . n c . ặ . c thật j mà tối_ngày đụ với chả đ t,2
hay,0
đất_nước không phải của riêng một đảng_phái nào,0
"3 tới việt nam dạy vl về lại bưng , dùng 3 xỏ_lá để_dành chùi rửa lần",2
"đây là bài bình_luận tự_động để xin like trắng_trợn thích thì like không thích thì like , ok",0
nhok lầy địt_mẹ hay thì mày share đi . nhai đi nhai_lại như con bò . tao khinh quá,2
"quản_trị page này rất chi là ngu còn cố tỏ ra nguy_hiểm , những bài nó đăng mang tính_chất phản_động , ngôn_ngữ đả_kích và khiêu_khích , sáng nay còn poát bài để kêu toàn dân tham_gia ctri chống đảng và nhà nc việt nam kìa",2
lu này già mà vl ngu nh u_ch o,1
mua đồ về cho thêm duyên_dáng nè 😚,0
cười xỉu 🤣,0
huy phạm đề_nghị anh xuất_trình giấy_tờ hợp_tác làm_việc,0
trong khi thế_giới đang đi lên thì nước mình lại đi xuống . .,2
kinh đấy,0
nguyễn duy hà trả cho nguyễn hồng_nhung rồi chú ạ,0
poor anh 😞,0
con này nó mà về việt nam thì tập xác_định . đúng là thật khó mà tha_thứ được .,2
mày có lo chống lũ không hay lắm ngoác mồm kêu_vậy ra ?,1
"những thằng đàn_ông có vợ còn đi thả thính và những con đàn_bà trơ_trẽn thông_dâm với chồng người khác thì rồi cũng không có được cái kết tốt_đẹp đâu . gieo nhân nào ắt gặp quả đấy , sinh con_đẻ cái có khi còn không có lỗ_đít để đi ị í",1
vụ này mà không nhung mặt lồn con đi tù thì sẽ có khối đồng_chí vl phải đi thay .,1
dung nguyễn ơ_kìa zui tánh zl nếu đã không care thì còn bình_luận thể_hiện gì vại,0
cayy nhờ,0
cái ổ chuyên truyền_bá thực_hiện cái ác suốt hàng thế_kỷ . bây_giờ bày_đặt đi phê_phán cảnh_báo về cái ác .,1
minh thông 😂 😂 có_thể kiêng bú cu chứ không_thể bớt chuyện cười được,1
vui_vẻ không quạu nha,0
con 62 xàm quần vải,1
thuyên võ chây thì chết condime với tụi mình r,2
trước khi tìm được người đàn_ông của đời mình chúng_ta vẫn nghĩ rằng chúng_ta thích con_gái . không sao hãy cố_gắng tím lấy người đàn_ông đẩy ngu giống bạn,0
long duy đào riêng m thì không nhé,0
nguyễn huỳnh anh thư phạm kim_ngân ước gì công_ty mình cũng vậy,0
"hung nguyen không , chỉ có cờ vàng cứt choá thôi 😌",1
🤪 🤪,0
cứ thịt chó cho lành sam với so cái gì,0
thă ng mă t heo,2
cln lồn này xàm lồn,2
30p rồi kêu chậm cái đmm,1
ôi địt_mẹ phát_biểu vây coi dân nhu đồ ngu chắc,1
"vào trường lớp giáo_viên dạy ta bải vệ môi_trường cây_cối này_nọ , song thực_tế các bác lớn hằng ngày vẫn đưa ra nhìu dự_án , đề_xuất để rồi rừng ít lại còn ít hơn . và lại đưa đề_nghị_luận xã_hội về việc chặt phá rừng",2
thêm một người bị cộng_sản nhồi_sọ không biết sao có_thể nạo ra được hết chất bã trong đầu,2
kinh nhờ,0
ghế chủ_tịch hà_nội thật bất_ổn từ lúc khơi thông nắn dòng sông tô lịch . .,0
thấy cái ngón tay sói không ? đang cáu đấy . fuc you men,0
"tuổi 17 bẻ gãy vl sừng trâu , lên 18 lại càng lên level . đề_nghị các bạn đái nhẹ , ị khẽ , địt duyên ! khéo thì bể tường . . 😓 😓",2
hằngg ann đu ma_may,2
cô yêu,0
viết sai chính_tả chứ sao 😆 😆,0
cdm quá chết bắn m khá tú,1
đúng là 1 danh_hài 102,1
đố anh bắt được em đấy 🤪 🤪,0
được vailon,0
fan cứng ? ? thầy lồn cho tao fan cứng chúng_mày ạ . . yêu thầy dấu bé ba,1
tốn mất 1 phút cuộc_đời,1
chậm thôi,0
chỉ 1 người đứng ra thì làm được gì khi mà tất_cả những kẻ khác chỉ biết đứng đó nhìn xem gió thổi chiều nào ta bay theo chiều đó,1
tôm dim e không chỉ thấy 1 lần đâu,0
"tôi tin là boác kính_yêu nói được 29 ngôn_ngữ đó mọi người . chắc là boác chỉ nói được chữ hello_bang 29 ngôn_ngữ hi , bon jour , hola , nĩ hảo , hallo , ciao . . mà tại tụi bưng bô bốc_phét nói là boác nói 29 ngôn_ngữ .",2
phát võ v v,0
đang trong nhà xem hài hải ngoại là số một 😁 😂,0
dạng háng bắt sele buscu chứ gì thầy 😍,2
nhà_nước nuôi ăn lương rui còn tham ở tham nhúng cho dân khổ,0
thứ bóng bẩn_thỉu,1
chỉ có bắn chết mấy đứa mà cứ hâm_mộ hàn_quốc,1
phe nguyê n phu tro ng compat tô ng nguyê n tâ n du ng,2
. . quan nga i ! quan nga i ! quan quan ! i ! thôi luôn kê ! thôi kê ! thôi thôi kê nga !,0
trường_hợp cai éo ji con này . dm nc éo có logic cc ji bị cả cộng_đồng nó chửi cho sml cho cm may lun_nghiệp,1
tường_vi tao cảm_ơn mày vì mày là con_người việt nam không phải . ây ai,2
toàn những ông vua không ngai nhưng đầy quyền_lực và đặc_biệt rất giàu . .,1
nghe ông này nói_phét cũng hài phết 🤣 🤣 chúc ông có nhiều sức_khỏe để cống_hiến tiếng cười cho cộng_đồng nhé .,0
lại là bạn thôn nào hả vậy đúng là kỷ_nguyên rùng_mình rồi . nào anh_em cùng hahaha 😁 😂 🤣 lầm luôn,2
nhìn bà trang giống tăng thanh hà ghê_🤷,0
thầy xạo quá cười . 🙂,1
chi này quá mất day,2
công_nhận dạo này làm_luật và nói_chuyện lòng_vòng chả đi vô vấn_đề chính làm người dân nháo_nhào mấy bửa nay . túm gọn lại cứ ra luật và viết rõ mục dưới 950kg là như xe_con . là xong .,0
đây là viêtj nam khi biết tin corona lại suất hiện,0
sao lại nói bắc nọ bắc kia bậy rồi,0
đỉ . . giả_tạo . . xạo lồn,1
đoàn duy diện,0
nhìn nhà tiên_tri vủ trụ trần dần giống con chó quá trời luôn ta ơi .,2
ngụ_ý của anh bảy vịt quay là ? ? cả đất_nước việt nam chỗ nào cũng có bọn tàu cộng nó nắm đầu hết .,2
nhìn mặt con mụ này hãm không chịu được,2
giống thật mấy ông trong trại thương điên ngôi nghịch kiến ấy . nhưng đây nghịch alone,1
chúc mừg abe căc hơi to nha !,2
mọi việc đã có đãng và nhà_nước lo các cháu xê ra một bên,0
"cố_vấn kinh_tế của thủ_tướng việt_nam nhìn mặt kinh bỏ_mẹ luôn , nhìn như mấy thằng xì_ke hay lảng_vảng chỗ ngoài đường gần khu tao ở",1
hi hi có_thể đuổi tổ_tiên np np ra ngoài để thờ giáo_chủ iran !,0
cá_mập này ăn thịt đồng_bào r 😒 😒,2
"cũng không ngạc_nhiên jì lắm , gần hết 2020 xăng_xái cho đạt yêu_cầu quan thầy ấy mà , riêng cái điều này coi_bộ khó đạt í , có thằng chó nào ra đường nói tiếng tàu với đồng_bào , đồng_nghiệp , bạn_bè bằng tiếng tàu ko , lúc đó nó cho vào bệnh_viện tâm_thần thì bỏ_mẹ , hay về nhà hôn vợ , nựng con nó có nói tiếng tàu được vợ_con nó chắc ngạc_nhiên lắm vì nghĩ nó bị khùng , hahaha",1
mạnh trí hà_đcm,2
"lỡ đâu kiểu thuyết âm_mưu là chính_quyền địa_phương đang cố_gắng ngưng_đọng rác_rưởi ở đấy , sau đó sẽ gửi đơn lên trên xin kinh_phí để dọn_dẹp , lại có cơ_hội chấm_mút các kiểu đồ",2
3 3 3 từ hôm_nay việt_nam đã có pikachu go để chơi rồi nhé,0
he n chi bo n công gia o tham_gia chi nh quyê n ơ my . rô i co ca nha nươ c vatican ơ rome nư a . amen,2
😂 😂 😊,0
ma thuô c loa i nhiê u chuyê n . trai không ra trai . gai không ra ga i . ma bay đă t lên la m live chim ma .,2
nói gì tào_lao không,1
"bao_giờ người tây nhổ hết cỏ nước nam , thì mới hết người nam đánh tây anh_hùng dân_tộc nguyễn trung_trực",0
không thấy con lươn con nào vào bình_luận cụ tổ của bó mãi đỉnh,1
làm cái luôn đéo gì thì làm đừng gắn người_ta nhắc đến việt nam là để với từ ăn_cắp,2
dạo này nước mỹ không được an_toàn . sao không thấy cây súng 🔫 🔫 của nhà tien tri_vậy,0
cho hỏi đây la 1 quần hay 2 quần ạ ? ?,0
yêu ghê 😀 😀 👍 👭 🌷,0
"ở italy còn không lo , ở việt nam lo gì hãy tin vào nhà_nước , quân_y , bệnh_viện dịch_tễ họ thật_sự đẳng_cấp trong chuyện này đã chữa cho 16 người , chị nhung vài bữa nữa khỏe giờ đó , nếu không khỏe thì mình ship cho chị nhung 1 lạng đinh",2
không được nhầm_lẫn giữa vùng thông_báo bay fir với lãnh_thổ vùng_trời,0
nghe nói nhà giàu đem tài_sản đi phạt ấy,0
như cc luôn ấy v bài này view không cao đâu,1
funky lần nào cũng ẻo_lả 🤣 🤣,0
sai lai cang sai dien lai cang dien,1
enni ngân,0
phan mạnh cường sao lo mong nhà mày chết bớt 1 ngày đi mà rủa người_ta chết vậy óc chó,2
không icm công_an sĩ concac à,2
"tuổi 17 bẻ gãy sừng trâu , lên 18 thì càng lên level . đề_nghị các bạn đái nhẹ , ị khẽ , địt duyên ! khéo lại bể tường . . 😓 😓",0
quách trường tự_nhiên có hứng_thú đi xem phim cậu ạ,0
xin video ông ei,0
vô văn_hoá vl nè,1
"có gì đâu , mấy chú vô làm visa bên tls trung quốc đi , cả ấn cam đức nữa cách nó làm_việc vẫn không theo h việt nam nhé , mắc mệt , toàn lũ chưa vào tới đã tỏ ra am_hiểu",0
nghe không hiểu nổi ý bài hát là gì nhiều đứa nói hay,0
cho hỏi quản_trị của mixi gồm những ai vậy ? ?,0
nói gì thì nói,0
anh_minh đéo hiểu sao giờ còn làm mấy cái_trò trẻ trâu này,2
con chậm quá cái anh_minh cặc,1
khổ vcl phải ăn mì ạ,1
con nay không co an hoc nen moi co hanh dong nhu the . de người_ta chua minh không nhuc à,1
huấn đi cả nước_ăn lô,0
chỉ muốn quản_trị chửi chết tổ bọn chó chít này đi 😋 😋,2
t không thích không ưa mẹ này . . mà dx cái chưit ngta nghe hài vcl bù lại củng đỡ 😂 😂,2
nghe rất vô_sinh nhưng lại có_thai 😀,0
cây anh thế mới lúc này .,0
có chỗ nào bán tóc giả không anh_em,0
đ m bọn phản_động này,2
rút kinh_nghiệm thôi mà,0
trần thị ngọc ngân 😡 😡 bạn làm mẹ chưa ? có mẹ nào mà không tức khi con mình bị đánh không .,1
sap tet . . bon cho công_an khu vuc sap di xin tien xin bia xin ruou tây . . và van cho tôi ban chiem ve_hè long hanh .,2
link đâu con_mẹ m,1
bà này khùng nặng rồi,1
339483904,0
ý_thức như cuối đầu_bài,1
thần_đồng toán_học,0
thật_ra là quên kéo khóa quần ngoài lộ quần trong nên để lộ hẳn thành phong_cách mới cho nó đỡ quê,1
người_ta gọi đó la xây đường theo định_hướng xa hội chủ_nghĩa,2
l ũ á c q â t à n á c v ớ i d u_ỷ n,2
"tuấn kiệt à , có_lí !",0
"bao_binh 1 phần chị ấy đang muốn giúp mọi người cố_gắng mà , chỉ muốn tốt hơn thôi , thì ai tốt hơn được thì tốt hơn còn không thì thôi , chứ thật_ra thì trái_đất này phải có người nghèo và người giàu mới cân_bằng được , chứ tất_cả giàu hết hoặc tất_cả nghèo hết thì lại không được",0
"3,4 cu giờ thiếng hết 2,3 ùi . còn trung cu với e cu việt nam nửa hết rồi .",0
sn 97 bán hàng 10 năm bán hàng từ hôi 13t hả má,0
"lâu r mới xem_lại cô , vẫn thích cô . cô dth ghê_gớm í",0
"my trước_kia tục thật nhưng chửi hay còn bây_giờ thì không được vậy . với lại mình củng thích chị này thật nên hay vào facebook xem với like hình nhưng nhiều cái thấy bả quá_đáng lắm . nhiều người vô bình_luận đàng_hoàng nhưng không vừa_ý là bị chửi tới cha_mẹ ông_bà liền , fan thì vào bảo ngu hay sao mà không biết chị chửi giỡn . khi người khác lên_tiếng chửi lại đùa_giỡn với mất_dạy nó khác nhau lắm thì clip này ra_đời . bản_thân chửi cha_mẹ người khác thì cho là mình chửi giỡn cho vui còn người khác chửi lại thì bảo mất_dạy , coi vô_lí vl không 😂",2
vụ này mà con nhung mặt lồn không đi tù thì sẽ có khối đồng_chí phải đi thay .,2
"ba mươi không tiền nếu đốt thì cháy được khoảng bao_lâu , nếu đốt từng tờ cũng không khỏi 1 ngày , thôi ráng đợi đến ngày lành tháng tốt rồi đốt cho cựu bộ_trưởng xài nha , vì tới giờ_phút đó bộ_trưởng muốn xài thì cũng phải lấy lửa đốt mới xài được chứ phải o ?",1
đầu bui,1
có vẻ thuyết_phục nhưng rất vô_lí vì phụ_nữ cần tiền,0
sao đéo quỳ xuống cho nó dẫm lên lưng,1
trần đòn là e linda ai mà đụng tới nó là linda chửi phụ mà vụ này linda biết khôn là im còn ngu ngục thì nỗi theo nó lun,0
đụmámài,1
ủa khánh là công_an sĩ hả mọi người 😽,0
thằng assmin nhãm shitt . . đành_rằng page này là chửi . nhưng mày là assmin thì chỉ nên viết gợi_ý thôi . . để mem nó chửi . . mày dành chửi kiểu đó thì chơi thế đéo nào . .,1
thằng chó đó là thằng nào vậy ? ai bjk luôn cho thông_tin coi,1
cảnh_sát giao_thông đang đè dân cướp tiền cho vl tô lâm đó,2
tú rất vui,0
"troi oi , con duc rua nay no lam phuoc , ma_cai mom no giog cai ham cau lau nam . doi không",2
nhà con nhung đầu heo rất giàu hãy bắt phạt nó bồi_thường thiệt_hại . . ko để yên được đâu,1
tường_vi tao cảm_ơn mày vì mày là nam việt con_người không phải . ây ai,2
hay_ho con cặc j mà tối_ngày đụ với chả địt,1
huy lê t thấy có chữ đụ mắt t hoa hay gì ?,1
lỡ rồi múc luôn đi . mấy ảnh về lấy tiền của dân mua lại,2
loại này thả nó và khu bảo_tồn thiên_nhiên cho về với giống loài của nó chứ người việt nam ta có cùng giống loài vời hắn được đâu 🙂,1
da bao_dung nghe luôn cộng_sản ! ! noi,2
chẳng hiểu mày ăn_mặc kiểu lồn gi,1
cố lên việt nam ơii,0
"moá , quái_thai",1
mịe con chó nàyy,1
đm mày 2 5,1
ngô địt_mẹ nước sông không phạm nước giếng ok ai tao cũng idol hết ok nhưng bức_xúc chửi vậy thôi không quên chúc cô buổi tối vv,1
hơn một năm cho cái tên gà trống cao bằng,0
ê đã bảo cắn nửa viên thôi mà ? !,1
mỗi ngày 10 cuộc_gọi . chọc cho nó chửi . 2 tuần nó chửi trào mẩu họng ra nó chết không cần giết nó cũng chêt,0
cơm sườn là thứ súc_vật nên tiếp_tục sinh ra những con_người có suy_nghĩ của súc_vật .,2
con gà vàng trong làng gáy to,0
sắm latex mang cho dáng thì mặc gì cũng đẹp het nha_cee,0
chúng e rất cần sự nghỉ học,0
chơi v ai chơi,0
tao cho mượn nhưng m phải cho tao đi cùng nhé . mày lái 👌,0
bắt nộp phạt ngay 😳,0
noi giong biết dot nat không dao duc,1
những chú d . â . m l . o . ạ . n viên đâu tôi muốn thấy cái m . õ . m c . h . ó của mấy bạn,1
chàng trai yêu_thương bộ_tộc là bà phù_thủy_đây à anh 3,0
bọn hàn xẻng theo phe thật đó phe nào thua mà pr bản_thân ghê thật,2
"bố trẻ cứ tưởng như ở việt_nam , qu",0
nhốt bọn nó vào cho ăn cơm thừa canh cặn,0
mai tao xin đi làm dân_quân xong t đi tìm ra mày giết mày quản_trị ạ đồ phản_động v dư_luận viên dạo này hoạt_động ghê_lm,1
là mày thì mày định làm gì hả thằng quản_trị óc chó chó ? đánh bom đập thủy_điện của nó à ?,1
đùa chuẩn trịnh đình quang luôn 😂 ra thêm hit mới đi à_ơi,0
hoàng đình dũng đi xa chỗ này ra,0
co j em cha on chi sau,0
từ lúc mấy bro bình_luận cực_kì cl gì đấy là rất khó để ngó được cái bình_luận hay buồn thực_sự 🙁,2
"tram nguyen ũa , nó chứ ia thôi thích đâu có chây chét như mấy con đó",1
ai là cảm_tình diên like,0
abe giang_hồ 🤣,0
l . ồ . n đâu có . cái gì cũng có ồ thiếu cái l . nhưng . n,2
thôi đi con đi cho nieu mày giao quá mà làm thấy mộ noi đo đi,1
anh_em sinh_đôi 👬,0
"cái ảnh_hưởng là ảnh_hưởng đến thần_kinh của mấy thằng não chó suốt ngày mở mồm là đmcs trong khj còn ăn hạt gạo , uống giọt nước do cộng_sản làm ra . ngu như chó vậy",2
thoại trần,0
người dân yêu nước thì có thừa . nhưng p h á h o ạ i đất_nước toàn đảng_viên ưu_tú của đảng,2
"con này nó giả_tạo , m càng chứng_tỏ m càng để cộng_đồng mạng hiểu hơn về mày 1 quá kể lừa_đảo , vừa khóc vừa cười hả",1
cho em liếm lỗ nhị thầy,1
từ thành_phố huế xuống đô đô có xa không nhỉ 😕,0
"thằng quản_trị này , mày điên à",1
bọn rẻ_tiền này mà nhà_nước muốn đập thì chúng_nó chết từ vài năm trước rồi,1
việt_nam thi deo no no cho trung quốc bon dien,2
bảo ổng chuyển quốc_tịch sang vn . bỏ quốc_tịch cũ xem có sướng không,1
như cười anh ba,2
huy phan chưa biết chức_vụ đó của bác trần dần à 🤣 .,0
ngứa dái chưa kk,1
không nhanh chậm nha,0
tạo nghiệp sẽ bị qua bao,0
khánh ly cánh hoa nghe thôi đã thấy văn_minh rồi ai nói bậy dí cánh hoa dô mặt,0
hồi giáo còn tốt hơn hồ_giáo,2
tao no i thiê t . . tao vâ n xem tin chu ng bây hă ng nga y va hă ng giơ . . nhưng sau tin na y . . tao e o xem nư a . . lu o c cho,2
bê cười chạy xung_quanh .,1
"cơ_chế thị_trường , mạnh ai người đó lo ! mấy ai lo vác tù và hàng tổng ! ?",0
qua quá_trình đào_tạo nghiệp_vụ cia . giờ về vào cộng_đồng gây chia_rẽ để phá_hoại,1
vải lông gì tỷ nổ lằn nổ lốn dell ai quan_tâm,2
cực_kì thuyết_phục ! 😌,0
lương lẹo là nghề của búa liềm,2
trần dần đã giác_ngộ lí_tưởng của đảng,1
vcl lag nó thấy thì nó chụp liền chứ vừa thấy chưa kịp chụp đã 2k 3k like,1
nh e là đời lên đéo cần_e,1
đảng cộng_sản thật tô lâm,2
đáng yêu quáaa 🥰,0
tô chén dĩa năm nay sẽ khua lộp_độp .,1
"mấy chú mấy bác trị tham_nhũng mạnh_tay tử_hình hết dùm , rồi lấy tiền lo cho dân đâu ra đó thì đéo có thằng nào rảnh phản_động đâu mấy chú mấy bác ạ .",2
đơn_phương là tự_nguyện đau là âm_thầm nhớ gán chịu đi đmm mi,1
để sbtc,0
lâm đình khoa bô xanh lá,0
hue người_ta chui người_ta người_ta chui lại là goi . . kk,1
trung quoc government la dog have babies ! !,2
link,0
nhìn phản_cảm_vl,1
mong con mày không ngu như mày,1
quảng_cáo cc,1
vũ thanh tùng đúng r,0
thuỷ_tiênn,0
"ủa có 1 cái bài viết đéo có tí lý_lẽ_nào mà ekip chị công_chúa seeding 5,7 trang cộng_đồng . ngộ ha ? ?",1
"tiên_sư thằng nào nói toàn thực_phẩm sạch . rau tưới nhớt , thuốc kích phọt , chất tạo nạc , hàn_the , thịt bơm hóa_chất , trái_cây tẩm hóa_chất , . . vân vân và vân vân . . mấy thằng nhiều tiền như chúng_mày thì đâu biết người dân đang ăn gì , uống gì . sao mà_lại lắm chó thế .",1
"không tiện ra_tay , mướn giang_hồ trà_trộn zô đàn_áp",0
"ok kính_lão đắc thọ , với tuổi của bác còn khỏe_mạnh minh_mẫn như thế này thì phải nói là hạnh_phúc .",0
tộc công_an full volume cho cả xóm cùng nghe,0
bọn eu nó đag di_tưng bước 1 đó . . k hề đơn_giản,0
vinahouse anh 3,0
ngáo_thế,1
bọn bò thì vẫn bảo nhau rằng tự_hào vì ông chủ mình thật giàu,2
cho nó rít vài bi cần là nó ngoan vl luôn,1
"khùng quá thì đi chết sớm cho đỡ mang khẩu nghiê p mẹ ơi , già sắp chết không lo_nghĩ ngơi cho khỏe , suô t ngày lên xàm lồn cho chúng ghe_t",1
nghe đánh_giá đã thấy phim nhạt_nhẽo rồi,0
? lôi gì cc bp vào hả cosfan luôn,1
nghèo tới mức bán rẻ tâm_hồn 1 đứa trẻ ư,0
ông về phép được rồi đấy,0
thế_mà chúng_nó giật tít cộng gộp lại . tít vl lẽ_ra phải là muốn giết người ? hãy làm công_an,1
bình thuận toang rồi ôg giáo ạ,0
trym to,0
bắn_bỏ,1
đụ con đĩ mẹ thầy nhá,1
ngực nhỏ quá đi,1
toang rr ronaldo ơi,0
đu ma ba,2
được anh ouw,0
lời của ông phó_chủ_tịch nước lâu_nay chung ta hưởng nền dân_chủ bánh_vẽ . bùa mình vẽ mình eo âu có cần tranh_luận .,0
cựu tổng_thống hq cũng gia_nhập juventus vì có bạn thân là ps đó . không đùa được với mấy cái kiểu giáo_phái mị_dân xứ này .,1
việt nam cố lên !,0
chi de thương quá,0
nhiệt ti nh đi à cho phe p_kk,0
vâ y nên bâ i thă ng cho quản_trị na y la m đê . no gio u lă m,1
lỡ tay thầy ơi,0
nguyễn thuận trước khi phát_ngôn không chịu suy_nghĩ xem chủ tus nó nói gì . . thì ăn chửi là vl đúng thằng ngu ạ,1
"mỗi lần tao thấy dịch các ngài là tao thấy dị_ứng à , ngài cảnh_sát nghe mới tởm , bọn cảnh_sát ở mấy ngước độc_tài còn thua súc_sinh nữa chứ ngài ở đâu ra",2
nhớ diễn hài thật hay nha abe 😙 😙,0
bă t ông ta đư ng dâ y mu_a đươ ng quyê n bă ng đươ c thi mơ i thôi ! ! 🤣 💪,0
nhất thiện t cũng méo tin được,1
"sao bằng đông lào , muốn cho heo dễ đẻ cứ mở nhạc mr đờm",2
abe mang susan 0175 ra toàn thế_giới,0
ngày thường còn có_thể nghiêm_khắc . . nhưng nay trung_thu thì nên nhẹ_tay chút . . lễ tết cần có không_khí và màu_sắc . . haizz,0
"được anh , được rất lon anh ạ",1
bị ngu à,2
ai đồ của tui . 😘 😘,0
chưa thấy giáo_án 24h ngoài đường mô nha thầy . .,0
lanh dao dang nhau phat bieu coi ai la quan quan phat bieu ngu nhat day ma,2
phương thảo thấy chưa m,0
"nó nói đúng mà , nó bảo nó không đi lâm lược vì nó bảo đấy là đất nó , nó chỉ đòi lại thôi v lách luật chuẩn chứ cần j giữ lời , đảo của mình nó cứ bảo của nó , bảo đưa tàu ra bve thôi",0
mày biết người_ta cầm phong_bì à ad ? ảnh hay clip cầm phong_bì đâu post lên đây tao xem phát,0
trend tao có từ ngày 19 2 rồi,0
nhìn ngứa_mắt,1
hạnh_phúc nhé,0
cố mà đội bô tết . nó thí cho vài đồng mà tiêu .,2
minh hiếu nói_chuyện thật_thà lắm .,0
chị không nói thì kệ chị,0
bẩn_thỉu quá,1
đó là sự tinh_tế kèm theo một_chút rất loz .,1
cho con xin vài tỷ thay khớp đi cô ba vàng,0
ai coi trần dần và ngô kỷ là kẻ ngu ngóc . .,2
cô ba cọ lông lồn chứ mình cạo bàn thời nhà nó luôn,1
vậy là đã bắt_đầu lời kêu_gọi toàn_quốc kháng_chiến của phúc nghẹo,1
con lưu_vong xõng chuồng,1
dù_sao bác dũng vẫn tốt hơn !,0
vl handsome boy,1
"ra dẻ ta , đây",1
xạo lồn quá chị ba ơi,1
ngu troi noi tren na duoi dat không,1
nhìn cưng quá tr ơii 😍,0
cảm_thấy chửi lđao là 1 thú_vui xả stress do bọn nó quá ngu và nguy_hiểm,2
yến tây mẹ cháu tạo_hình hơi bị ấn_tượng . 😂,0
"ai bắt_buộc anh mày làm , xã_hội nào chứa_chấp cái loại vô pháp vô thiên như_vậy .",1
lại là con mặt lồn nhung rồi,2
toàn tội_phạm nếu cho nó tự_do sẽ ra gián_điệp ? và nếu chúng hoạt_động sao và cấu_kết những thành_phần 3 càng nội_địa thì thế_nào ?,0
người_ta yêu nhau chân_thành là đủ rồi đâu cần quan_tâm đến ngoài_lề 🙂,0
"bình boong đuổi kịp rồi , thái đợi 15 năm nữa nhé !",0
nhiều người không có khiếu hài_hước nhỉ,0
"không phải ai khuyết_tật cũng bán vé_số hay ăn_xin , vẫn có thằng khuyết_tật đầu ngoẹo sang một bên vẫn được làm quan thái thú cai_trị một dân_tộc đó !",1
"tụi dâm_loạn viên ăn hết đống cá rồi tắm biển hết đi nha , sao mấy vụ này chả thấy thằng dư_luận viên nào vào sủa_vậy , ẳng nữa đi mấy cưng",2
thiên_đường của cs !,2
"nghe theo tuyên_truyền còn đảng còn mình , bọn chúng nghĩ như_vậy nên ra_sức phấn_đấu làm trâu chó ngựa cho người_ta sai_bảo .",2
nhắc nhẹ thằng edit,0
ở 1 diễn_biến khác,0
cái deo gig thế này vv,1
khẩu nghiệp .,0
nên bắt dân việt nam ! cắt 1 kiểu đầu của chủ_tịch thôi,0
🤣 🤣 trong mùn không dám cười sợ mẹ la,0
khá cayy 😂,0
nứng nứng,1
tiên cha chug mày trong đó chỉ có vị bộ_trưởng bộ văn_hóa thể_thao và du_lịch của việt_nam và ông trần anh tuấn phó_chủ_tịch vff là phó_chủ_tịch thường_trực của liên_đoàn bóng_đá đna và các quan_chức thành_viên của liên_đoàn trao thưởng chỉ là chụp hik lưu_niệm mà cug nói là quan_chức lũ ngu à,1
"gọi là đổ_thừa , lại là chuyện hài nhà_sản",2
may chi em . xinh s xac,0
từ_bi mà chửi đụ má đụ_mẹ,1
"ngân quỹ dân đóng bị rút luôn cạn dân , các bác phải tìm cách rút trực_tiếp từ túi r thôi .",1
giờ không đánh cũng đã khai chính cờ đỏ sao vàng là bọn khủng_bố . cần phải dẹp ngay bọn khủng_bố cờ đỏ sao vàng này ra khỏi xã_hội việt_nam và cả nhân_loại của thế_giới 😉,2
thời lồn nào rồi mà còn mị nhau như_vậy,1
bị cô_lập thì về đây với em nè abe em dẫn abe đi chơi gái nè . bao ngon,1
cực_kì cái con mã mẹ tụi mày chứ thuyết_phục 🤬,1
nhung xuất_hiện 🙂 🙂,0
đã là gì,0
chơi thầy bẩn vl,1
ông mõm ít thôi thật,1
"chi đep qua chi , e thích qua",0
đơn_giản vì mấy đứa kia ăn_tiền thuế của dân thì nó phải nai_lưng ra làm vì đó là trách_nhiệm . còn à à là người làm_vì tâm không vì tầm . thì so_sánh thế đéo nào được add nhể . đã vậy chưa kể người_ta chỉ cần người minh_bạch thông_tin chứ không cần người tung_hô hoa hòe màu_mè bông cành sương sa hột mít như mấy đứa làm màu . add nhể cười,2
ngon á anh,0
mâp dê thương ma .,0
quang chivas bố tổ_sư thằng bại não,1
😁 👍,0
câu no i văn_chương,0
à sinh ra và nớn nên ở vùng quê cao bằng dấu yêu 3,0
"cc , t bắn 3 phát rồi đấy , ngon vcl ? m đui à ?",1
con quỷ này nó dở quá à c e đừng nói tới nói mở_miệng ra là cái đó không,0
cực_kỳ con cec,0
chán ông_già vl 🙂,1
diện trần có con rồi mà như thằng trẩu,2
bọn gian_thương chứ đó thời làm gì có thương_nhân . luôn,0
0.01 mà bạn êi,0
toàn tội_phạm nếu cho nó tự_do sẽ ra sao ? và nếu chúng hoạt_động gián_điệp và cấu_kết những thành_phần 3 càng nội_địa thì thế_nào ?,0
ns mãi cũng thế,0
ăn_bận như cac họ,1
giờ thì đến lượt đế_quốc mẽo bất_ổn . tất_cả đều có_nhân có quả hết,0
"ba chuyện nhỏ đó để mị_dân thôi . cái công_hàm liên_quan hoàng_sa trường sa , mật_ước thành đô , . thể_hiện mới chính là . tính_cách , bản_chất của con_người ông",2
thanh_hóa dân_tộc vl lành tiến_bộ đất . cũng biết rồi việt,0
trường xuân r xong . nay bạn tôi có đến đây không vậy 🤦 🤦,0
trần hưng quân thôi dịch ni thì chạy đi mô,0
cái lôz,1
"ở xứ người đứng chửi tổng_thống cũng chả sao , dân_chủ thật_sự , còn bị phạt như nội_dung trên là lòi cái bản_mặt dân_chủ giả_hiệu .",2
vvbgfggff nshsbbsna võ minh hiếu lộc tài bảy miếng đất,0
đù . . đă g qúa,1
quần gạ chịch à,1
250k ít quá nó báo là phải ! thêm 2 3 số 0 nữa là êm rồi thấy hôg,0
bước luôn thứ 100 là ik xuống với các cụ luôn,1
"vao dip sap noel người_ta thuong chuc nhau merry christmas , hay ta thuong nghe cau hat vinh_danh thien chua tren troi , binh an duoi the cho người thien tam , nhung nhin bon nay , thi ai cung co cam giac nhu mot bon luu manh dung duong , nguoi tot thi net",2
thế ngày_xưa ông nội thằng quản_trị không m . u . a d . â . m mẹ nó . thì đâu đẻ ra thằng quản_trị như ngày_nay được,1
hi_hi là 1 trong 394 fan cứng vv,0
huỳnh chí chổng lắm clmm tính mông lên,1
huy engraving xin video với bạn ơi,0
nước_cốt ruồi kìa sang thanh m thích uốg lắm đó,0
trọng bộ album vcd đi về nơi xa hay lắm giáo ơi ! 😍,0
ok chưa,0
thấy cưng dễ sợ luôn,0
da,0
cảnh_sát giao_thông tô đè dân cướp tiền cho đang lâm đó,2
"bọn cầu_thủ toàn yêu đảng , ủng_hộ độc_tài không đấy . . ko nhận ra được điều đó à",2
ai chả hướng về đất_nước nhưng không theo tư_tưởng cộng_sản thôi,2
phim hay mà,0
ai cung dich corona sau con nho nay không bi vay ta do khung,1
yêu chị,0
thằng nào không bầu_chọn thầy bắn cm hết,1
ông im mẹ mồm đi . 2010 lần đầu_tiên tôi xem ông tiên_tri năm mão nước việt đổi cờ . . 10 năm sau cờ mới vẫn chả thấy đâu mà chỉ thấy việt_nam chúng_tao ngày_càng hùng_mạnh .,1
"mo mom ra biết ngu . nghi sao dung tu nhin ,",1
"đừng nghe những gì cộng_sản nói , hãy nhìn những gì cộng_sản làm",2
"trần đoàn chuyên bán mấy cái hàng fake mà nói xạo nói_láo , vốn có 40k , 50k một chai đi bán 200k , 300k . chưa hết nó còn dám nói hàng chính hãng vài triệu sale còn 200k , thứ lừa_đảo , mất_dạy . ai mà mua hàng con này sài coi_chừng ung_thư da đó nha , nó bỏ ba cái chất gây nghiện vô để ngta mua hoài đó , sài vô đi rồi có ngày ung_thư hỏi sao xui , thà mua chai dâu thơm chính hãng sài hơi đắt mà thơm lâu , an_toàn nha mọi người !",2
con này không thay_đổi được nữa rồi,0
cái môi của bad này không biết dùng từ nào để tả . chỉnh_sửa nhìn ghê_vl,1
xin tên bài nhạc,0
"từ dịch này thấy ý_thức người nhật xăng đổ nửa bình , nhưng giấy vệ_sinh không_thể thiếu . không hy_sinh bản_thân để cứu người khác , nhưng dính dịch thì kéo nhiều người dính theo .",1
kk con quỷ này bị bà tam cung hốt hết mớ rồi . kk bị bã dụ . 😄 😄,2
hóng abe làm game thêm hard cho học_sinh mãn nhãn,0
"không muốn game , không muốn phim , không nhạc và cũng không_thể ngủ là cảm_giác ức_chế nhất mà t từng gặp",0
chúc ông trần dần mạnh_khỏe,0
mây ba mu nay toan la sl không đây toan phe phai no không đây toan la đeo vang gia đê lên mxh sl l a đao la chu yêu,2
đừng tự sướng nữa,0
"ta thì nghĩ thằng này là người của tàu cộng , được cử qua đây để làm dư lợn viên , mục_đích là làm ảnh_hưởng ngôn_luận có lợi cho mẫu quốc . vì xưa_nay t đều biết rằng cộng_sản mạnh nhất ở điểm là tạo ngôn_luận ảnh_hưởng mọi người . từ đó nó sẽ đủ tư_cách đi tạo thế , và nói rằng những thằng có suy_nghĩ khác nó tức_là khác với mọi người vì quá suy_nghĩ của nó là của mọi người , tức_là đi ngược với dư_luận , tức_là phản_động",1
"các bạn_đọc thông_cảm_bme của tg quản_trị đi gặm xương rồi , không mang nó theo nên nó xàm lồn , ngồi liếm cứt của bọn bốc bãi cứt ra ăn đấy",2
"thầy live ở đâu vậy thầy , em mún donet cho thầy hmm",0
sẵn đây e nói lun . hôm bữa e có nhặt được cộng lông ở nhà_nghỉ ac nào đánh_rơi thì tìm e e cho xin lại 😁,0
con đàn_bà lèo lon,1
thôi bỏ đi mà làm người,1
quang minh xạo lồn vừa phải 🤣 🤣,2
"long tran còn hơn thành_phần không có nước để mà yêu ! bạn nhỉ ! à nhắc cho bạn nhớ ! xem phim hãy nhớ lắp não thật vào , kẻo phí ! !",1
vậy_mà cũng có người bênh_vực cho chế_độ khủng_bố khắp thế_giới hài thật,0
"phát_ngôn ngu vãi , tao đi ị ở bến_xe gia lâm còn phải đóng thuế 5k một lượt kia mà nhà với có gia cười gì âu , bọn nó chịch nhau còn phải đóng thuế vì dùng bao con sâu hay victoria kia . .",2
"cô ấy chạy sát lề phía tay phải rồi mà , sao lại trách người_ta như_vậy",0
tào_lao là giỏi,0
eo ơi tùng sói cắt tóc đi đẹp_trai hơn ban nhiu,0
hợp_lí vl anh ưi,0
nguyễn anh tuấn dạ . . trần dần là 3 nhưng mà que đã què nen không còn khả_năng xỏ_lá nữa chỉ cái tội bị mắc đường bố nói_xàm mà thôi 😁 😀 🤓 mỗi khi thấy lão tôi không_thể chửi nửa . . mà chỉ cười_tét_rốn vì coi như xem hài miễn_phí vậy_mà 😂 🤣,1
sao mấy stt thật này không thấy con chó dư_luận viên vào ẳng nhỉ ?,1
mày xem nhẹ việt nam qá,0
okk hehe,0
ức_hiếp dân thì giỏi lắm !,1
phan thị mỹ dung rambo nhấm rác_rưởi,1
"ăn_ở cua vàng , hạ_long đấy 🙂 không_lẽ wifi địa_phủ mạnh_vậy ?",0
xem thầy từ lúc 10k sub,0
"bé không học , tối không lo ôn đi lớn lên ngu như thầy ba đấy chứ anh tao thì cm biết đấy",2
xờ lờ quá,1
địt_mẹ thg hát nhá ! ! lấy ngay cái đít anh độ nói_chuyện haizz,2
em thích quản_trị vl luôn chửi có văn_hoá của người chửi,0
nguyễn thị hương thế sao không ở bên đó luôn mà chữa nhỉ,0
hiền lương cc,1
thôi à im mẹ mồm đi v,1
ông_già lại bắt tôi quảng_cáo anh_em ạ . sói said . v,0
bóng khùng bóng điên,1
không thich việt nam thì cút sang campuchia mà sống dlv cho biết,2
đào cái đầu không có não của quản_trị àh,2
"kk , tôi cười vào mặt mấy thằng khóc khi anh_chị_em chết",2
lily trịnh vụt đè tứ_quý há_hốc mõm,1
chị vui_hóa,0
ông tuân khoái_chí lắm 🤣 🤣,0
huhu thôi ngồi đối_diện đii . e_sợ huhu,0
t méo biết tiếng anh nhưng ngược_lại t biết bucu và vốn tự có được vl chưa 😁 😁,2
và chúng_ta lại có biển trong đất_liền,0
chỉ mong tứ hoàng mãi chơi thân như vậy thôi tụi mày ạ,0
fashion đb gì đây,1
có tiền vay không đi_giải_phẫu cho thành con_gái đi ròi nc . . ngừoi đàn_bà có cây cà_rem 9 giữa . kk,1
cái éo j công_an cũng nói được,1
xài đít có thơm không abe,0
"đổ đổ cc , quản_trị bộ mày muốn cưa chưn rồi bà bộ_trưởng đến thăm mày rồi đổ_thừa cho cái số à ? ! đm , khôn thì im đi nha , tụi nó không có lương_tâm đâu , sẽ hiếp nắng mày cho tới chết đó , ý tao là ám_chỉ mấy thằng dư_luận viên kìa .",2
đéo quan_tâm t nào vl lãnh_đạo ?,1
một phong_cách rất ư là cộng_sản,2
dùng não nhiều quá nên hơi đao v,1
dme 500like còn được chứ 100 hơi ít à_ơi v,1
tên bài hát còn trẻ trâu hơn cả t nhé ! cười vl 😁,1
khựa nhé,1
nguyễn hoàng sâm cười sâm nôn_link,1
thằng quản_trị lại sủa lắm .,1
đa_số thực_phẩm mà bọn quan lại ăn là an_toàn . . chúng có_ăn đồ chợ đéo đâu !,2
là chính e . . ai mà có phi_cơ riêng . . thần_tượng của kim_đan cương,0
"quan_trọng là nó làm nhạc hợp với jack hoặc là mình nghe quen rồi , người khác phối nhạc nghe không quen",0
"bữa nghe bảo anh này nhiễm phóng_xạ , nằm viện này_nọ cơ_mà 😏",1
chậm cái đcm chúng m à nhai mãi đéo chán à,2
cái miệng vòi bò nhức nhúc,1
hai chi em ba nay mat dai an noi tuc tiu lon roi an noi mat dai hai chi em may no khoe,2
dân_chơi cao bằng đấy,0
chi ơi noi ghê qua di,0
"tổng_kết biến căng này . các chị_em kêu_gào và mong_muốn người_yêu cũ phải lo cho em trọn đời có không là đạo_đức chúng_mày nếu vấn_đề , chửi_rủa . . 🤣 🤣",1
harriet chau dinh,0
"rồi như nào , , 🤔",0
đẳng_cấp không phải là vứt bỏ quê_hương để khoác lên mình quốc_kỳ của tư_bản mà phải khiến tư_bản cầm quốc_kỳ việt_nam và hát quốc công_an việt_nam cho hỏi quốc công_an vncc là bài nào vậy ? ?,0
đậu_xanh . .,1
ok abe ơi,0
ông có mười lá gan cũng không dám chờ cho hết tối_hậu_thư .,0
súng bắn không trúng nhưng lăn_đùng ra chết . 😃 😃 phố boá chơi_khăm chần dần .,0
thiếu 1 số 0 nha anh_em,0
ai mà chẳng muốn đẹp,0
phạm nguyễn cát vy cljv con,1
toàn đánh vào chấn thủy_nhỉ,0
quản_trị chẳng biết cc j cả . ổng nói đúng rồi . không có tranh_giành gì hết . sắp_xếp rất đồng_lòng và tất_cả mọi việc mọi vị_trí đều được lắm họ cả .,1
phương trang_dạ chiều nay tôi cũng mới xem thời_sự rồi ạ 😅 .,0
tình ngộ chưa ông dần ? ông dẹp lá cờ đi nhục lắm và nói với bọn chống cộng ngu_muội rằng quê_hương việt nam là số 1 của thế_giới nhé .,2
"đồng_chí nào có lòng tốt ra rước bác về dùm , để đấy mấy con chó nó đái lên thì khổ_thân bác tôi quá",1
anh toii làm hẳn quả vlog bốn mấy phút . được thực_sự,0
tình_nghĩa anh_em có chắc bền lâu 🤣 🤣,0
hóng các thánh yêu sản ! !,0
đi cách_li chứ đi nghỉ_mát ở khách_sạn đ đâu mà đòi_hỏi bố thằng điên,2
dễ_thương,0
vụ nạo_vét lắm kênh mương ở nông_thôn thuê nè ! 1km kênh người dân nữa nạo_vét kênh tấm 100tr . nhà_nước làm 1tỷ .,2
cảm_ơn cc,1
"tình_hình dịch_bệnh đang rất phức_tạp . mọi người ra đường nhớ đeo khẩu_trang . ai sống một mặt thì đeo 1 cái , ai sống hai mặt thì đeo 2 cái . còn ai sống như con kă . c . thì nên đeo bcs thay khẩu_trang 😏 😏",1
2 từ mất_dạy,0
"như này thì thế_giới theo kịp thế éo nào được . tía nhà nó biện_minh cho hành_động đạp con mái là do say rượu , chắc còn con mái kia say cặc",1
love trung phan tấn,0
nge hoài chán miết . . có biến ỏe biển đông chưa vào đọc đã biết quan_ngại,0
dùng nó chửi cho sml à,1
tại_sao con_người_mẫu thủy_tiên cũng lừa_đảo mà sao lại không bị bắt .,1
lựa cái đầu buồi abe nè,1
đi mỹ để ăn_xin thật . tôi tưởng mấy ổng qua cứu 3cu chứ,1
này là del có tí nhân_phẩm nào nên nó thế,0
tao nhắc lại đéo có nước nào quân_đội giỏi như nước tao địt_mẹ cấm cãi nha mấy con bò 🤣 🤣 . doanh_trại trốn phía sau mặt_tiền thì phải cho thuê để kinh_doanh tụi mày thấy nó tài chưa 😯 😯,1
xã_hội thối_nát,2
bảo s ngọc trinh thích ăn bánh_tráng trộn v,0
"thằng này thò tay ra luồn dưới gầm bàn lấy dollar của chệt , bởi_vậy mấy thằng an_ninh sân_bay của chệt đỏ nó chửi ra_mặt vậy_mà nó câm như_hến . .",1
con_cháu bec và đảng cộng_sản quang_vinh muôn_năm . . 🤣 🤣,2
vô liêm_sỉ . dối_trá . tàn độc mà đòi chổ tựa của văn_minh sao ? tìm lại các câu nói của đảng_viên coi . .,2
không phải cha_mẹ bé mà đau_lòng quá . cộng_đồng mạng hãy theo sát để vụ này không bị chìm_xuồng cho đến khi tên súc_vật này vô tù,1
giờ mới nghe . . trời_đất ơi cái miệng nó bẩn_thỉu bẩn vô_cùng . . bởi_vậy giờ cả thế_giới đều khinh_bỉ . . trời_ơi . . khẩu nghiệp vô_cùng . . 😠 😠,2
bà thái anh văn rất giản_dị và gần_gũi với dân nhưng rất kiên trung_kiên_cường trước kẻ_thù bà là tấm gương sáng cho rất nhiều đứa hèn với giặc ác với dân tham hơn súc_vật soi vào để thay tâm đổi tính,2
"to su ong can , deu co ong can nao tot . ong can tot chi thay trog phim . sao không co người nao di_cung chu",2
nhìn tướng của nhà tiên_tri mà tôi thấy bần_tiện lưu_manh thế_nào í,2
có thêm vài người như nhung thì toang .,1
"không muốn game , không muốn phim , không nhạc và cũng không_thể ngủ một mớ hỗn_độn cảm_giác khó_chịu",0
nghĩ làm gì nhiều cho mệt đầu . về làm ly ngũ_cốc xong đập bốp đầu_vào gối ngủ đến sáng_mai dậy làm tiếp thì sao mệt được,0
"vũ thanh huyền mày điên à luôn , bà này đi công_tác .",1
cũng may là nữa đêm chứ ngay giờ cao_điểm thì rút kinh_nghiệm ngu cmn người v,1
người tốt quá lại không ai chơi,0
ồ . vậy cái vụ vinashin toàn mấy ôg ngu nhỉ 😁 ? bạn giỏi thật,2
già mà non quá aba,2
nguyen mai thi cũng chung team à c kk,0
phan linh nó họ bùi ý_thức như đầu buooi là đúng r,1
"những đứa như quản_trị với m chỉ suy_nghĩ được z nên mãi la m dân ngu cu đen thôi , chừng nào tính được 200 tỉ mà ăn được bạn mới làm lãnh_đạo đc . thân_ái",2
võ ngọc mỹ duyên ừa cười mấy anh mấy chị hỏng biết đó nà cái lồn đâu bé,1
sao lớn rồi cũng có tuổi rồi mà sao ăn_nói thiếu văn_hóa quá 😒,1
cho ngửi tỉnh đi 3 gòa,1
nha ba nay o gan kho dan no banh xac,1
ủng_hộ abe,0
con thật nay batron nangkhung tamthan,1
nhìn bác khoẻ_mạnh tôi cũng an_tâm phần_nào 🥰,0
hưng yên địa linh nhân kiệt phết nhể,2
tại vì mỹ nó to . lại nhiều b52 . nên nó có quyền áp_đặt cho ác . không nghe nó cấm_vận cho . lại bảo nó thế_giới,0
căng đét,0
đéo có gì để nói về cái đất_nước này,2
địt_mẹ một công đôi triết_lí,1
cộng_sản bắt_cóc đánh người của mẽo bây h thay mẽo phạt lại về bắt dân nộp quá bị ạ,2
ngu cmm .,2
các em ở nhà yên_tâm anh vẫn mạnh_khoẻ v,0
huyền sạc nghe tên đã thấy tửng xem clip thì đúng tửng thật hâhhahah,0
mấy cháu dạo này tệ thật . .,0
phan anh 😞 rồi đến lúc bame gia_đình chúng_nó bị xem có cười được không,0
"vợ to lam , , của_chìm , ăn 4doi không hết , đời quá con đời cháu , đời chất , đời chút đời chít , vàng là chuyện nhỏ",2
hoặc do xe vinfast dễ gây tai_nạn cho các xe khác khi cùng lưu_thông hoặc chính_quyền dùng quyền_lực xoá lợi_ích người dân để phu c vụ cho lợi_ích nhóm ?,2
ơ ca i đêch . thâ t đư c qu a ! nhân qu a thôi,0
vcl nghe xong chỉ thấy buồn_cười 🙈,1
"bệnh_viện anh như cc . đã có triệu_chứng rõ_ràng , khai cả tiền_sử tiếp_xúc vẫn không cho xét_nghiệm mà yêu_cầu cách_ly tại nhà 😔 ông bố điều mb bế về việt nam chữa là hợp_lý",1
tôi ma biết cong tu kinh_doanh cai gi thi tay chay san pham do . that xau_ho,2
nguyễn đức ánh lại thêm thằng ngu thíc sủa bậy . .,2
tộc_trưởng nói nghe xàm cặc . nhưng em thích thật,1
cánh hoa bên đấy là l bên đây 😰 😰,1
nhìn mặt nc . là biết bộ_mặt giả_tạo . bữa đó lôi tên cô mình hiếu vo trước . giờ nói kiểu xạo cười,1
"hội dân_chủ cuội , dân_chủ , nhân_quyền giả_dối . hội ngáo quyền_lực nhưng không chịu học_tập rèn_luyện tu_dưỡng và phấn_đấu và hoặc bất_mãn",0
my ha vu nv nhà người_ta,0
mày nói như lồn . bọn đa_cấp nó đóng thuế còn gấp chục lần doanh_nghiệp . tao cho thằng thớt ăn lồn không oan chứ thằng bên dưới ?,2
nhanh khỏi còn về đá wc 🤣,0
nhìn nó mất đập cho một trận mở mồm ra là cái lũ,2
bên siêu_sao bên siêu ngố 😂 😂,0
"việt tân cái cc , nó là cái đéo gì , mày cũng biết đéo gì mà sủa nhăng sủa cuội nói tao làm cho nó",1
"tam quyền phân_lập nhưng quyền_lực tập_trung tổng_thống , quyết cái là chịu , trong khi 1 đảng nhưng chia 5 quyền_lực , cái nào là độc_tài ?",2
các bạn từ từ . mới có 7p mà lên 23k r,0
toàn những người có đồng_bạc đi chơi xong đem virus về nước 😃,0
"thiệt muốn lạy . emm thấy mọi người ở khu cách_li tập_thể được phục_vụ rất tận_tình chu_đáo . có cả nghệ_sĩ công_an sĩ v mà mắc giống ôn gì mà cứ trốn thế ! mình bệnh sluong ít thì còn đủ bác_sĩ để chữa_trị , chứ mình đem bệnh ra cộng_đồng thì bác_sĩ cũng bó_tay . mình chết ngta cũng chết 🙂 rồi làm d zuii không mấy má ? ?",0
"xàm lông , sai thì nhận cmn sai đi còn cãi cùn . thích thì đây nhận cmn là cực_kỳ kỳ_thị , rất kỳ_thị . . đi , đây chả nhận văn_minh tiên_tiến cái gì cả . còn thích văn_minh tiên_tiến kiểu đó thì cứ thế , xin mời !",1
hóng vl thầy ơi,0
bố_láo là chính_sách phải tuân theo của các đảng_viên ảng cộng_sản !,2
nguyễn hữu nhân của cả đớp cháu . thứ mắc dạy,1
cây sợ những người dùng não để trồng chỉ,1
nguyễn đăng dự nhục mặt fan mu bạn ơi,2
"thật_sự xin_lỗi các bạn , con chó tên là thành lê nhà mình xổng chuồng lên đây cắn càn , để mình nhốt nó vào chuồng thật_sự xin_lỗi",2
ông_già đi nghỉ_dưỡng còn thằng con ở nhà cật_lực làm_việc,0
vô đây mà xem nha,0
t biết thế_nào khúc cuối sẽ là k icm mà 😂,0
3k và 38 người . con_số đã nói lên tất_cả . tỉ_lệ này là 99 không đồng_ý và chỉ có 1 đồng_ý . cười đâu bao_giờ dám trưng_cầu dân_ý .,2
em nói_chuyện có duyên quá em,0
trẻ trâu à,1
á đổi cap nhé,0
gần toàn gái xinh mà hành xử kém quá .,1
các bác nhanh_thế,0
có văn_hóa nhưng hơi tục nhé bạn . . bạn địt quản_trị chứ đưg địt_mẹ ad . .,2
chi ba noi va hay . song không njh bo ai het . co sao noi vay chi la_ok,0
cô minh hiếu mà hết thời là mày cũng hết đường làm_ăn vl luôn nha con bóng đồng tháp bán dồ giả,1
"không não , có có của việt nam luôn có từ năm 1932 , tầu đến năm 1949 mới cờ",0
"noi nhu vay thi ban lanh ra ho tro thien tay giúp dan di . hay nhu co suc thiet phuc thi manh dan dung len kiu goi quyên gop di . neu không giúp được thi im lang_di . noi ra lam nhu gioi lam do . nhung that chat chi co cai mieng phat lac va doi tay , doi chan vo vung . song không bang con chùm .",1
sửa tay đi,0
cưng bã dễ sợ,0
"sống chó thế , cách_ly cả nhà nó không sao , liên_luỵ cả làng mới ghê",2
troi oi tôi thay cai người nay người cha ra người dan ông không ra dan ông dan ba cha giong dan ba nhìn người nay giong quy that,2
công_nhận edit xong coi vui hơn .,0
mày coi_chừng đó chồng mày làm ơ đại bắc đó may đừng tưởng không tiềm mày được nha . khỏi thách_thức đi con,1
vậy_mà cũng có người bênh_vực cho chế_độ thật khắp thế_giới hài khủng_bố,0
mấy lại quản_trị tiktok toàn copy and pết . xong còn éo thèm đọc ông .,1
thằng quản_trị này não bị delay 3 năm à,2
bà khùng này xàm thiệt,1
con điên có gan nói mà không có gan mở bình_luận cho người_ta . bình_luận,1
chảnh chó cách_ly mà đòi phục_vụ như vua . nhìn mà gét,1
cái miệng linh cá_lóc ik hệt cái lồn,2
phạm minh đức t không biết nên sad hay cười nhận_xét,0
cón mẹ may không day được may à ma không co van hoa à,2
"từ khi đâu việt nam thành cái ổ chứa dịch của bọn rich kid , việt_kiều_vậy ủa khi còn khỏe có tiền thì sống nước này , nước kia , quốc_tịch này quốc_tịch kia , rồi tới khi bị gì lại quay về việt_nam , kiểu như việt nam là chổ tạm_trú á , đéo hiểu chúng_mày sống kiểu gì luôn",1
"chửi cái qq gì , không làm đúng quy_trình thì bị loại đúng rồi",1
ở một diễn_biến khác,0
"trời_ơi chứ cái hình thằng này có mặc quần cũng là do ai tạo , do suy_đoán thôi chứ có phải thiệt đâu . ở_truồng hay không còn chưa biết chứ dựa vô ba cái chi_tiết mờ căm kêu nó có mặc quần t cũng không tin",1
chị giới_thiệu ăn hoa_hồng nhiu mà chị nhiệt_tình quá vậy chị . sao chị không thẩm_mỹ đạo_đức lời ăn tiếng_nói cho nó có tí văn_hóa . nghe chị nói_chuyện xong thấy hết muốn đẹp vì sợ xấu văn_hóa người việt_nam,0
khó vẽ nụ cười,0
cương đặng con_người chứ con chó đâu,1
nhìn xấu rất nhìn cái mặt vẫn còn dẫn og đi phẫu_thuật rồi gì còn xấu còn như đàn og,1
tuyết lan doãn nghiêm_túc_vl,0
"chào các anh_chị_em . anh_chị nào bị hôi miệng , vàng răng , ê buốt răng , nhiệt miệng , chảy máu chân răng , nhà có trẻ bị bệnh răng miệng như sâu_răng , viêm lợi , nấm lưỡi thì e có cốt thảo_dược dùng thay kem đánh răng cho cả nhà kể_cả trẻ nhỏ . cam_kết hoàn tiền nếu không hiệu_quả . ib hoặc gọi 0382840132",0
"nc cưng ghê . nghe mà cười suốt , thật_thà chất_phác",0
điều kì_diệu ở phòng giam số 7,0
buồn thật_sự à ơii,0
anh ấy nói đúng rồi chỗ này à ấy vào không được là đúng rồi đề_nghị chuyển mẹ à tiệp ở nhà_xác ở cho nó ấm_cúng 🙂,1
mỹ khốn_nạn không kém trung_quốc,1
"tu cái miệng lại đi , cái miệng mở ra thúi như cái ống cống_vậy",1
191 luôn bên fa 😂 😂,0
nguyễn hương_sen ô chuẩn r,0
chúc cô à lộn thầy ba 20 10 vui_vẻ v,0
"sủa như chó được 3 củ còn đ đủ ăn cơm , bọn kia đ làm gì vẫn được đi định_cư v đúng là kiếp con bò",2
lại là bác lap,0
con linh nó vẫn chứng nào tật nấy . vì bản_chất của nó là vậy . 😏,2
càng tàn_ác thì vạch áo cho dân xem lưng,1
ủa ông này là ai z mọi người,0
"không phân_biệt vùng thông_báo bay fir và lãnh lổ vùng_trời . quản_trị đúng là ngu căn_bản , ngu bền_vững nhỉ ? tội_nghiệp",1
cuộc_sống thú_vị hơn khi bạn xamlol,1
nguyễn ngọc trâm nhìn bả củng thấy tội mà thui củng kệ,0
trần vinh nhai_lại cc,2
ba subin vl bạn tôi 😲 😲,0
"nhuc quá may sự oai_phong cua mày dau , dám chơi dám chiu sợ gi , tổng_tài co len",1
và thế_là từ đây e sẽ không bh về đvi nữa 🤣 🤣,0
thanh hoa nhiều cánh hoa tạo nên thanh hoa,0
muốn biết ông trần dần_khỏe hay bị bệnh thi vào xem đài bôn sa . ông múa võ như_vậy là không fai như lời đồn,0
có ba giàu nhỉ . vay sao có ba con lừa_bịp cua cô hieu mấy trăm triệu_vậy ? à nè cô bà ơi . net đẹp của cô không dụng hàng ai luôn đó . ah phải gọi là giống công công hơn . haha . chắc bà này bà quên uống thuốc rồi cả nhà ơi . khung hết thuốc chữa đồ thần_kinh,2
mỗi lần lên sóng là nhìn_chung quá vàng làm như giàu lắm hay sao mà khoe của thấy ghê . còn cái mặt mình đeo không có 1 chỗ nào thiện_cảm hết . nhìn mặt là biết cái thứ đàn_bà độc_mồm độc miệng . hung_dữ . nói_tục chửi thề v . . v tưởng z là hay lắm,1
đoạn đầu gay vl 🙆 🏻,1
ê lũ ducanger vào xem thành_tích ngày_xưa cm này,1
thế sao bọn mỹ nợ công mấy nghìn tỉ thì không có thằng dân nào đòi giết tổng_thống nhỉ,0
chơi tiên trị bị thánh quật cho chết đó 🤣,0
óc vl chó chó hi_hi,1
"đánh con_mẹ gì trúng 20k , xao cười",1
"mình không cần yêu , cưới luôn đi cminh hà",0
mong linh_hồn của các anh được siêu_thoát 🙏 🙏,0
mài có óc chó để suy_nghĩ cho add ? cái đồng băng đó mài tính đào hồ bnhiu không đủ hả thằng ngu ?,1
ditme tối nay ao làng anh ơi,1
công_an sĩ k icm đéo gì 🙂 công_an sĩ câm,1
nay hơi chậm cailozcatkhong,1
mình cứ tưởng bắt lợn để thịt cơ_hóa ra là công_an đang thật làm nhiệm_vụ,2
"đánh chết cụ mấy tg nhà_báo đó đi , láo lz , nta đéo cho còn cố vào tự_ý hành_động , địt_mẹ mấy tg nhà_báo tốt_nghiệp ttgdtx thì có quy_củ đb j , đánh chết mẹ nó đi",2
dâm_loạn viên bây_giờ toàn mấy thằng con_nít ỉa chùi đít chưa sạch,2
chạyy nhanhh đii,0
"phùng duy mà thôi kệ mẹ bạn , bạn ngáo vl , block",1
ai chơi hu i he con . na y lo hô t đi . . con na y chuâ n bi tâ u râ u_đo,0
"tình_báo kinh thật , toàn thịt quá ông trực_tiếp ra_lệnh chiến , quan_chức cấp cao iran chắc bị mua_chuộc mấy nửa rồi",0
đào du dắt_mũi hết culi m10 e nhỉ nhưng vl đây là tin thật,2
"xam quá đi , gặp mấy con quỷ khùng cười muốn sạc luôn",1
đề_nghị nhà chức_trách tóm gọn một kẻ để làm_gương,0
đào mả nó lấy đâu ra 1 tỷ đô mà góp vào cái quỹ đó ? ?,0
caccon de thuong va dang yêu qua nho ren luven thanh bo doi cu ho nhe csk vui ve,0
"không tin bài đúng hay sai , không phải ông đ l t mà nhiều ông đã chờ chờ ra đó cần gì phải nói đến đinh_la thăng , đừng đánh mất long tin từ nhân_dân , nhân_dân thời 4.0 5.0 họ biết hết thấp cổ bé họng thôi , dân nói mà được thì quên đi giờ xã_hội khác nay nhiều rồi",0
abe mua áo như này là chet con di_me sela rồi,1
lai bon c quá óp ngày l gian_ác,1
phạm văn đại đjs v,2
nhin mat con mu nay giong lu tau khua,2
địt_mẹ các bạn ý . cười rụng con_mẹ nó mồm rồi .,2
"vả vô cái mỏ loz mày bây_giờ , thứ học_sinh trời_đánh",2
chậm cái đcm chúng m à nhai mãi đéo chán à,1
"thă ng bê nâ_y nô qua , ca i miê ng nâ y_ta o nghiê p , bê người_ta coi được bê nâ y kho coi qua",1
ăn bom trên nhà thằng adm trốc tôm thôi,2
cái này là luật ngầm lâu_nay rồi bán trên vỉa_hè không cho tụi nó ăn thì tụi nó phá .,0
ôi cái định_mệnh,0
"và người dân_nghèo trẻ_em , cụ già không được hưởng asxh",2
xiang kiss0fangel h . h . h . h gg h . hh,0
thanh phương c làm 1 bài đánh_giá đi c,0
tĩnh que còn hát cho nhau nghe được thì dăm_ba cái chúc thấm đ gì nhỉ,1
phuc nguyen . hanh nguyen nên xem cái này,0
bảo ổng chuyển quốc_tịch sang vn . vl bỏ quốc_tịch cũ xem có sướng không,1
trần trung_dũng biểu_tượng đó ở việt nam là cái khác má ui,0
không có anh bọn em xem sờ trym làm saoo 🤣 🤣,0
"mày có biết là cái lòi cầm_thú chống_chọi zs bão lụt mà không ai quan_tâm tới là cái loại gì không , loại xúc zật nó làm cho có chứ chống_chọi con_mẹ gì tụi nó ăn của dân quá nên bây h phải chịu trách_nhiệm đứng ra chóng chọi cho có thôi con chó à , hoàng_lệ",1
"ông tô lâm dựa hơi ông trump để dễ đàn_áp người dân trong nước mà thôi , chứ tô tài_cán lâm gì .",2
t cũng tính chửi . toàn bình_luận xàm cười không,1
cho ra những tấm ảnh đầy tính ấu dâm,1
nguyễn hạnh tiền nhiều để làm gì ? ? để đi mang dịch về cho đất_nước,1
thằng ngu người vl này ai đi làm mày chả đóng thuế . doanh_nghiệp lớn kiếm nhiều lợi_nhuận thì đóng thuế nhiều . thế theo mà đóng thuế_nhìu là muốn làm gì thì làm àh .,1
khùng quá trời khùng .,1
"tình_hình dịch_bệnh đang rất phức_tạp . mọi người ra đường nhớ đeo khẩu_trang . ai sống một mặt thì đeo 1 cái , ai sống hai mặt thì đeo 2 cái . còn ai sống như con kă . c . thì nên đeo bcs thay khẩu_trang 😏 😏",1
thì ra con đàn_bà cũng nhận ra cái sai à,1
anh_em chuẩn_bị đón_nhận nút bạc nhanh nhất của sờ chim mơ ba_rọi béo đi,0
"thấy trai đẹp cái mệt trong người hèn_chi lúc trước khi tính tiền nét gặp mình chỉ nhìn quá trời , làm mình cũng sợ trong người , giờ mới biết sở_thích của chị là trai đẹp mình dây",0
hằngg đu ann lắm ma_may,1
vừa_mới nói xg,0
phạm cường hồi xưa nổ vui lắm,0
tết đưa vợ_con đi chs thoii,0
"chiếm_đoạt tiền dân thôi . giờ toàn thề_thốt chơi_chữ . tặng quà chứ không phải là hối_lộ . thằng cựu bộ_trưởng đổ thằng thứ_trưởng , thằng thứ_trưởng đổ thằng bộ_trưởng . một lũ lãnh_đạo mà thua thằng giang_hồ ra tòa hay những người chân_chính bị bắt vì chống_phá chế_độ",2
đây không phải bố tuii,0
nguyễn nghĩa mi lúc mô không nứng,2
vấn_đề là tự_ti và vọng_ngoại đến từ đâu ?,0
xưa có vl thái thú tô định nay có thái thú tô lâm .,2
"mấy tụi dư_luận viên hay nói đu càng này_nọ . nảo chúng bị nhồi nên úng rồi . thật_ra đu càng đâu dể . đu càng tốn cả triệu đô . chỉ có ở tụi quan lớn tham nhủng . chứ bò đỏ ấu trỉ umê bưng bô lương ba đồng làm gì có cửa đu , chỉ biết làm chốt_thí . quá . ha_ha",1
"lưu bá mạnh cô dạy em bài thể_dục buổi sáng , 1 2 3 cô hít the lòn ma the lòn ma",1
thằng lồn này chỉ biết tham mu chứ biết cc gì,1
"không biết tụi tham_ô tham_nhũng ăn_cướp bán_nước hại dân_chúng dạy con như thế_nào nhỉ , làm_sao mà dám thấp hương cho ông_bà tổ_tiên",2
"thì fake thì nói đại đi , hàng bình dany , bình_dân qq",1
a a a . .,0
thấy thì thấy nói giàu lắm có tiền lắm con ông cháu cha lắm . ra nước_ngoài dell có tiền về . bệnh xạo lozz thì vẫn còn mỗi ngày .,2
nghe không hay lắm,0
"kh pacpo hôm_nay đi bảo , ngày_mai bán_dâm nuôi đảng",2
cụ nói mỹ xóa ván cờ . iệt nam cộng hòa chỉ là con cờ trong tay mỹ thôi . cụ điên_khùng là bước chuyển_giao trước khi đầu_hàng cộng_sản .,2
chí bảo nhung chứ chung cc à,2
mi nh đanh vi nh biê t cao lôn đi anh,1
hay quá . mắc cười xỉu,0
quản_trị ngu không biê t xem thơ i gian hay châ m tiê n so vâ i thơ i đa i vơ y ? tư thơ i ky na o ma_giơ lôi lên,1
lê bảo trâm ủa có ai khác giống nữa hả ? zậy chắc nó cũng là bà_con của m,0
anh ba tư_duy cao y_như bò cube 😂,2
cù hoàng_thảo my này thì hóng_hớt à,0
mày cũng nhai_lại thôi,0
đội đào lửa gọi súôt 4 5 năm nay thấy có đâu được gì làm,0
hoàng như ngọc táo chó,0
t lâm biết tiếng lèo huệ ơi quá 🤣,2
buồi to như lõi giấy vệ_sinh nghe buồn_cười vl,1
đm quản_trị phản lại cái động . là công_an thì có quyền nhé . đéo biết gì lại còn nguy_hiểm . sửu nhi,1
ăn_mặc như cái đb,1
nguyễn hoàng_anh tú thế_thì ăn cứt đi chứ đừg để chết vì cô rô na,1
"huyền khánh phùng thuyền thì đến bến lại chìm , c thì đến đít không kìm được đâu",1
dành cho lũ quan_ngại,1
đầu ốc tôm nên nói ra không có lời nào nghe quá được . phụ_nữ việt nam không có người nào_phát_ngôn như vậy thật ghê_tởm,2
tao lao nua rui tran dan oi . chong dich chua xong o do ma chien tranh,2
nghe mang thai nhưng lại đi beach,0
noo,0
mày cứ nghĩ mày là lắm ông cễnh con à,1
người ieu cua ai bắt về dùm đi cảm_ơn . . cho nó hút khí bot dien,0
"đcn bơi ác lắm , chúng_tôi từng bơi 1 quẹt từ 25 đến 30 km 🙂",0
ông này ghét trung cộng mà hình_như ông ta múa bài quyền phù_cáo có mùi tàu khựa,2
quản_trị cho hỏi sao bọn nhà đài vtv24 có_thể làm hiện các bình_luận tích_cực và có lợi cho nó nhỉ . bình_luận phản_bác sẽ tự ẩn .,1
"bán hàng đàng_hoàng phải ko , bán hàng lương_thiện đúng không , dám cho đối_chứng ko , công_an cồng đầu chứ ở đó mà xạo xạo , qua_mặt thiên_hạ hả bưởi",1
đây dân chơii lên_tiếng haha 🤔,0
"nguyễn đình hảo nếu nói như ông thì bạc_phận , sóng_gió nó tự làm producer mẹ cho r",0
sao em không thấy hiện fan cứng ?,0
đéo phải là ngu mà là 1 lũ tham_quan ô lại,2
tân à xin video ạ,0
mong trum vại phá hết chế_độ s trên thế_giới,2
bao_giờ bọn chó nó chết cùng thì mới không an_toàn,2
"mới biết chútrần dần gần đây yêu chú quá , mong rằng khi mình già mình vẫn giữ được tinh_thần tươi_vui như chú",0
"lol , có người trong chính_phủ đang ghen_tị",1
à méo nên về nước thì mới đúng,0
trần tân_kiệt nghe nhiều nghiện cmnr,0
k atm vl cũng được làm công_an_sĩ,1
nơi tập_kích của hàng tàu . ai cung biết mà,1
1 phò lắm hay cho,1
yoyo yêu cô,0
nhà bao việc chơi game gì tầm này,0
phía sau sự thành_công của một người đàn_ông luôn có bóng_dáng phụ_nữ,0
oke abe,0
trung_tâm_thần,2
quản_trị chẳng biết cc j cả . ổng nói đúng rồi . không có tranh_giành gì hết . họ rất đồng_lòng và tất_cả mọi việc mọi vị_trí đều được sắp_xếp cả .,1
còn lồn này cái mỏ như cái lồn,1
à si thật trong lùn lùn đứng nhìn khung gỗ nhìn cừi vl 😆,2
quang_vinh trong tuần nha . cuối tuần là về quê luôn rồi đó,0
ghê_tởm con bóng già 😡 😡,2
đến pháp_sư còn đi tù vì tổng_thống nữa là 😅 luôn,1
lúc_nào mà chúng chẳng hô_hào học_tập và làm_việc theo tấm gương đạo_đức hồ chí minh . . nhưng thực_tế chúng toàn làm ngược_lại .,2
ả duconme 😂 😂,1
chị à . . đây là cánh hoa . . cánh hoa đấy thấy chưa . . sc vương,0
trần sang ok lần sau có cãi nhau nữa ct luôn nha,0
chỉ sợ thứ óc chó chó ngu hết phần chó như này,2
tinh minh truong chú nghe cái tin này chưa ?,0
hài_lòng del đâu,1
du ma tu thg cho giu xe den thg suc vat chuyen hanh ly,1
vuốt tóc bằng tương cà .,0
làm clip tìm tận cái ổ nó thuê ở đi cô ơi tụi con ủng_hộ cô,0
ác còng luôn khổ dân thật lưng lắm,1
lý dốt vl nhưng hay nói nó lắm,1
du_học_sinh úc pewpew,0
đức khoa ghê thật,0
thảo đào văn idol em nói chí phải 😂 😂,0
xao luôn lon qua,1
bánh_tráng chỉ xếp thứ 2 sau pha lật mặt của vũ khắc tiệp,2
? lôi cc gì bp vào hả cosfan,1
có_thể bình_luận khác mấy cái này được không,0
nhìn mặt cô bé phóng_viên như_thể sắp bợp cho ngài lãnh_đạo 1 tai cho chừa ngu người . .,2
vay lồn vay lắm thế,1
ơ ơ,0
nhưng người_ta bảo hoàn_cảnh thay_đổi rồi v,0
d . u m . a nhiều phong_bì phải nộp cho quá 3x,2
sao làm_chủ_tịch mà ngu thế được nhỉ,1
cảnh_sát giựt tiền_cảnh_sát giao_thông,1
về sờ trym cho buôn_làng anh ơi . dăm_ba cái lẩu thái nắng lè lưỡi ăn_không ngon 🤣 🤣,0
không kong anh_hùng !,0
lam an kieu gi be ong tôi 19 lan . .,0
tại thằng quản_trị làm đỉ quen rồi nên nó xem đó là việc làm cao_cả í mà,2
ông im mẹ mồm đi . 2010 lần đầu_tiên tôi xem ông tiên_tri năm mão nước việt đổi cờ . . 10 năm sau cờ mới vẫn chả thấy đâu mà chỉ thấy việt_nam chúng_tao ngày_càng hùng_mạnh .,2
ý_thức như l . .,1
đào duy thạnh ok . điểm nhấn 🤦 🏻 lag tí thôi mà anh gì đó ạ,0
toàn à chị giàu_sang . . ko bao_giờ nghe bóng này nói nó có cc gì hết,2
cái địt con_mẹ m,2
phạm đức anh cười không chịu được 😂,0
gọi trần dần là con tinh_trùng khuyết_tật .,1
từ nay anh_em không được gọi bà gà nữa nhé kêu ba pro nhé,0
bên đà_nẵng chắc văn_minh hơn nơi khác,2
xài hàng mỹ thì bản_thân người lính cũng yên_tâm chiến_đấu . nghe à e đi bộ_đội vê kể bảo pháo của tàu toàn tự bắn vào quân mình nên hay có chiến_sỹ tự hy_sinh lắm . kk,2
"np hi phải biết rằng giáo_chủ này là lãnh_tụ tối_cao , np hi còn có lãnh_tụ nào đấy thì đem thờ chung với khadaphi !",0
lên fan cứng đi,0
con nay het thuoc chua roi,2
võ thị quỳnh uốn zs nhuộm nè . hy_vọng là đừng giống trên kia 😭 😭,0
ai_bảo chứa hàng của thp làm gì để bị phạt bà mịa nó,2
lần sau bắt_gặp chụp thành_quả chủ vũng nước_đái ghép lại . up nó lên gr cty cho đội quần luôn 😃,1
"tư ngày ql ve_việt nam gặp hằng du đảng là lên hương luôn . . còn con thuy tien gi nữa , bở qua dễ vay sao . .",1
ca i na y ba n quyê n thuô c vê viê t_nam . . câ n tô ca o . .,0
mé có cc hết được nghĩ gì vậy má 😨 😨,1
ngọc na má cừi ỉa,0
"mong_muốn khởi_nghĩa để đất_nước giống ukranie , syria , iraq là ước_mơ cháy mỏng của quản_trị",2
"bạn nên lắm tìm_hiểu kĩ hơn vì loạn_luân thời trần , mục_đích chính_trị chứ không phải thích là chịch đâu bạn 😃",1
nhanh vcl,1
quan_tài bay lò hoả_thiêu_di_động . . vn toàn anh_hùng ra ngõ đã gặp 🤣 🙏 !,0
"mỹ mà . . lúc có lợi thì họ dung hết xài rồi vứt ,",2
chuẩn luôn bùi ngọc_ánh,0
làm cái đéo gì thì làm đừng để người_ta nhắc đến việt nam là gắn với từ ăn_cắp,1
tôi nghĩ con má đó nếu có hết bệnh thì nó cx phải xứng_đáng là nhận án tử_hình,2
chưa vợ chưa người_yêu uống vào lắm không biết có động_dục không nhỉ 🤨,1
đa_đa o hàn xe ng bi cộng_sản mua chuô c treo cơ ma u ! ! bên cali ma_bă t chươ c treo thê na y chă c nhiê u ông ba đư t gân ma u tăng xong chê t qua 🥶,2
luật_rừng của xứ đông lào,2
bao nhieu chien si dang hy_sinh tren mat tran chon xac nhung ncguoi chet không he quan ngai mang song chung ta nen tap trung cau nguyen cho nhan loai mau tai qua nan khoi tai italia thoi thi chung ta dang o trong nha ma duoc xem nhung vo kich cung hoan hi don nhan bai ong,0
buồn chẳng muốn nói,0
ngứa dái quá thầy,1
anh đánh_máy giỏi thật ! dám biến đường_đường là chủ_tịch của một thành_phố thủ_đô trở_thành tên nói_láo ! tiên_sư anh đánh_máy !,2
cảm_ơn em .,0
tết đi lẹ đi mệt tết ghê_😣,0
cà_khịa t_chém,1
nguyễn trọng thái đợi cái lone,1
thuyết_phục vcl,1
tiếng_nói của dân này đã bịt . giờ họp quốc_hội trên phát_biểu dưới vô tay không ai giám phản_biện,2
bị ngu à,1
nghe mùi cay cay_😗,1
"biết_bao xương_máu của con dân việt_nam đã đổ xuống nhuộm đỏ mảnh đất này mới có được ngày hôm_nay , vì lòng tham không đáy mà bọn chó cộng_sản tiếp_tay cho trung cộng tàn_phá đất_nước , rồi sau_này con_cháu sẽ đào mã chôn xác bọn mày cùng tổ_tiên nhà bọn mày lên rủa , bọn mày có chết cũng không được yên đâu ,",2
"chú toàn ơi , video con còn nha_con ác phủ vậy chết luôn đi cho đỡ kẹp đất 😡 😡",2
linh hoàng thùy ủa gửi r nhưng không được,0
loại mât đậy,1
hóa bùi khỏi phải qua mẽo,0
vây hoy đi nha,0
tàu khựa tao thù đục nước,2
du_học_sinh úc đấy 😂,0
đm v t . h . o . i n . a . t,2
trần phú ngày_mai là vượt sỉ số lớp r lấy đâu mà kêu,0
giọng hát hay thiệt mà,0
địiitt . . quả_đấm thép đây sao 😟,1
kim phượng thế con ngu ở hà_nội p nó cũng nhảy bông nhông khắp nơi đó p,1
như th điên xóm tau .,2
"vào đọc hộ cái xem từ bh , thiển_cận vcl auto chó hùa",1
minh cường cực_kì thuyết_phục 🤣 🤣,0
không nghiên_cứu kỹ là có tội với dân ngu_dốt !,1
xao cười ma noi không so meo mieng nhi,1
bây_giờ nước mỹ toang . không thấy bọn 3 nổ và chém nữa ta .,2
bong gia xam cười qua,1
văn việt quay ăn lon,2
bạn này bị cắm_sừng nên cay à ? hài đ . i . ê . n luôn,1
"đảng_viên thì sao ? công_khai đảng_viên còn hơn lũ 3 nhưng là cộng_sản nằm_vùng , đem con mụ nẫm qua chửi mỹ như chó lũ 3 chống lưng cho mụ chửi , tao là diện ho mà tao còn không ưa tụi 3",2
giọng với nhạc giống bốc bát hõ vaoxi,0
tránh ra để t bắn chết mẹ nó . .,1
"to thật lam dang chet , no con song la dan cang kho ?",2
nghe đồn đang huy_động mở sàn giao_dịch quốc_gia gì mà,0
đọc page này rất thư_giãn,0
xuân trường rồi nhe . yeyeye .,0
nói thức í như đầu buooi thì lại tự_ái .,1
"đu me gop cho vay tiên mây ma noi lam tư thiên , bơt sao lôn đi minh hiêu tôi mây_ăn chăn tiên tư quá thiên_thi đung hơn",1
1 bữa nhậu bằng 10 bữa cơm,0
không_phận cái đcmm thg quản_trị ngu như chó,2
công_an ở đéo đâu chả thế không được ăn là nó khác đéo j giang_hồ dưới chỗ tôi công_an khu_vực giờ khác đéo j giang_hồ đi đòi tiền bảo_kê hàng tháng ra_mặt,1
"đm cả ngày trương lone đánh_bài với đám bạn , mặc đồ chi cho đẹp đúng không cả nhà ?",1
"thằng việt chờ khi nào thằng chung xả nước đầu nguồn thì lên truyền_thông hoan_nghênh nữa nhé , dù gì việt và chung cũng là anh_em tốt , chung từng giữ nhà dùm việt hẳn 100 năm cơ",2
lê trần vũ bảo rồi rồi than là m à kay rồi biết nhiều quá 😘 😘,1
như 2 giọt nước luôn thầy ơi . trinh giọt nước suối còn thầy giọt nước cống thầy ạ,2
đố anh bắt được em,0
máy con đ i ê n nầy sao không ai nhốt lại để loạn hết,2
ôi đúng là cách sử lý chánh ô_nhiễm môi_trường của việt_nam . các lãnh_đạo tài_giỏi và tin_cậy của nhân_dân có cách sử lý ô_nhiễm thật khoa_học đã giúp pômôsa giải_tỏa những núi chất_thải mà không ô_nhiễm không ảnh_hưởng đến sức_khỏe và đời_sống của nhân_dân . nếu có ảnh_hưởng thì chỉ ảnh_hưởng cán_bộ lãnh_đạo thôi .,2
trung_tâm_thần,1
tộc_trưởng cũng là thanh_niên ngôn tình 😌,0
mai nam hải anh bay_hơi nhiều đấy 😂 😂,0
"cháu con nòi_giống bà trưng , bà triệu nó phải khác !",0
không đủ dũng_cảm nói thì phải chấp_nhận nó thuộc về người khác . .,0
"ê cho ad . no no i châ t đô c không thê ăn đươ c co gi sai a ? chi ca i lu cho như . . cha me ma_y chă ng ha n , trô n châ t đô c va o đê tăng lơ i nhuâ n rô i ke o theo viê c ha i dân thui_nhe",1
hãy sủa theo cách của bạn !,1
13 40 thần_quyền 5 ông lục tổ,0
đưa về việt nam bằng máy_bay riêng thì nó ở cái tầmm,0
"đéo phải cái gì thích thử là thử được nhá , nhất là những thứ liên_quan đến vũ_trang hay chính_trị , giờ m sáng_tạo ra bom mới m cũng mang ra thử_nghiệm à",1
trần quốc duy chấp_nhận sự thặc rồi nhe kk,0
"nghe mà thấy nhục_nhã , ăn_nói vô_học",1
đm chấp_nhận sự_thật đi à zai,1
ông noi sai sai sao tl cô bâng tiên symaa cung nhu tcq cung cô bâng ts luât cuâ đhl hâ nôi,2
t mà là à t sẽ bài_trừ cái viện chett sẽ s tiệt đó,1
tô lâm thật là giặc,2
toàn tin tào_lao,0
bay từ london về lại khoang thương_gia nên nhiều người nước_ngoài là dễ hiểu thôi . đề_nghị có chế_tài xử_phạt với cô nhong,0
nguyện trao thân em nhưng anh đã xuống đầu rồi,0
hỏng bồi_thường cũng từ tiền của dân ra hết đm phải bỏ_tù nó nếu nó lộng_quyền thì mới đúng,2
cái hòn ngày_xưa không ngập bao_giờ à,0
trường giang no no . đg chỉ_trích vì tính ích_kỷ . không nghĩ cho ngkhac . chứ bả sống thì tốt th chứ có j đâu,0
thưa nhà tiên_tri cho biết khi trung việt_nam sẽ xóa sổ nào quốc_vậy ?,2
sợ vlon anh ơii 🙄,1
toàn là xạo lôz sủa không lại đi block nhau còn bày_đặt tự_do với chả ngôn_lù ngôn_luận,2
đinhh thị hoàii thuu ngủ mẹ m đi,1
"ở indonesia đã có tàu_điện_ngầm rồi , ở đông lào đợi mãi không có",2
được anh oiwii,0
v cười,0
hết ngủ rồi anh ơi,0
"vũ thanh huyền chán vl câu mấy câu_đầu chửi hay bao_nhiêu thì câu cuối thối không kém 🤦 tiền người_ta làm gì kệ mẹ người_ta , núp gầm giường hay sao biết người_ta không từ_thiện . mệt_mỏi mấy nhà từ_thiện online như này thật_sự .",2
nguyễn quang_huy thăng l nào chế cái này,1
"hy_sinh đời bố , kệ cho dân chửi , miễn_sao ăn cho nhiều tiền , có biến thì chạy thôi , tư_duy của các ông tủn_mủn chỉ có vậy thôi .",1
hiền vinh sao trong clip như thằng tâm_thần_vậy,1
"phải lên giành công_trạng chứ , lãnh_đạo mà . nói chứ bầu đức là người có công lớn nhất đưa park hang seo về dẫn_dắt đội_tuyển việt nam thế nhưng khi thành_công chẳng ai một lời hỏi_han quan_tâm ông ta cả , lúc bầu_cử còn gạch tên ông ta ra .",2
cấm chat tập_thể khóa mấy cái mỏ lại hết 🤐,2
"mày đang quay_phim nó , nó liền trưng_dụng thiết_bị kỹ_thuật của mày . nó sẽ xoá hết những cảnh quay mà nó vòi tiền hay làm_luật với mày từ nãy_giờ . hiểu chưa thằng ngu",2
"độc_tài thì họ nhốt thật hay thả thì muốn tùy_tiện , bởi nó là cá_mè một lứa mà ,",2
má fong rộng z ma la ngột_ngạt me nó,1
nguyễn đình huy vừa hay ngày_mai t ở bên quân_y,0
chú nói bậy . . hi_sinh hên mình,0
2 bình lớn không ăn_thua và là có kỷ năng nếu là dân đen với 1 bình dập được lửa không ha trang,0
đi sau việt nam hàng thập_kỉ,0
có 4tr8 lượt xem àk,0
paula lưu bạn ơi bh bạn ăn_chay thì nói nhé,0
con_mẹ mày . nói mày là chó thì tội con chó . mày còn thua con chó nữa tịp à,2
thầy đang quay tay nha mọi người,0
ok homie hung khanh vương 🌝,0
ức_hiếp dân thì giỏi lắm !,2
ông này cộng_sản nằm_vùng ?,0
dạng như con mụ bộ y_tế khóc khi bệnh_nhân uống phải thuốc giả vậy á,2
thật_ra là quên kéo khóa quần ngoài lộ quần trong nên để lộ hẳn thành phong_cách mới cho nó đỡ quê,1
"có_thể là do thế_lực thù_địch lợi_dụng những hôm đêm_tối đã ra đào_bới bờ kè , khiến cho bờ kè bị sạt_lở . đây là 1 trong những chiêu trò kích_động người dân của bè_lũ phản_động . 3",2
loài ấuhồ tuyên_giáo thì bài và luận chỉ một giọng_điệu bưng bô,2
bú bóng cao_su ha gì cười ghê z abe,0
khẩu nghiệp tụ vành môi v má,1
tư c nhiên ma_y xa o qua,2
"đẹp va ngầu quá , z thầy",0
dùng ngọc trinh thôi lên facebook làm_chi cho ăn chửi,0
korea bây_giờ mới cập_nhật trend này à v,0
"đừng lôi mẹ người_ta vào , tao địt vào miệng mày vũ long bảo cấm lôi fụ huynh vào nha",2
nước đii hayy đấy,0
"từ khi đâu việt nam thành cái ổ chứa dịch của bọn rich kid , việt_kiều_vậy ủa lắm khi còn khỏe có tiền thì sống nước tới , nước kia , quốc_tịch này quốc_tịch kia , rồi này khi bị gì lại quay về việt_nam , kiểu như việt nam là chổ tạm_trú á , đéo hiểu chúng_mày sống kiểu gì luôn",1
quan_tài bay lò hoả_thiêu_di_động . . vn toàn anh_hùng ra ngõ đã gặp 🤣 🙏 !,0
giống pháp bắt vua hàm nghi bọn chó đế_quốc,0
"nhị thắng được kết_bạn với top cmt , ưng quá hi",0
thằng quản_trị này muốn ăn chửi đây mà,2
thanh huyền đấy mình đi trước thời_đại rồi,0
khánh hoà tuy không gần 35 nhưng lại gần 34 mà vẫn đành_lòng không cho nghỉ . bệnh . . thành_tích em nói xong đừng ai ném đá em nha,2
bạn chả có tí hành_kinh nào văn_hoá cả,1
đã bê đê rồi còn bị bệnh xạo lồn,2
"à mà còn bị đói sư vây , chúng_tôi là nhưng người dân còn thê th m cơ nào",0
nghe con cak,1
tại_sao k icm được coi là công_an sĩ ! !,0
anthony mark tiên nguyễn,0
ba tôi có 2 cái quần mà mặc như này là giống i anh tiệp luôn,0
minh hải đều là con_người chứ không phải người nên mới thế đó,0
"phản_đối là đúng rồi . mồm thì phát_biểu là tôi sẽ rời ghế để đi ngắm biển vl chứ không_thể chết ở vp được . rồi lại đi xúi bọn người_làm , làm_việc hết_sức mình . đúng là cái bọn chó lợn . 😃",1
phò cũng là 1 nghề chân_chính đấy đm thằng quản_trị,2
so sa nh vơ i bă c triê u_tiên là biê t ngay bản châ t cu a độc ta i rô i .,2
khaii giảng nè 😁,0
cực_kì thuyết được của ló,0
về bản làm 1 bộ như tộc_trưởng em ưi thụy hân,0
minh hiếu quá đẹp mà dễ_thương,0
chỉ mong thủ_tướng chính_phủ phạt nặng những con_người vô_ý_thức . và cách_li tất_cả những con_người đi máy_bay và đặt_chân xuống sân_bay việt_nam . đặc_biệt phải cách_li tất_cả người anh .,0
"ơ , thế bà_già của mụ này ngoại_tình với ông hồ lòi ra mụ à ?",2
giờ mới nghe . . trời_đất ơi cái miệng nó bẩn_thỉu bẩn vô_cùng . . bởi_vậy giờ cả thế_giới đều khinh_bỉ . . trời_ơi . . khẩu nghiệp vô_cùng . . 😠 😠,1
mấy thằng để ảnh thật bìa darcy chắc nhanh toàn tay cũng hơn não,1
"anh độ chơi đá từ bé , bảo sao không tưởng_tượng ra có thằng đánh , chém mình",0
ghép làm chó nha anh_em,1
thứ chúng_tôi muốn,0
hết_sức cố_gắng đang để dìm hàng trung quần què 😆,1
ói hàngg,1
xaolol riết quen cô ba ơi,1
trịnh kiều_diễm_phúc đi nhật nữa không,0
nhưng phải phân_biệt người việt_nam với người việt cọng vì người việt cọng cai_trị người việt_nam . người việt cọng tàn_ác với người việt nam hơn thực_dân .,0
bọn yêu nước hay đi xe này lắm à,2
nhìn làn da của bác . .,0
hay quá thầy ơi,0
"tìm ra được thủ_phạm trực_tiếp hay gián_tiếp giết người thì đã bốn người theo xác_chết của người chết xuống âm_phủ rồi . . trường_tồn thật , luật quả_báo được thấy rõ . . hay nhất , hiệu_quả nhứt , thành_công nhất là thay_đổi chế_độ csvn và trung cộng thì h",2
ở vietnnam tụi nó ăn_tiền bồi_thường ô_nhiễm của người dân . ở việt nam ! tụi nó ăn_tiền để làm_ngơ formosa gây ô_nhiễm .,2
đặng trang,0
chúc hơi muộn đó abe,0
chỉ cần 1 hero độtày nữa là lên 3sao rồi vậy_mà,0
không live a thay ? ?,0
bắp rang bơ thôi nghỉ làm ở nhà cho lành,0
coca chả_giò đầy mà khóc_lóc gì . đuổi nó về ngay trai_tráng gì mà yếu_đuối .,0
"f1 là fake loại 1 đúng ko , bán hàng fake là vi_phạm_pháp_luật rồi , nói gì nhiều , kêu công_an cồng đầu liền xem coi có già_mồm được nữa không",1
cực_kỳ thuyết_phục anh êi,0
ông có mười lá gan cũng chờ dám không cho hết thật tối_hậu_thư .,0
lói dối thì bị làm saoo,0
"kẻ nào giỏi phá , ăn_chơi , mất_dạy , lưu_manh , đều là bằng_cấp lảnh đạo việt nam !",2
"trump đã tiếp_nhận thông_tin , và cấm_vận hàng của quốc vì chơi và mua hàng trung việt_nam 🤣",1
đạt tiến địa_hình này bắn ra hay bắn zô nhỉ 😆,0
lien hoang dinhđoàn hiền lưu ngọc diệp phương nguyễn khuất minh hồng mỹ ý nguyễn,0
mình tín tưởng ở đang va nhà_nước mình yên_tâm lắm nhưng chỉ sợ những người vô_ý_thức óc chó xi_măng thôi,2
bây_giờ tôi mới biết tô lâm có họ_hàng với tô định,2
countdown cực mạnh,0
võ trí có ai mà nghe cả chục lần chắc nhớ mỗi tên bài hát không,0
không tính tiền nhed,0
"đéo biết nói gì , thôi , chia_sẻ",1
duy_linh vailin live thật để quay mv,1
ai lốp du chu cà_mo,0
này bà khùng nặng rồi,1
"le viet anh nếu nhà t có người bị thì sẽ xung_phong đi cách_ly chứ không để lâu ngày đâu mà bị lm sao cả , chỉ có mấy loại cm trốn cách_ly không chữa kịp mới chết thôi , loại như cm thì nên chết sớm không lại lây ra cộng_đồng",1
nguyễn đức ánh lại thêm thằng ngu thíc vl sủa bậy . .,1
quần gì ma nhìn vào thấy mất_nết dễ sợ,1
toangg,1
lee sin cười mẹ giáo_án kiểm_soát của thầy tú,2
"rồi con ông lại phát_biểu bằng việc giết cha tôi , người mỹ của phương tây đã rơi vào bẫy và tôi . . 😂 😂",0
tao mà bắt_gặp thg nào là tao bêu rếu nó từ đầu trên xuống dưới từ bên này qua bên kia đm cho nó đội quần nó nghỉ làm mẹ luôn dùm tao,1
con đỉ chó xl này nó ở việt nam nó chết me lien,1
đường_xá ách_tắc mở_rộng không sao mà đi làm cái vô_bổ vậy nhỉ ?,0
okey anh,0
vcl bôi cứt mũi,1
ba nay choi da qua bi hoang tuong,2
"đu me giau con tham_lam bi găt la đung rôi , đu me mây luc đâu nghe lơi no chưi hêt ngưoi nay đên ngưoi kia , ham tiên bi lưa gat rôi chưi con ba vang ngoc",2
ôi cái đất nc tôi,1
học_sinh chuyên toán tính_vậy,0
sao trương trình mình không mời cô hà_kiều anh đi ạ,0
lấy c . o . n ghe . u . ỷ đội nốt người lắm q thật,1
"lão già này đã mở được mắt rôi à , năm 2022 quoay đầu về bờ , đúng là đồ dở hết đường đi . võ ông đánh gà không tụt lông .",1
chuỵ ba xạo lồn,2
"ý chúng_nó nói ở đây là nên im_lặng và tìm_hiểu rõ nguyên_nhân , như cư_dân mạng ở miền bắc , miền nam , và ở nước_ngoài chắc phải bay tận về hà_tĩnh tìm_hiểu rồi mới được đăng stt chắc đúng là cái chế_độ này càng ngày_càng thối_nát , cơ_quan báo_chí tuyên_truyền tung_hô toàn cái đéo gì ấy đm chắc không nói gì là ỉm đi vụ formosa luôn đấy",2
danh nguyen thể_chế chính_trị khác hẳn tư_tưởng xã_hội nhé . con cờ hó china liên_quan cmn gì ?,2
"đéo biết thì im , thằng cục_trưởng cục phân kia bảo dư_lượng chất_độc trong nông_sản vượt mức cho phép nhưng ăn vào không sao , độc_giả tức quá nên mới bảo kính thưa thằng cục cứt chất_độc không_thể ăn được , hiểu chửa ? ?",2
nếu thấy cô không livestream 3 ngày là biết cô bị sao rồi đó nha,0
thằng assmin cút wa mĩ sống mày . . thay đồ đi lãnh 3 củ_đây . .,1
diện trần,0
chui chet me con linh công_an loc do luon co 3 oi,2
võ minh hiếu check nhắn_tin ông ơi,0
dep trai quá,0
clm trí xuân,1
nhạt vl,1
con đàn_bà lèo lon,1
"giờ tao chỉ mong bóng_đá đến sớm . để lu ngu no tràn ra đường hít thêm khí chết bớt , mới tỉnh được .",2
âu cũng có_thể_loại bóp zái đồng_đội,0
cười xỉu 😊 vui quá_xá,0
tất_cả vì mấy thằng bụng phệ óc chó mỡ quản_lí luôn thôi .,2
"núi này do ta mở , cây này do ta trồng , nếu muốn đi qua đây , mau đem tiền cống nộp",0
"đcm phat , noi nhu c",1
thôi ông im mẹ cái mồm đi,2
con điên này ghê,2
dũng thành người việt sang mỹ xong bay thật dìa cái trần người thứ 34,2
đm m hồ khang ạ,2
"bọn dư_luận viên hài thật d t me thằng ăn thuế của dân mà sống thì giúp dân là chuyện đương_nhiên và lẽ đương_nhiên chúng_ta vẫn kính_trọng họ , còn người không ăn thuế , nộp thuế lại tự bỏ tiền_túi ra giúp dân thì chúng_nó chửi như chó , chúng_nó chỉ làm xấu đi hình_ảnh người chiến_sĩ của chúng_nó mà thôi",2
ngọc đặng lắt_léo sao lại vào sở_trường của bọn mình mới đau chứ hiuhiu,0
ý_thức không bằng cả huấn râu gì . chán,2
chịu thầy đcm luôn,1
m bị bắt là đáng r thằng quản_trị hãm lz .,2
lại là bạn thôn lầm hả vậy đúng là kỷ_nguyên rùng_mình rồi . nào anh_em cùng hahaha 😁 😂 🤣 nào,2
"tôi không dùng bảo_hiểm , bởi_vì bác_sĩ coi_thường sức_khỏe bệnh_nhân dùng bảo_hiểm ! !",1
m cầm_đầu đi quản_trị,0
ngọc hào la sao ong,0
ây long bùi lông buồi,2
"mịa sao không cởi giày , sắn quần lên đi vô rồi mang giày vô có sao đâu , kiểu_cách cộng_sản ! !",2
cái ll cát không,1
lương anh có 7 8tr thôi,0
thiếu tiền cj hiếu dell trả bớt xạo l đi m,2
"minh anh mai ơ đm bất_công , ông bình_luận cái là sắp có người_yêu luôn à",1
"có một sự tồn_tại của đàn bò mang tên cực_kỳ thuyết_phục , có sở_thích là nhai đi nhai_lại , mục_đích của chúng trên hành_tinh này vẫn chưa có lời_giải_đáp , theo như các nhà động_vật_học cho biết loài bò này có lối sống hoang_dâm trụy lạc , có_thể động_dục bất_cứ lúc_nào , con_số của loài này đang được gia_tăng đáng_kể vâng và hiện_tại đám bò lạc chạy sang tận đây rồi",2
duy_linh đây mới ghê nè 2 cha tây đi quanh,0
trần trung_tín rất lồn kk,1
"may là đô khùng , ăn_nói_tục tiểu không biết cái loại công_an tụng máy là loại không học_thức",2
hau nguyen rảnh loz hả bà nội,2
thương chết mong anh anh sớm cho đất_nước bớt lắm đi một loại phân,1
cho xem đi,0
mat lon linh công_an loc nay choi xuong lam,1
"năm 2022 bác trần dần về việt nam thì hoài linh phải giải_nghệ , trấn thành chuyển hẳn qua làm mc nha anh_em",0
phải chăng đây là lý_do ông này không muốn cách_ly .,0
cực_kỳ thuyết_phục ! 😂,0
tội_nghiệp ông hùng với bà tư nha quá . biết tới cô là clip ông hùng đụ bà tư nha nín thở . .,1
trời_đất nào chiếm tiền của nhà_nước mà thề ! nhưng bị_cáo thì có ! và quan_trọng là tiền của nhân_dân chứ nhà_nước làm đách gì có tiền ! nhà_nước chỉ giỏi phá tiền thôi !,2
nhìn mặt cụ chắc vào đảng của rằm tháng 7,1
sale cc à thầy 😆 😆,2
ghê . . con bú trên bố bú dưới,1
"thương thầy , thầy sela",0
"mv mới của anh rất tuyệt , sẽ mãi ủng_hộ anh anh tùng m tp 🥰",0
khẩu s686 kia để làm gì thế v,0
lúc đi rất buồn lúc về rất khùng ngô_ngọc,0
"thanh_minh cho trần dần , trần dần không bị mắc covid 19 đâu , bác_sĩ chuyên chữa bệnh thần_kinh , kết_luận , trần dần chỉ mắc bệnh tâm_thần thôi , bệnh này hay ăn_nói linh_tinh bừa_bãi , bậy_bạ lắm ,",2
"trẻ_con giờ vẫn quá nói với nhau là thằng xỏ_lá , năm là được 50 vị_chi 10 tháng",0
chỉ biết tự nhắc mình cần phải cố_gắng thật nhiều để tương_lai có_thể lo cho em và gd,0
sang vũ hán mà ở cho đợ ngột_ngạt 😒,2
"t_thề là t rất ghét bọn dân_quân trật_tự . trật_tự thì ít , hạch_sách thì nhiều",0
"thôi m ơi , chết vì corona lại mang_tiếng đất_nước mình",0
gia_bảo vậy chi,0
"những thằng đàn_ông có vợ còn đi thả thính và những con đàn_bà trơ_trẽn thông_dâm với chồng người khác thì rồi cũng không có được cái kết tốt_đẹp đâu . gieo nhân nào ắt gặp quả đấy , sinh con_đẻ cái có khi còn không có lỗ_đít để đi ị í",1
"thế mới thấy ở dưới thôn_xóm đã ăn lai 1.0 rùi , càng lên cao thì càng tăng theo cấp số_nhân_thế_nào đây từ thôn , phường , chi_hội , hội , quận , tỉnh_thành , trung_ương . . ôi_thôi nó thối đến fat tởm thật .",1
trọng lú,1
tên bài hát còn trẻ trâu hơn cả t nhé ! cười vl 😁,2
"cc gì zậy ô già , để cho mấy đứa nó ngủ coi 😳 😳",2
sao câu nao no cung chưi băc ky vây công_an đâu gô cô no lai chư,2
xl abe 😅,0
nói_chuyện zô zăn_hóa là mày coy ckung tao bắn chết đó nhe mày,2
em đợi thầy mang lại tin_vui cho anh_em trong gr em sẽ đợi thầy về,0
cuong phan con này năm sau dự là 200 đô nhé,1
maria ozabe thời còn chơi bê đê,2
một lũ ăn_bám,1
cưỡi xỉu luôn cô ơi . bài hát huyền_thoại của cô 😆 😆,0
giang nguyễn m biết cứt chi mồ v,2
đm lần đầu_tiên bố địt vào mày quản_trị ạ .,2
chào abe,0
địt_mẹ bọn việt tân nhé,2
cứ như mấy ông vl trại tâm_thần nghịch kiến ấy nhỉ,1
tham thì tù cũng đúng thôi . tự trách mình trước khi trách người khác . thp mà thỏa_thuận đền_bù thì sau_này sẽ còn nhiều con ruồi nữa . việc nhẹ dễ làm mà .,0
m nói_láo chứ ai,1
loạn vl,1
nam thành bình_luận của ông kia chỉ mang tính_chất vả vào mồm mấy đứa tự nhục lúc_nào cũng nói nhật là số 1 nhật là is the best từ đó cho ta thấy thì nhật cũng chẳng phải tốt_đẹp lắm,1
phê quá hoá điên 🤣,0
dell còn gì để nói 3,1
nhập v rồi nó đơ luôn là sao v các bro,0
đm may tien cho qa mỹ ma giut no cô minh hiếu 100 may truc triệu,1
nhai_vậy đủ rồi nhạt lắm rồi bác,0
nhảm loz,1
"khanh pham dốt_nát kèm nghe bọn ngu 3 dẻo_mồm tiêm_nhiễm thì ra thành cái loại như này đó bạn . có khi mấy đứa 3 nó tự làm mình nhiễm rồi về việt_nam để lây_lan cho dân_chúng , sau đó nó đăng tin đăng bài nói nhà_nước vô_dụng này_nọ , gây ra bạo_loạn lật",2
"lũ bán_nước thì đang bận bán_nước chớ đâu , hỏi cái lồn !",2
trần thị ngọc anh hơn giống loài tỏ ra thượng_đẳng trong khi chả biết củ lìn gì .,1
thật là xấu_hổ mà có_lẽ bọn nó tính mất người rồi,1
ờ ờ ờ . đội quần thiệt sự 🤣,1
"ukm . không thèm để_ý bạn êy , dù_sao mãi nó cũng chỉ đớp phải giềng xả thui bạn nhể . hê .",0
đạt phạm dcu m đùa dai như tk bố m_thế,1
quản_trị thâm vl ra cười,0
thang quan ngồi cười đằng sau thấy ghét . tổ cha nó .,1
à lại viết sai chính_tả rồi phải bỏ dấu đi chứ 😑 😑 78t,1
vậy_mà hôm_nay người_yêu cũ còn chúc sinh_nhật tôi các ông ạ . 🤣,0
đcm nhìn thằng thẩm_phán nó cười đểu kìa,1
"hãm lồn sao không chịu đem tấm bằng khen nsưt ra khè lại đám cu vẹm kia vậy cà , dù_sao đi nửa tấm bằng khen cũng do đảng và nhà_nước cấp cho mà . còn nếu dám chịu_chơi nữa thì diễn kịch với tựa đề đừng tin những gì cu vẹm nói , mong ra khi về mỹ có_thể xin welfare như lúc ban_đầu khi mới tới mỹ diện h . o",2
cho mình xin số tk mình gửi tiền trước nhé,0
😏,0
viet cong la dang cuop phai lat no ngay,2
"thầy lồn được cái sủa dơ , yêu thầy 3",0
"đây đích_thị là chính_sách ngu dân mà . . bắt_chước các nước tiên_tiến trên thế_giới thì không bắt_chước , muốn đua_đòi theo các nước kém phát_triển",1
con thuỳ tiên không băt luôn nhĩ tiêps tay để giết người,1
đúng là xem mâý clip nây không tha cho nó đ c nhìn cái mõm nó góm quá,2
quản_trị não ngắn vl . . đó chỉ là facebook giả lợi_dụng trường_hợp con bé mỹ linh kia để câu like page luôn thôi . ngu lắm quản_trị ạ ! !,1
tỉnh nào báo_cáo chống tham_nhũng cũng đẹp không riêng gì sóc trăng,0
đất_nước không phải của riêng một thật đảng_phái nào,2
minh hieu ali chui noi bon ngu nguco bang cap,2
đó là lần cuối bé tùng được nhìn thấy con mèo,0
công_nhận chưa thấy cái con đàn_bà nào mà có cái miệng xấu như con linh cá_lóc,2
cô ba vàng_ngọc cây cầu trong háng,2
"cái này zui hơn nè ad , lào cho việt nam 257k usd viện_trợ",0
sự_thật đáng sợ đằng sau bài rap về mixi gaming,0
ông chủ rồi 🤣 🤣,0
rất trò_hề,1
lisa là con phản_động . . . sao bằng cô này,1
sống lố quá_thể 😓 😓,1
gọi trần dần là con tinh_trùng khuyết_tật .,2
"page này khác đ gì vt đâu toàn đăng bừa ẩu bậy . t like page này vì lúc đầu tụi nó nói đúng , càng về sau thì càng lòi cái mặt ra",2
địt_mẹ đánh răng thôi nó cũng chiếm 80,1
"hú_hồn . mấy nay lo ngay_ngáy vì không biết ai sẽ nối_nghiệp nhà tiên_tri để tấu hài cho người trong nước . adida phậc , chúc nhà tiên_tri mạnh_khỏe , amen .",0
bác cu te vl,0
em chửi bỏ_mẹ chúng_nó đi cái nich em chửi trần dần anh nghe xương quá nhất là quả quyền èm sàng hay gữi luôn cảm_ơn nhé xêm buôn cười quá đi,2
tú đã sẵn_sàng,0
thương anh 🤣 🤣,0
"địt_mẹ trọng lắm chiêu , nhìu trò . eo lam được cc gi",2
"bay thử qua khựa hay nga ngố xem biết không , iran nát bét mịa rồi biết với chả không 😂",1
đm quả nhạc 🤣,1
bình thị thanh nguyễn sờ tai quần què gì vậy vv,1
giờ đue nhận_thức mới nhìn ra bản_chất của vịt cọng hành,2
"địt_mẹ , kiểm_tra nội_bộ 😂 . giống như dùng tay sục c c vậy quản_trị nhỉ .",1
nhờ ơn chị nhung cả nước hoang_mang .,1
"xin_lỗi quản_trị chứ nếu quản_trị ở ngoài sáng không thì làm_sao quản_trị biết được trong bóng_tối đó có cái gì ? trừ khi quản_trị đã nằm trong tối hay có người trong tối đó thì quản_trị mới nắm được tình_hình . và khi chỉ cần thí vài con tốt quản_trị sẽ lên cấp_bậc vù vù , lợi cả đôi bên .",2
biết_bao_nhiêu vụ đi bắt người bị quay xong bảo bắt_bớ dân lành ? thì đm bây_giờ công_an nó chờ đủ hết mọi thủ_tục cần_thiết nó mới dám bắt chứ không thì đm cư_dân mạng chửi sml ra à ?,1
nếu lên ti_vi thì các nước trên thế_giới cũng như việt_nam sẽ bày_tỏ sự quan_ngại sâu_sắc chứ gì 3 đây là chiến_lược của ta v,0
"việt nam mượn hình_ảnh của giới nghệ_sĩ trên để dân hq và tg biết nhiều hơn về việt nam đấy , không đơn_thuần và đơn_giản như b . ọ . n k . o n . ã . o kia nghĩ đâu .",1
zấn đề mà tiếc ziên mà tiếc ziên là coi như mà tiếc ziên,0
"dạo này lưu_manh đường_phố nhiều kết . xem_thường pháp_luật cho lắm vào , nhỉ cuộc cũng phải ngoan thôi .",0
chị đẹp_vá,0
yêu cô mh lắm luôn 😙 i love you chu cà_mo,0
"ai cho anh mược cục sạc dự_phòng đi , dây_dợ loằng_ngoằng quá",0
ông thầy này muốn ngủ gầm cầu lắm rồy nè ! !,1
lại tưởng biến_thái thì bỏ_mẹ 3,1
tao lao . nói_chuyện hoan tưởng,1
"t chỉ like ủng_hộ cho nó thôi , chứ bài này nghe chẳng hay gì cả .",0
kiều trinh đâu t chẳng đọc đc 😎 😎,0
con bé vl này nên xuống địa_ngục quá tởm,1
mang_tiếng fan cứng đăng nhưng đéo được duyệt 🙂,1
"co khô i người khô i dn rô i cn . . cư no i đư ng quan_tâm đê n chi nh tri chi nh em gi chi cho mê t , cư lo la m kiê m tiê n nuôi thân nuôi gđ . . ma đâu biê t công sư c la m ra thi pha i chi u thuê phi_vô ly liên_quan đê n ca c di_ch vu vâ n c",0
"không phân_biệt vùng thông_báo bay fir và lãnh lổ vùng_trời . quản_trị đúng là ngu căn_bản , ngu bền_vững nhỉ ? tội_nghiệp",2
quá duyên luôn cô ơi 😍 😍,0
xịn luôn,0
"ra_rả phát_biểu làm như cương_quyết bảo_vệ môi_trường lắm , nhưng tau vẫn cho nhiệt_điện vào nhé tụi bay làm éo gì được đúng là đừng nghe những gì chúng nói",1
co ba vang ngọc noi hay qua cho e cacmobi 100 nha_co,0
. nhìn bát mỳ em sót cho anh quá,0
lục_đục lấy 😂 quá làm hoà tình_dục,1
bò đỏ nó yêu_thương bố tàu còn không hết mà ghét gì chớ,2
giảm_giá siêu_tốc cho tất_cả các anh_chị_em mua hàng hôm_nay 🔥 🔥,0
anh ấy nói đúng rồi chỗ này à ấy ở không được là đúng rồi đề_nghị chuyển mẹ à tiệp vào nhà_xác ở cho nó ấm_cúng 🙂,2
nhìn giống ba nó cực_kì . . mà đẹp_trai hơn ba nó,0
biết vậy bắn chết ông này trước cho ông hỏi tiên chi để khỏi có corona 👾,2
phạm văn đại đjs v,1
tao đoán là luôn bọn ngoài bắc,2
nhìn anh như quá con cu ấy,1
chị ba xạo l,1
"người_ta thật tan cơm mà vẫn cướp , để hai người đấy đi ăn tật tù 🎉 🎉",0
ngủ đi,0
tối nay nhà em sáng nhất đêm,0
ngu thì nhận đi abe,1
đinh huyền trang ido của tôi . hahaa,0
chị ơi chi có đôi mắt phúc_hậu lắm,0
794299314,0
e trsi làm cái cằm nhọn quá,0
thầy địt_mẹ giả_tạo vl,2
thầy lồn,1
kênh như con c,1
qua đông lào du_lịch mà làm kiểu này nó đấm cho vỡ mồm,2
một phần do người dân lran kêu_gọi nhờ đến mỹ tiêu_diệt chế_độ giáo_chủ độc_tài độc_tôn đàn_áp nhân_dân ?,0
công_nhận dạo này làm_luật và nói_chuyện lòng_vòng chả đi vô vấn_đề chính làm người dân nháo_nhào mấy bửa nay . túm gọn lại cứ ra luật và viết rõ mục dưới 950kg là như xe_con . là xong .,0
ghế chủ_tịch hà_nội thật bất_ổn từ lúc khơi thông nắn dòng sông tô lịch . .,0
hợp_lý 😆,0
hôm_nay tiểu thật sẽ sống_chết với concac abe,1
mot nha nuoc khon_nan,2
ông cho tôi chém ông ba nhắc có chết nay không ba ve nói_chuyện buồn dụ o_nhe,2
"đấy , cái địt_mẹ cái bọn thành_phố cứ đòi bình_đẳng chuyện cộng điểm đi , sao chúng_mày không về đây sống thử đi hộ tao cái",2
xe chở súc_vật mong người dân hãy tránh xa đề_phòng súc_vật phóng_uế lung_tung làm mất vệ_sinh .,2
chi3 oi cho con xin lam oxin cho c3 nhe . cung c3 va ah .,0
"mỏ vô cái vả loz mày bây_giờ , vl thứ học_sinh trời_đánh",1
cà_khịa anh sơn mà,0
nhắn thêm chữ địt chị mày nữa chất vlon à êii,1
gâu . .,0
khánh con sao không lấy số người chết của ý ra nhỉ . ý cũng là châu âu đó . hi_sinh người chết vừa làm tăng miễn_dịch cộng_đồng vừa cho đỡ chật đất . cách làm của tây hay thật ta ơi 😌,1
từ rẻ_tiền này mà vl nhà_nước muốn đập thì chúng_nó chết bọn vài năm trước rồi,1
"n17 khai gian_dối , lây_lan cho người_nhà , hại bao_nhiêu người việt_nam bị cách_ly nên bị mọi người chửi là đúng .",2
tại ngựa loz nhột chứ ai làm lozz j má mà sủa,2
chị gặp con linh lóc chi đánh cho nó te_tua ra nhé,2
bú cu không thầy,1
kiếm bạn nữ hợp_tác mà chưa thấy mụ nào xuất_hiện 🙂,0
mấy đứa chê bánh_mì xanh_cỏ r,2
sấy auto mù mắt người xem v anh đi cứu_thương với bê đồ thì được,0
nói_chuyện đáng yêu kinh_khủng lun 😍,0
nana nguyễn cánh hoa đây nha,0
nhìn quả đầu của cháu tùng em lại nghĩ đến đấng dì giây chip 🤣,1
"mày mới gọi là nhảm đó , đồ chó vl đẽ",1
mua quần luôn đi,0
cho em lên fan kứng với,0
"dân_chủ ở đâu vl vậy các bạn , à tên của nó là bảo_hiểm bắt_buộc mà !",2
lấy nước dội vào màn_hình đi con,0
đệt 2 năm r đã bốc_mộ r,0
lu 🐕 ban nuoc vl .,2
panda xem đã lắm thái,1
tôi chả thấy cờ của nhân_dân việt nam ở đâu cả,0
diệu linh anh có nên làm quả đầu mới chơi trung_thu không tar,0
thảo chăm tôn hẳng con cu tí_hon của anh tịp,1
có con đu càng nào không nhỉ ? ?,1
cho em hỏi ceo là gì thế ạ 33,0
vler . cái bọn này mà . không làm cái này thì tụi nó cũng kiếm_ăn bằng cái khác thôi .,1
cái con này sao xe bắt bắt không chó nó giùm cái,1
"bao gioè thu lại tiền cho nhà_nước nếu đầu tư32 tỷ đô , dân có tiền để đi xem_ngày hội không , đường_xá thù chật_hẹp bệnh_viện đắt_đỏ thiếu giường lằm .",0
"trông như thằng điên , hãm",2
tưởng xuân hiển vcl ba chó vv,2
chốn thiên_đường toà_án cũng trở_thành nơi diễn hài ! chẳng có tiền nào_là của nhà_nước cả ! tiền là do dân đóng_góp . . nhà_nước chỉ phá thôi ! nhoé,2
đéo thấy thằng nào bị tử_hình . . vì các nghìn_tỷ được bỏ_túi đều . . bọn này ăn nghìn quá tỷ chỗ này . . bọn kia ăn nghìn tỷ chỗ khác . . 1 thằng chết là chết cả lũ,2
me ma_y . đang ho p đâ y bo n ngu,2
từ cách nhìn của 1 người dân bình_thường thôi bạn . đúng và hay thì phải khen và ủng_hộ thôi . đâu phải 3 cái bọn rận chủ rẻ_tiền kiểu nào cũng nói được,1
"kiêu con bò đỏ này ra cùng đồng_bọn bò đỏ con rp cái app airvisual là hn hết ô_nhiễm ngay mà , lo gì 😆",2
"4 24 lốc_cốc keng , chè đậu_đen",0
min cc,2
"cha truyền con nối mãi_mãi khác gì vua vl chúa phong_kiến thời xưa , xhcn là phong_kiến_tập_quyền",2
"ông tô lâm dựa hơi ông trump để dễ đàn_áp người dân trong nước mà thôi , chứ tô lâm tài_cán gì .",2
b . ò đ . ỏ kiểu này chỉ biết s . ủ . a,2
được vl thầy ơi,0
"xàm ghê , có miến ziên nào chết liền , tự_nhiên so_sánh với lisa",1
cc . đm to lam,2
cả cái bộ_máy chính_quyền của hà nội_biến đâu rồi mà thủ_tướng gọi không có ai vô_cảm vô trách_nhiệm đến thế_là cùng,0
lâm_ly rồi cũng sẽ dẫn đến bi_đát thôi .,2
cái gì chứ láo cá và lưu_manh là vl rành rẻ hơn ai hết !,2
thằng này nguồn_gốc là công_an cộng_sản thì bản_chất đểu_cáng trơ_trẽn là đúng rồi .,2
tinh tru ng khuyê t tâ t,2
anh_em hay đi_đôi giày này và sút tung mỏ bọn nó trước khi đi nghĩa_vụ nhé,0
mấy ông chắc biết phải giúp tôi như thế_nào rồi mà ! !,0
học_sinh chuyên toán xuất_sắc,0
anh đô_la nhâ t,0
"thằng quản_trị phản_động chỉ giỏi xuyên_tạc đường nối chính_sách của đãng và nhà lước , bôi_nhọ các anh_hùng nực nượng vũ_trang nhân_dân . hết đặt mìn xe_đò thì đặt mìn bưu_điện , ném lựu_đạn vào chợ vào rạp hát , pháo_kích vào nhà dân vào trường_học không phải là khủng_bố khủng mẹ gì hết , phải gọi là đi nàm kách mệnh mới đúng .",2
lúc còn thời thì chửi người_ta . hết thời rồi ra cái_vẻ tiếc . vớ_vẩn vl,1
đậu_xanh rau_má thằng dư_luận viên nào vào đỡ dùm cái chủ_đề này mà v ? giải_thích sao định_hướng xhcn cái lỗ nhiều vl vậy ?,2
huyền khánh phùng chị đã nói đúng lại còn nói to 😅 😅,0
huế đêm trung_thu em xách lồn đi chơi v,1
mấy thằng chó sủa bậy sướng được anh độ cho đi đóng phim,1
êh . . thằng đó nó dịu_dàng vậy nó phẫu_thuật xong tôi bede cái chuyển_tiếp thành moi đợt nữa hay gì,1
"tin_vui , đang công san việt nam bi nhiêm virus corona chêt gân hêt rôi hahaha 😂 😅 😃 😆 👍 👍 👏 👏",2
không bỏ sót bài nào,0
ạc đó dính ạc lq vip rất lồn ra,1
anh_em miên bac đâu hết rồi,0
"lạc_hậu , nghèo_đói , trộm cươp . . thời_đại rực cmn rỡ",1
nhìn có vẻ mắt iphone nhưg thật_ra là mắt mixi 🤣,0
th không mấy im mồm đi xàm,1
hợp thì mình cưới thôi anh,0
iq người tau,0
cười nhiều vào nhé anh_em,0
sai cái đmm phải khoá mõm mày lại,1
quản_trị càng ngày thấy càng ngu thì fải,1
lại chuẩn_bị trốn mấy bữa,0
"vài năm nữa kỳ anh là huyện ung_thư , hà_tĩnh là tỉnh ung_thư của việt nam 3",2
add ngu rất nồi,2
trả lại để ông khác còn ăn chứ chia_sẻ cho nhau là hp mà,1
page của mày h xàm loz quá . . riết toàn ngta zô chửi cha mắng mẹ mày không vậy quản_trị,1
cũng hợp_lí,0
chúng_ta đã thắng trong việc bịt miệng dân,2
đm chuẩn_bị đi học tiếng tàu thôi là vừa,1
đảng cộng chó,2
gucci trend,0
"cr7 . . 2022 không phải wc sao lại không tính , mấy lần lọt đội_hình phế nhất wc đâu , số bàn vòng 1 8 bằng 0",1
tránh xa nó ra anh_em,2
nhìn giông cẩm ly mọi người nhỉ,0
trái_đất lúc này .,0
khoa giải_trí tuyệt_vời à lân ơi . ông nói diển thuyết hài_hước nực_cười dẫu_sao vẩn có năng_khiếu,0
chinh ủn chắc ai đó sẽ cần 🤣 🤣,0
ôi đm 😂,1
"cũng đúng vì giáo_trình của việt nam mức_độ khó hơn nước_ngoài nhưng tiếc là khi làm thực_tế thì chẳng được bao nhiu . 12 năm đèn sách , 5 năm đại_học ra trường không có tiền không có quan_hệ thì cũng thất_nghiệp .",1
hải_yến đéo care bình_luận ăn lốn màu à con điên,1
ăn_cướp trắng_trợn,1
địt_mẹ 😁 bình_luận lịch_sự chút đi . . chúng_mày 😁,1
giống abe vailon,1
cảnh_sát giao_thông đang đè dân cướp tiền cho tô lâm đó,2
chuẩn . có nhiều người giỏi cào lồn ăn_vạ lắm,1
thằng quản_trị lại sủa .,2
độk tài tự tay bóp d . á . i,2
vâ y nên bâ u thă ng cho quản_trị na y la m đê . no gio i lă m,1
ủa nhớ hổm khóc_lóc năn_nỉ xin_lỗi zữ lắm mà sao giờ trở_mặt nhanh_vậy .,0
em nghĩ mình có con mắt sau gáy anh ạ,0
đấy bảo là lương à tôi có 7 8 củ một tháng các ông không tin . ! còn cái bữa hôm nọ là tiền à tôi dành_dụng làm_việc nhà được chị trang tip cho thôi hyhy,0
củng là hoa chắc,0
mikaela hyakuya chủ_tịch cái vẹo gì tầm này . . đinh_la thăng còn hẹo . . dăm_ba thằng chủ_tịch ghẻ,1
người không có đạo_đức,1
toàn mấy con sồn_sồn . đầu không có_học cùng tần sóng như nhau,1
diện trần khó thương nhiều vào để đất_nước nó lớn_mạnh trở_lại rồi lại đi cướp nước ngủ còn sủa,2
có sổ hộ nghèo nên được miễn_giảm lỗi chính_tả nhé !,1
trần vỹ mày có đi học phải biết phân_biệt chứ là đạo lắm nhái đáng khinh đâu,1
mất_mặt người miền tây . . miệng thì chửi bắc kỳ . nhưng cai miệng thì chữa tục tiểu ha . linh cá lo c . đừng có về việt nam nữa ha . .,2
"không não , cờ có của việt nam có từ năm 1932 , tầu đến năm 1949 mới có",0
trần ngọc dũng người bắc thì nói bắc . . có cc gì mà phải nhột ?,2
ở zit nam có một công_nghệ nuôi b . ò mà b . ò này rất hung nhờ nghe nhạc hào_hùng ji ấy .,1
"đọc báo trung quốc còn ác hơn , ảo ma như phim ấn_độ",1
đất này phát con_cháu mười đời cổ cầy vai bừa kéo thật cầy trả nợ,1
địt_mẹ mất cái xe thì chúng_tôi đang điều_tra và giải_quyết . bán hàng rong thì giải_quyết ngay lập_tức không được để vấn_nạn này xảy ra . nực_cười vl,2
nỗi buồn của người mua giải 🤣,0
cij ơi chị đẹp quá ? chị nói_chuyện hay quá em ủng_hộ chị,0
dm . . assmin . . mặt thộn . . sao mài thích bới cứt tìm giun thế thằng mặt thộn . . hơ hơ hơ . .,2
"lê khánh an đúng á . trăm người trăm ý , biết làm_sao cho vừa_lòng thiên_hạ",0
vaychoconsin1tynhaco,0
nguyen tuan biến con_mẹ mày,1
hà_hoàng,0
chửi cũng nể_nang chứ . đcm tao báo_công_an bắt chết cụ mày . phạt mày 5 tr bây_giờ . 😂 😂,1
anh_em ysl nhắn_tin e tư_vấn nhé 💪 🏼 💪 🏼,0
chửi hay lắm quản_trị,0
sợ 🥲 lun vl,0
sao không trả_lời biết hay không thì chúng_nó vẫn chọn ăn phân là vinh_hạnh đó,1
chuyện tình ngày_xưa à độ đi tán gái tán phải cô tên trang,0
con_mẹ mày . nhạ ơi . nhòm vào bữa cơm 25k của các cháu trường tiểu_học hạp lĩnh . tp bắc ninh xem mày có đớp được không,1
dảng cộng_sản việt nam muôn_năm nghìn đời bất_diệt,0
"nguyễn thị thủy_tiên giờ mới thấy có người tỉnh_táo . công_ty gì mà có dịch cũng bắt đi làm không cho nv nghỉ gì hết , buồn hết_sức",0
chó đôi_khi nó còn hiểu chuyện hơn cái lũ này ! thật !,1
thôn . . làm ! cán_bộ thôn . . làm !,1
"sao quan_chức cao cắp csnào , khi vi_phạm pl cũng đều trả_lời có vẻ ngây_ngô , khờ_khạo . chẳng_lẽ qui_trình chọn_lọc cán_bộ cấp chiến_lược là vậy sao ? ! . nhìn hành_vi các qc phạm_pháp thì biết nước_nhà do các vĩ lãnh_đạo sẽ đi về đâu . đúng là các vị coi dân như những con lừa , mưốn làm gì củng được . thế_mà vẵn quang_vinh vĩ_đại !",2
thiên_tai hạn_hán cũng đổ lỗi cho chính_phủ . vậy có_lẽ tao cũng_nên coi mày là thất_bại của việc bố_mẹ mày làm_tình phải không thằng quản_trị óc chó chó ?,2
mé cay nhất thanh_niên nào đi ẻ bậy . . xong cả tiểu_đội cầm thìa cafe đi xúc ứt bằng hết rồi đào hố xong chôn,0
"xuất cai l , đm quần_áo việt nam toàn nhập_siêu từ trung quốc hết 70 chứ xuất xuất clm chúng_mày",2
ủa la sao trơi,0
đụ me ngu còn ghi xàm . nó lấp đất đầy cái đồng tháp mười chứ làm_thinh cái c .,2
lê thuần triệu official bóng bẩn_thỉu này bán đồ giả nhe bạn nó khịa minh hiếu nên fan tag minh hiếu vào nhé,2
cho vào tù cách_ly mẹ đi,1
con nhà_cộng nô có khác . dân có mù có điếc cũng biết cái quân cộng_sản nhà nó là lũ bán_nước hại dân . thấy mc phan anh được nhìu người mến_mộ thì nó đi cắn người tốt,2
có sợ cô vy không gai oi,0
thế_mà hắn bảo ninh gọi đây là nội_chiến không có bên nào thắng . hắn ta đúng là một kẻ hèn_hạ đê_tiện và ác_độc ! !,1
toàn là xạo lôz sủa không lại đi block nhau còn bày_đặt tự_do với chả ngôn_lù ngôn_luận,1
trời ơi miệng dì mà như cá_lóc chùi đít vậy oe,2
gil lại đi cà_khịa rồii 😂,0
địt_mẹ vô cách_ly chứ có phải sống trong lâu đài đâu muốn được sung_sướng . . ngta còn phải phục_vụ cơm cho ăn tận miệng còn cà_chớn . . muốn m sống mới cách_ly chứ muốn m chết đã kệ mẹ rồi m luôn,1
xin_lỗi nhưng mà bạn nói_chuyện thiếu i ốt vcl ra bạn đỗ huy ạ .,2
lê thương,0
con bóng đu y ăn cư_t,2
thanh_lý sim số đẹp giao_dịch toàn_quốc,0
chi phi_cong trinh bj bon no cat xen chia chat với nhau het roi . tien lam cong trinh rat thap lam sao co chat luong .,2
nam nam nhắn_tin kín,0
nguyễn thanh xin video bạn ưii,0
ok đẹp_trai v,0
không_lẽ à tạo trend trình thoại,0
dương dương mất nhận_thức hả,0
nói chứ thấy bà này nói_chuyện cứ sao sao như con khùng,1
nào chưa có vợ thì sao dỗi vl,1
vài năm nữa đi phép chúng_nó cũng bắt xin ỉa,1
hai quá chi em ba nay mat dai an noi tuc tiu roi lon an noi mat dai hai chi em may no khoe,1
thích gu này cơ,0
thang quan ngồi cười đằng sau thấy ghét . tổ cha nó .,1
chắc sang diễn chò . . cho người_ta . . xem,1
phạm thu trang nguyễn minh phượng hay_là trang lòn nhỉ 🙂,1
toàn lắm câu thề như 2 lảo trước chạy_ăn cũng luôn,0
phong_cách gây_sự chú_ý,0
bà nội m,1
dị cũng được nữa hả,0
nhậu cái đm chúng_mày lũ chó hại dân hại nước,2
thế_mà hắn bảo ninh gọi đây là nội_chiến không có bên nào thắng . hắn ta đúng quá là một kẻ hèn_hạ đê_tiện và ác_độc ! !,1
câu like câu view,0
train với skt hay gam gì đi thầy,0
đm biết ngay được mấy anh_em nhật_ký yêu nước tôn_vinh làm idol mà,1
chi gap lih công_an loc chi dap cho no mot tran,0
đẹp lắm,0
na n vl ca i chê đô . .,1
lan trinh nha bạn,0
cẩm_nhung ủa bắt trend đi chứ,0
phương minn nhìu đứa nó lạ loz vậy á . . dở thì người_ta chê . . thật_sự đéo thể_nào nge nổi nhạc jack . . tụi mày cứ khen nó hoài nó chả thể_nào tốt lên được đâu,2
chậm thôi các à,0
lỗi là do kinh_tế có tiền đi đâu ở cũng được,0
như quỳnh hải_sản nè em,0
dù thế_nào mình vẫn thíc bài này hơn,0
chị lúc em thấy chị dẹp lắm đó nha,0
du ma_may,2
"cộng_sản hô_hào , thậm_chí còn khủng_khiếp hơn để tiến lên thiên_đường , giờ tiến mãi mà chưa lên đến . rất ủng_hộ tinh_thần của quý_vị , quý_vị đã đạt được 60 sự thành_công , 40 cần phải thể_hiện . đôi_khi hô to chưa chắc đã khỏe .",2
tụt hứng kk,0
kris nai đéo mẹ,2
l . o . a . i p . h . a . n d . o . n . g n . a . y n . e . n c . u . t,2
lúc trước em thik chị nhưng giờ . . em vẫn thik cj .,0
mấy chú như thế thường có cái mỏ giống nhau nhỉ,0
đấu_khẩu chim_lợn 👍,1
e cũng chúc anh_chị với bé tùng có một tuần mới thật là vui_vẻ,0
v ai đó giải_thích cho em cái gì ló ra đằng sau kia,0
quan_trọng là ổng giàu ổng mặc cc gì cũng đúng 🙂,1
địt_mẹ cộng_sản,2
"xa hay gần không qtrong , qtrong là mình yêu nhau",0
ông co noi gi đi nua thi ông cung không được chết trên đất_nước việt nam đâu phẩn đô ng,2
đặc_sản 😂,0
"nói thì hay , n lúc thực_hiện thì chán rất lồng .",1
cái gì độc_quyền cũng đều không tốt cho dân .,0
"lolz mắc cười , toàn 1 lủ ở vùng_xa vùng xôi ở . . nói_chung là chỉ biết và thờ cái ba đình , đéo làm được gì thì ngậm cái mổm ăn c . . c lại , không nói , không ai nói miệng thối đâu mấy con chó dư_luận viên ạh",2
"già rồi bà_già . bớt cái mồn lại tính_chuyện đất_đai nằm ở đâu và đi về đâu đi bà_già . trẻ trâu làm gì nó làm , mình già quất cần_cẩu rồi mà tào_lao .",1
à lúc_nào chả xạo lon 🤣 🤣,2
một khía_cạnh khác,0
còn hằng du_mục nếu điều_tra từ lúc bán táo độc mì tôm độc đồng_hồ giả rồi nhiều cái nữa,1
ăn_mặc riết không ra_gì,1
hoàng ngọc hòa sũa cc,2
beo lắm lam gi chang đớp nhu lợn,1
"việt tân cái cc , nó là cái đéo gì , mày cũng biết đéo gì mà sủa nhăng sủa cuội nói tao làm cho nó",2
donald trump cũng có 1 pháp_sư người tàu làm cho him,1
"người_ta bận họp kìa trời_ơi , phải họp thì mới hết lũ được",1
chắc quay clip 18 được rồi,1
chỉ là lại từ_bỏ tiền ra cho cày view thôi chứ hay cc j đâu,1
hay quá cô yêu,0
qua quá_trình đào_tạo nghiệp_vụ cia . giờ về vào cộng_đồng gây chia_rẽ để phá_hoại,1
tác_hại của ma_túy đá ? ?,0
đấy là sự khác_biệt giữa dân_thường và đầy tôi v,0
bạn này có não không ? ?,1
sói à chuẩn_bị ra_rìa 😂,0
"i am searching for beautiful girl in the comment section , so that i can reply her and send friend request later , in hope that she will become mother of my children , who are waiting for her at home .",0
tien tri cau tieu,1
tư c nhiên ma_y xa o qua,1
nhìn chị sang ghê 💐 💞 💞 😍,0
kay vl à ạ,0
lúc chỉ tay nên không thấy có lỗi lắm loại này không sao tha_thứ,1
phim hài abe 🙂,0
xét_nghiệm xong các anh công_an said,0
"dân_chủ ở đâu vậy các bạn , à tên của nó là bảo_hiểm bắt_buộc mà !",2
"ông_già tham rất lồn . . tay một cái , mồm một cái",1
con đỷ mẹ mày con chó,2
"khủng_khiếp quá trời , có đàn_bà này loại một không hai trên thế_giới 🙈 lắm",1
"hot_girl ống tinh đi , nghe vui_tai hơn",2
cđmm nhung,1
sống hơi bị vội,0
giống lão gà mên teong là xì trum luôn vl,1
anh lân ơi còn ông ngô kỷ thì sao anh,0
giáo_án về one champ lee bú đá và rụng mất xác,1
trẻ trâu đóng film hài hả 🙂,1
cái đm idol của e mà à mang ra cợt_nhả vậy à e thấy 2 thằng này mới giôbgs nhau nè,1
ta nói ông nào cũng có vấn_đề hết . khòm lưng cuối đầu ngoan_ngoãn thì an_toàn,0
hi_vọng buổi tập_huấn diễn ra thành_công mặc_dù có sự xuất_hiện của thầy !,0
nghèo bày dạt nỏ . bién di_me oi,1
kinh khung,0
bọn cấp cao nó bắt đi chứ có muốn đi đâu sợ bỏ_mẹ ra,2
cái mỏ y_như mỏ của susan 0175,0
đồ dỡ hơi,2
còn đó bị bệnh ngu,1
"bọn tao quen gọi mày , tao , thằng . . đó là ngôn_từ thân_mật trong đời_sống hàng ngày . học tiếng việt lại đi rồi làm content",0
chị 3 nói_chuyện hay lắm,0
trước khi làm gì cũng_nên lắp não vào rồi làm gì thì làm chứ . để não thành hoá_thạch à,1
sẵn đây e nói lun . hôm bữa e có nhặt được cộng lông ở nhà_nghỉ ac nào đánh_rơi thì tìm e e cho xin lại 😁,1
kèo thơm_lừng,0
"những thằng đàn_ông có vợ còn đi thả thính và những con đàn_bà trơ_trẽn thông_dâm với chồng người khác thì rồi cũng không có được cái kết tốt_đẹp đâu . gieo nhân nào ắt gặp quả đấy , sinh con_đẻ cái có khi còn không có lỗ_đít để đi ị í",2
"mấy thằng choai_choai háo thắng vô công rỗi nghề chạy d phá_phách rồi gây_sự , ngang_ngược giải chúng lên công_an là xong , yên_thân không muốn",0
bình aguero trần .,0
"kỷ_nguyên vươn vòi , 1 năm mà bị lan vòi3 lần , từ tân tây tóm tới chí lợi giờ qua nam hàn . , còn cái nào chưa được tố nữa . . cộng_sản đúng là sinh_lí thì nhìu mà sinh trùng lắm thì ít .",2
"official r minh hiếu làm gì mà chửi hả con thiểu_năng , có não không biết suy_nghĩ ak , chưa chắc gì mấy đứa ghép hình nó với mh là fan của mh",2
có bác đam là yên_tâm quá .,0
"kimthy lê dáng quần sang_trọng , lich lãm , làm tăng sự chú_ý của cô ý vào con cu của bạn",1
trung như con c . h . ó,1
dân được bàu lđ . được biết_đâu . toàn mật mật,2
cho đi học múa bale luôn,0
"ngụy . . là khi chúng_mày đói rét , không nơi nương_tựa . chúng_mày núp dưới đáy quần của bà cát hanh long , hả miệng chó ra nhận từng chén cơm của bà ta . khi chúng_mày nắm được quyền_lực thì đem người_ta ra bắn . chúng_mày thua loài súc_sinh !",2
lu này già mà ngu nh u_ch o,1
m lắm tính chơi bê đê à,1
nhiệt quần què ms đầu_vào cảm_rảm như chó h khen cc,2
chôn nó sống thật đi,1
mà nhập code này là được 2 huy_hiệu luôn à ? ?,0
"em nó vào tù chỉ vì ngu mà chết . chúng_nó ở mẽo nhận được gói tiền to to , ném tiền về với gói nhỏ nhỏ , đến lúc em này được nhận chỉ là 200k và tù . ngu chưa con",1
vay cho con_cháu du_học xây nhà mà v,1
lại bảo đéo đáng yêu đi,0
"kakaka , khùng khùng quá_sức .",1
"em lại va cơm men chi làm nhiều video nữa nha , mà nhớ cho e xem nha_chị",0
"cái thằng tung cựa . . nó lại đi trước chúng_ta à ! đã duyệt bao_nhiêu cái tượng_đài , tốn bao_nhiêu tiền tỷ rồi mà . . không có cái nào to nhất để đập là sao hả . . các đồng_chí ! về viết kiểm_điểm hết cho tôi . .",1
con nay hun du lam nhin cai mo no không vua kia thay cho chuoi thach thuc người_ta kia 😲 🤦 😡,1
tao thấy bên 200kg ngon hơn mà,0
yêu thầy thầy ba tốc_độ,0
người dan ba dai loan dau co hoi han gi . vua dut nghiep phan to quoc . xong lai_di_khau chien tren mang xa hoi . tinh nao tat nay . dung rac cua xa hoi . nhin cai mo chui cua co ta nhu cai dit vit . qua ghe tom người dan ba dai loan . dung nen lay quoc tich việt nam nua .,1
xin thầy xin các bạn cùng lớp giúp mình với 😥 😥,0
hàng fake bạn,0
quản_trị ngu như 1 con chó . . xh nước nào mà không có cướp_giật . . chẳng_qua là kéo_giảm chứ làm cc j hết tuyệt_đối . . mày ăn cức nên não mày không phát_triển hả ad ! !,2
mà ở đó họ còn xây_dựng trên sa_mạc,0
tran kk,0
lợi cái đầu buồi j hả,1
"nguyên_nhân chỉnh_sửa chữ bố_láo gây nhầm lần hiểu nhầm , số thứ_tự gây xáo_trộn mất thời_gian vào những việc vô_ích , còn gọi ruồi bu , suy ra độc_tài là những kẻ ăn_cắp thời_gian láo nếu nhất gốc vẫn là cái búa liềm ám dân_tộc , triệu_hồi hitler sống dậy . . 😅",2
"mấy con muloz seeding 5 thằng bất_chấp topic này đ gọi tên luôn hài vcut , mò được thằng nào hát được , rap được và quan_trọng là sáng_tác được ra coi . may_ra có cái dance của cậu y là gánh nổi thôi 😂 😂",1
con_mẹ nó,1
bị của cụ t đã lò đập bỏ .,1
quả_báo tới liền thôi hà,0
như 1 con khùng,1
dân chống nhưng quan_chức không chống,1
dũng thằng xàm cười,2
đừng so_sánh 2 thầy ngu,2
cà_khịa vl,1
thuy thu la m nên order chiếc này cho người_yêu m nè,0
tại thằng quản_trị làm đỉ quen rồi nên nó xem đó là việc làm cao_cả í mà,1
dã_man quá,0
nhin chị đẹp quá à yêu chị rồi,0
trần phương thanh chứ dì đm tuần mua cỡ hai ba món kk,0
anh tôi nói clg cũng hợp_lí và thấm,0
"đừng nghe cộng_sản nói , hãy nhìn cộng_sản làm muôn_đời vẫn không sai !",2
mới lên_tiếng là bị côn an đánh xịt máu mỏ rồi . chỉ chờ nợ ngập mặt hết tiền trả lương cho côn an . lúc đó mới hy_vọng . ráng chờ 5 năm nữa thôi .,2
lý thành_công 4 tuần rồii,0
cô hát hay nhỉ 💝,0
đm quản_trị ngu vcl chăcs cậu đang tưởng mình hay với nguy_hiểm thật lắm đấy,1
"1k năm đô_hộ giặc ta u_ma . . lai ta u va ti nh ti nh phong tu c vv . . no i chung la 8,10 so với trung_quốc",0
lịch_sử tăm_tối của châu âu được tái_hiện lại burn the witch ! 😆,1
ông im mẹ mồm đi,1
thế mới là thiên_đường 😂,0
đm cuộc_đời nên có 1 độ thôi mệt vl rồi 🤣 . 8 ông như ông độ nghĩ đm việt nam n loạn vl . .,1
chết cho bớt chặt đất . ăn_học mà nói ngu như con bò . mà nghỉ tội cho con bò,2
xài hủ sáp kelvin murphy khá tốt nhá mấy anh mà không bóng lồng_lộn thôi,0
bị tam than_my co giam dinh than kinh ong nay chua ?,2
trường giang nói mới tỉnh ra bạn à . chứ đâu ai ác như chị nhung bạn nói chết bh mới là mấy người xung_quanh kìa haha .,2
duy anh pham địt_mẹ,2
9x5 vẫn bằng 35 3,0
bạn chả có máu_hóa văn loz j cã,2
đcm bình_luận tục vkl 😂 😂 .,1
"dang gi thi dang , dem lai dôclâp thôngnhât dâtnuoc , co ngày hôm_nay là môt suc manh duy nhât co môt không hai cua thuong dê ban cho , rât qui bau con qui hon hêt tât công_an kim cuong , vàng bac .",0
đm gội làm lồ . n gì !,2
"tuổi 17 bẻ gãy sừng trâu , lên 18 thì càng lên level . đề_nghị các bạn đái nhẹ , ị khẽ , địt duyên ! khéo lại bể tường . . 😓 😓",2
thật k h ố gặp n ạ n . . mua_bán cực_khổ rồi còn n bọn cướp . . nhìn mà au lòng,1
ăn_trộm ăn_cắp cũng vừa phải thôi chứ 😠 😠,0
9 năm nư a trâ n dân đa chê t mâ t rô i,2
mặt quần biết khùng,1
"buồn thực_sự , mãi không được làm fan cứng 😞",0
tuyển để e dí l vào mạt ngkhac à,2
chị ba vàng là chị chó phèn à cười thật,1
chém bớt đi cho xã_hội phát_triển . tốn tiền của nhà nc !,2
uyên thu tag chị mình vào này,0
mồ tổ cha mày chứ không tưởng_nhớ . mày không biết xem tin_tức à,2
thấy racking boy chưa tộc_trưởng,0
chó cắn lũ nhà nc việt_nam,2
xưa có thái thú tô định nay có thái thú tô lâm .,2
chúng_nó t . h . ố . i n . á . t mấy chục năm rồi chứ không phải là bây_giờ . .,2
mấy lão rồi vừa bị phạt già giờ lại đến mấy mẹ,1
bú bình như tao có phải tốt hơn ko !,0
sao anh đếch ở nước_ngoài luôn đi về đây làm gì để bị đối_xử như thế . câm mẹ mồm ông vào . có tí tiền lo mà bổ_túc lại cái não đi,2
giá đã niêm_yết . ngu mua đắc_chí để thằng quản_trị sủa . tuy_nhiên cũng phải chấn_chỉnh cho nề_nếp,1
bên mỹ thiếu bệnh_viện thần_kinh ?,1
studio mới luôn rồi,0
"tôi còn quá nhiều thứ để phải lo_nghĩ , nhưng lại muốn chăm_sóc em . .",0
no đâu co sa i go n,0
dui cùng bò giây_phút bóp quá dú bóp lồnn taoo nss mà cừ em .,2
thả này ! !,0
idol nó phải như thế 3,0
bo tay . com,1
moi nhin minh hieu giong công_an si cam ly lam luon,0
mọi người cho em hỏi hôm 15 1 em không điểm_danh ngày_mai em vào điểm_danh bù lại có được không vậy mọi người ?,0
có mỗi con này ở mí viết nquu nnay thoi,1
stupid cực mạnh,1
không noi nhieu 🙂,0
điện_thoại chụp đẹp cực_kì,0
nieu mấy bà này sống thật thì phải có đạo_đức ! mấy bà này không có đạo_đức nói_chuyện nghề không có lót lỗ tai cái đồ quốc_gia chế_độ cũ bị lật_đổ,2
ông trần dần không tiên_tri nổi cho ô năm 75 luôn phải bỏ chạy nên ô mới mua nhà năm 72,1
thầy câm mẹ mồm đi không em đấm cho bây_giờ,2
dư_luận viên bữa_nay hoạt_động về mặt kinh_tế nữa à . hay đi nhầm bài ?,2
như cc luôn ấy v bài này view không cao đâu,1
ngoại_hạng anh toang lun,0
29 59 00,0
toàn dân_công_giáo,0
nghe kì kì sao á . con_trai với mẹ mà liệu mấy cái lời nghe 😋 😋 😡,0
"bao_giờ người tây nhổ hết , nước nam cỏ thì mới hết người nam đánh tây anh_hùng dân_tộc nguyễn trung_trực",0
nội_địa nó lột cái quần xì làm đéo j,1
"chắc ông thầy phong_thuỷ nào phán vào báo_công rất là xui , lần sau khỏi thắng luôn . . nên tin là cái chắc ?",0
lại được phát_triển tắm sông du_lịch,0
"cái lồn j thằng quản_trị cx nói đc , bới bèo ra bọ móc_máy nọ kia vớ_vẩn , không có giấy_phép chả thế_thì lsao",1
ong xao lon qua di_ong oi .,1
"ngủ_gật thì điều_chuyển sang vị_trí khác thôi . còn ai trồng khoai đất này nữa , ai cũng biết là ai sẽ lên bộ_trưởng bgd rồi .",0
hoa nở bặc bặc,0
công_an dam khung het,2
đông công_an là địt cụ m ngủ đi,1
phạm văn lộc,0
con đĩ này từng bị cộng_đồng hù đánh khóc_lóc vang xin giờ qua chuyện rồi thấy mạnh_miệng lại ha,1
kho mo m no la i 😏,1
bẩn_thỉu vl,1
toàn bọn vô công rồi nghề ngồi sủa ăn lương tháng chứ vinh_quang gì ? bản_thân hiểu rõ hơn ai hết nhưng vì đồng_tiền bát gạo nên vẫn cứ đi cắn sủa vậy đó . tôi chỉ quan_tâm_sự_thật chứ mấy loại này riết chán chẳng thèm phản_biện 😩,2
thu đi để lại lá vàng nhunh đến gửi ngàn lời yêu_thương,0
lâm đình khoa ảnh trong game của con bóng đê la_thành,0
"uhmm uhmm , đây là t khi tết về",0
phạm xuân huy không có ý gì nhưng cái nào nhìn cũng trẩu vl 😆 😂,1
"phải nói cho rõ đâu chính_phủ tặng chứ thủ_tướng lương có hai chục triệu thì lấy là ra tiền mà tặng , thực_tế thì ông cũng không bỏ tiền_túi ra !",2
dương_vật của team à em nhầm linh vật ớ lại nhầm linh_hồn,1
bạn này bị cắm_sừng nên cay à ? hài đ . i . ê . n luôn,1
bắt_cái đầu mấy con cờ hó tung tin tào_lao đập cho phát,2
sao nhìn 200kg dth hơn,0
lee sin thật cười mẹ của kiểm_soát giáo_án thầy tú,1
lee pahm mày thì sao ?,0
cánh hoa gì lạ thật l mỹ o . n zị nè nguyễn . diễm,1
cái mặt trông như côn_đồ vậy .,1
lại hợp sâm clm đến v thì ff,1
"sao , tình_hình ấu dâm bên mẽo , giang_hồ tẩn đa_nguyên bên mễ không thấy cập_nhật ? vừa_rồi nông_dân eu xịt cớt vô nghị_viện cũng im_re",0
oc cho,2
quốc_sư sẽ được cấp thẻ đảng,0
phan thị mỹ dung rambo nhấm rác_rưởi,1
không có một thứ chủ_nghĩa nào mà_lại tàn_phá đất_nước và con_người như chủ_nghĩa này . các bạn trẻ hãy luôn kiềm_chế mình để sau mỗi cuộc hân_hoan về bóng_đá thì lại đem đau_thương về gia_đình của mình lâu_dài .,2
ngon thực_sự các ông ạ,0
đéo còn gì để nói,1
"cái mỏ giống cá tai tượng quá , , bởi_vậy nó sạo ke cai thứ chửi việt nam la không ưa roi",2
"chửi nhau sao không gọi phone chửi cho dã cái miệng , mà lên_dây khoe vàng hả cha , ỉa déo ra cũng dưa lên , bó_tay ,",1
quảng_cáo lộ_liễu quá 😁 😁,0
mll merry mai kim_trí nha,0
anh tôi hơi bị pảnh,0
cái củ cặc gì cũng nói được hết,2
thi ch chi qua chi no i chuyê n dê thương qua,0
những thành_phần không muốn sống thì chết cũng không có gì lạ,0
62 càng nói càng tự vả,1
e chưa tỏ_tình,0
eo ơi nhìn cái mặt nó xấu mà không giấy nào bút nào mà tả nổi . đừng nói tới nó bẩn miệng mình . coi nó còn tệ hơn đống phân .,1
người nhận máu khi nghe tin,0
clip của thằng mặt lồn vks long an yêu_cầu giết quách hồ duy hải vì giam_giữ loại này rất cực ảnh_hưởng đến tình_hình an_ninh chính_trị,1
anh_em sống chậm thôi 😬,0
già rồi còn đéo gì mà ráng nhoai lên chứ địt_cụ,2
trần vinh,0
con này nước_ngoài người_ta đang lên_án nó con_rối của phe_cánh tả thủ_đoạn luôn là đánh lạc hướng và che mắt tình_hình chính_trị tg nhờ những buổi tuyên_truyền mà gia_đình nó ngốn cả đống tiền . mà các nước ô_nhiễm như trung_quốc với ấn độ thì đéo bao_giờ ghé tới .,2
chào_mừng bạn đến việt_nam dân xhcn do . vì luôn dân,2
. còn gì để nói nữa không 😭 😭 sao ông trời nghiệt_ngã quá vậy n còn nhỏ lắm bít gì đâu chứ 😓 😓 thw con 😭 😭 út hết được gặp con rồi 😭 😭,0
địt_mẹ cái giọng cười abe nghe khốn_nạn vl ạ nhưng mỗi lần em nghe em đều cười theo,2
ông ngô kỷ mấy hôm_nay không thấy vậy à lân ?,0
huyền khánh phùng yêu lắm luôn,0
có event mới đi học nha_thầy,0
mang theo tấm lòng con_gái miệt_vườn,0
"đi im mẹ mồm ông , xl quen mồm quá",1
tên bài hát còn trẻ trâu hơn cả t nhé ! cười vl 😁,1
lanhx ddaoj gif nhuw con buif chir bieets chui voo lonf,2
"hẳn là ch ! ch_khỏe , ch ! ch phê , đê_mê tối_ngày ! !",1
goi người_ta chui người_ta người_ta chui lại là hue . . kk,1
ở nhà nó quá lụi vô đại cười rớt nước_mắt,1
con linh cá_lóc xấu người lại xấu nết chưa ai có cái mồm xấu như con đó,2
cô ấy đang xem gì đó,0
ăn_hiếp lính mới hahaha vl,0
có gì để xác_nhận cái này là sự_thật không phải là giật tit câu view ? từ trk đến h chưa thấy tin nào như này và đây chỉ là một cái ảnh,0
coca chả_giò đầy mà khóc_lóc gì . đuổi nó về ngay trai_tráng gì mà yếu_đuối .,0
à trọc chơi ác lão già .,0
nghe ông này nói bẩn_thỉu lỗ tai 😎,2
"báo_cáo bò đỏ bọn thanh_niên và nhiều tờ báo uy_tín khác của đảng đang phản_động , giật tít câu view ! truyền lệnh tấn_công đi lũ bò !",2
thế đéo nào mà xã_hội càng ngày_càng xuống_cấp như_vậy ? tiến_hóa_ngược,1
ngọcanh trịnh khỏi trình_bày,0
cả đoàn trốn trại . . nói_chuyện điên_khùng,2
đến mức muốn nổi_khùng luôn 😓,0
chết mẹ abe gòi,1
vê lốc mì thái siêu cay khổng_lồ đi anh ưi,0
ai cũng hiểu chỉ có một người không hiểu là add,1
csvn đi đâu chả gây_chuyện,2
mat so chi roi cho e so chi lai_di,0
đây là một vấn_đề hết_sức quan_ngại,1
nên like không,0
"mấy thằng choai_choai háo thắng vô công rỗi nghề chạy d phá_phách rồi gây_sự , ngang_ngược giải chúng lên công_an là xong , yên_thân không muốn",0
trời oi . . . cười chết,0
200.00 hộp thuốc giết vl người .,1
"riêng tôi là tôi ghét tên đàn_bà ncq , đã 40 tuổi rồi mà hành xử không khác gì một thằng nhóc mới 18 .",1
thế đéo nào mà xã_hội lắm càng ngày_càng xuống_cấp như_vậy ? tiến_hóa_ngược,1
đcm 😒 sau có con cho hút cỏ chữa bệnh chứ đéo đưa đi bệnh_viện 😒,1
đẹp vl à ưi,0
đọc bài báo xong buồn ĩa đéo chịu được,1
fan chân_chính đây chứ đâu,0
đíu tin được luôn,1
"bởi_vậy cái sự bị bịt đủ thứ ở cái đầu của người dân nó làm cho ngu đi như con ngựa bị che bớt mắt để chỉ đi đường_thẳng con bò bị tròng cổ để dể dắc đi con trâu bị xỏ mủi để dể điều_khiển , cho người dân xôi máu với những pha bóng vô_bổ để quên đi chuyện đất_nước bị tc xâm_chiếm",2
"ca ng đo c ca ng tư c con quy đo . bây giơ_vi no bao nhiu người chuâ n bi thâ t nghiê p , ngươ i gia thi lo sơ hoang_mang , bao nhiu chu doanh nghiê p đơ t na y tiu luôn . thư gi đâu à",1
"mụ ấy đúng đấy , nhờ ơn đoảng , chính_phủ mà mụ hốt nhiều vụ quá hời , có tiền cho thằng quý_tử ăn_chơi sa đọa , mua biệt_thự xứ giãy_chết , vậy là mụ hạ_cánh an_toàn và sẽ đu càng boeing qua giải_phóng nước mỹ .",2
"tôi chuẩn_bị bắn đấy , dẫn ông đi mua kẹo mệt lắm r trần sói said",0
cứ như mấy ông trại tâm_thần nghịch kiến ấy nhỉ,2
lại khịa rồi anh ơi,0
đàn_bà j nhìn mặt giống dân ông xấu thấy mô,1
cực kid thuyết_phục !,0
thoại cc nhá thầy,2
pr vl tộc_trưởng ạ,1
từ miền nam em vượt ra bắc,0
thiên_đường xhcn là đây v,2
đéo làm even nho_nhỏ giải_nghiệp đi abe,2
me hẵng kích_cỡ làm lần . . tự_nhiên may cho khít xong nới ra . . bà diễn_tả tôi thấy hàng_họ tôi tan_nát vì bà quá,0
bác lân cứ dụ bác dần múa thần_quyền vv,0
còn đó nó bị nứng lồn rồi nên nó chọc người_ta,1
mạo_danh trần dần hả ?,0
ủa sao nói nó khóc_lóc xin_lỗi rồi mà,0
có sổ hộ nghèo nên được miễn_giảm lỗi chính_tả nhé !,1
chuong tring nay riet roi không co viec lam nen moi nhung thanh phan tao lao de dua len song . . nhung thanh phan len mang xa hoi chui rua . . tao lao . . thay giau bac hoan la_ho . .,2
"ủa , chúng_tôi còn lớp nào đâu mà đến đúng giờ ? ? ủa ? ? alo ?",0
nhà lắm tiền thì làm j có_ích tí chứ đừng có giống mấy bạn hàn_quốc là được,2
nguyễn thư chắc_chắn là không pk mình nhé,0
trở_lại thời phong_kiến bá hả,1
nó đi chủ_yếu kiếm miếng bò dát vàng ai dè công cóc lêu lêu,2
"đm ad , mày ngon kéo ra đó mà bve ngồi sủa phỏng có i ch gì",2
tóc đan trường mới đẹp anh ưi,0
"du ma_lai tang thue , dit con me no , da an ban roi , con cai j cac con de dong nua",1
bị lừa còn gì . rõ_ràng cái th lamg bằng bảo làm_bằng phôi thật không ai phát_hiện được,1
lê nguyễn thảo nhi thuyết cái loz què !,2
bán_lẻ khongg,0
nhìn thấy sợ mẹ rồi ăn cc j nữa,1
thế tình_hình bình_quân 5s anh tôi bị giật một phát à ?,0
bọn tàu cộng còn ngó đòn nào nửa đâu mà trả_giá ?,2
mô phật làm_ơn đài phố bolsa tv phỏng_vấn trần dần xin dùm tôi facebook chính chủ của trần dần để fan tụi tôi có_thể vô xem hài của idol amen 🙏 🙏,0
"đúng là cái dân bắc kỳ , tội này là do đảng cả quản_trị cho hay 3",2
không thật lam nôi cai gi cho dân nho .,0
"trắng được thành đen , có biến thành không , không biến thành có họ còn làm biến chứ trắng biến thành xanh là chuyện nhỏ",1
kiểu như 1 nét đẹp văn_hoá nếu chưa bị mất ví thì không_thể nói bạn đã đén việt nam 😂 😂,2
"của quý của tiểu_đoàn r , quả này hết 3 tháng tân_binh thì cứ lắm gọi là cán_bộ yêu hết_sức , vác đi văn_nghệ suốt ngày .",0
luôn ủng_hộ những nhà_báo đăng tin minh_bạch không khoan_nhượng như_vậy,0
trương q . huy . . trương chột dịch nầy trốn trong lùm nào rồi mà không thấy sủa nữa ta,2
trong mọi tình_huống khó xử,0
bố cáu thằng ăn_bám váy đàn_bà,2
"v rất là tự_do ngôn luật . cán_bộ chửi dân , xỉ nhục dân như ! thì không sao dân phê_bình cái thì bị phạt chó",2
con rồng cháu tiên sợ đéo j con virus này,1
hi_châu . cho à sdt của e nghen .,0
hello vietnam tôi yeu ! chi kim oi công_an nha khoe ha chi,0
bạn đui hay điếc 😂 kêu bả thua kiện mà,1
giống thế đ nào được,1
"công_nghệ của cộng_sản đã đạt mức thượng thừa rồi , chỉ cần ấn nút là trắng biến thành xanh và biến_hóa cả số nữa cơ . tư_bản làm được không ?",2
thế vinh yasbaga tối_cao,0
tiệp có khả_năng trở_thành 1 người đàn_ông hay_ho,0
làm_ăn như cc,1
dạo này anh còn sản_xuất điện_thoại cphone không ta ? ? 😂 😂,0
lưu duy_thực t_ho mấy hôm_nay r m ạ,0
chán cái địt cụ mày,1
mình thấy những ông phát_biểu được lòng dân tự_dưng mất vl ứng_cử đại_biểu vậy nhỉ mọi người,0
"chị này có gương_mặt hơi giống công_an sĩ ngọc ánh , giọng miền nam nghe dễ_thương lắm . chất giọng rõ_ràng",0
3k rồi ăn nhiu tiền r mà binh dữ,1
1 câu_chuyện khá là buồn,0
"thuốc_mê thì gây_mê , thầy thì gây nứng 😀",2
h i n h,0
không bít đầu_đuôi . câu_chuyện ra sao . lúc trước hùa nhau chưởi người_ta . h rồi bây h quay lại cắn . khẩu nghiệp tạo nghiệp .,1
đúng là vay lồn vay lắm mà,1
oan_nghiệt khắp nơi rất mong có cb có tâm này giải_quyết được những vụ như thế vl có_thể,0
thuỳ dung hợp cmn límm chắc mua mấy bộ đồ_bộ được r . . 😂 😂,0
"bây_giờ giết người như trò_chơi , mức án cho kẻ giết người quá nhẹ thấy xã_hội bây_giờ toàn giết người đi tù vài năm ,",0
chi tieng nhiều cho e vay vay tram triệu di_chi . .,0
nghe mắc i quá abee,1
sói vlog mua cua siêu to khổng_lồ cho ông_già 🤣,0
đầu_bảng à ưii 🤨,0
"khi bạn thừa tiền , và không biết làm gì cho ngầu",0
ben my sao cung co quai thái nua vay troi . . song lam gi cho chat dat,1
link mới được cập_nhật nha mấy đứa,0
like ! ủa vậy trước giờ chửi sai không à,0
phạm linh không co cl,1
cái con tinh_trùng khuyết_tật này xaolol mua không xài được đâu,1
đúng rồi phải cùng nhau chống giặc chống cướp ngày cướp trắng_trợn chứ,1
sẽ là lực_lượng loạn giới tiên_phong ra trận oánh nga !,1
"càng hành ác thời càng x , a đ , ọ , a . ! bỏ nguồn lạc cội bơ_vơ . ! muôn_nghìn ức kiếp đọa xa l , i , n , h_h , ồ , n . ! nhân_quyền , dân_chủ , tự_do công_bằng . !",2
"dân_chủ ở quá đâu vậy ! bạn , à tên của nó là bảo_hiểm bắt_buộc mà các",2
assmin đi chơi gái bị tống_à,1
trần uyên chắc đang cày view 🥰,0
tinh yêu như con chuồn_chuồn,0
bên tay phải mà hình nhìn phát biết lớn lên mua đủ thuyền 70 tỷ cho êcip đi chơi cười,0
"khu đặc_trị của tàu , nó muốn làm cmg thì kệ cha nó . mấy bác cứ thích ý_kiến ý cò . .",2
đang táo xem trần dần vấn_đề đã được giải_quyết,0
"sông cư u_long thi bo n câ u_no ngăn nươ c đâ u nguô n , giơ miê n trung thi xa châ t đô c cha co ca i gi bo n câ u_na y không la m được",2
kho mo m no la i 😏,2
cắt cho quả mái xong nhìn mặt có chán không,1
gia cát vl lồn,1
vl thế_mà việt nam mình cứ tự nhục . . thôi giờ mình thấy bọn nó còn biến_thái hơn mình,1
c on đ iên luôn mỉa_mai,1
thì ra là lủng từ hồi chuyên_nghiệp,0
game mới à,0
thằng mặt đi này l trên đường tưởng thần_kinh đấy,1
ông nội nào cũng ở không lắm khi không gọi điện cho bà linh hỏi người_ta đ không bởi_vậy người_ta chửi đâu có quan,2
đỷ mẹ,1
chời ơi tôi cười chết,0
đúng mẹ luôn,0
khó lắm người ơi 😞,0
chán luôn,0
nho nhó nhò nhò nho,0
bò tv nó điên á,1
loại này tử_hình luôn cách_ly làm gì cho tốn mỳ tôm 😁,1
bắc kỳ cũng là người việt_nam mà nó chửi như có sách con này không bỏ_qua cho nó được,2
nói đến đâu cười đến đó . . chị rrất đẹp . . . . nói_chuyện có duyên . .,0
con di,2
baroibeo x tieu tieu,0
"rfa ơi yên_tâm retbul với dư_luận viên sứ tôi làm mạnh mấy vụ này lắm chất họ đang tự_hào , ngạo ngể xíu thôi sẽ làm vaipro cái vụ này bay giờ nhé",0
trung quốc chắc_chắn sẽ quá không xâm_lược láng_giềng . vì công_cuộc xâm_lược đó đã được trung_quốc hoàn_tất lâu rồi .,2
hải_đăng t gọi tường gió oánh bỏ mịa bây_giờ,2
tp . hồ chí minh mà !,0
gi oi . gi de thuong qua .,0
"ôi trời giai_cấp lãnh_đạo ở ta thì đổi trắng thay đen nhanh lắm , nhìn thì vậy mà_lại không phải vậy , chỉ có điều rõ_ràng nhất là chỗ nào cũng có chuyện vợ ông này cặp với chồng bà kia !",1
câu nói mặc_định của bộ ngoại_giao . chứ nói_thẳng nó ném vô nhà vài trái là hết quan_ngại,0
"lê tấn tài vì tao thấy mày là khỉ đầu chó lên tao mới chửi , nhưng tao đã nhầm , mày là xúc vật thì sao hiểu tiếng người 😂",1
tiếc diên là kênh của tôi ai thích thì zô không thích thì zô . zô zăn_hóa,0
lê bảo trâm mặt giống m vcl nhận ce sinh_đôi liền,0
dỗi lắm anh ạ,0
"đâu chỉ có hk , vietnam cũng cần tẩy_chay sao , vì có hẳn cả 2 nhỉ ủng_hộ đường lưỡi bò",1
chính_phủ nidalee rất khoa nay đã lớn,1
nguyễn vĩnh sơn_bé gai là bé gì ? 🤔 đọc văn_bản đi,0
thùy trang nghe chưa được 15s tắt cmnr nhạc với nhẽo,1
"loại này nên bắn , đéo cần bịnh hay không .",1
trung đái_dầm,2
nghĩa_là vào đây thì cần lồn gì phải nói_chuyện lịch_sự hả add ? ?,2
"r , hiểu r , bạn là dư_luận viên thôi mình out , không nói lại bạn đc , bye nhé",1
nguyễn_vi vân cái chị quan_tâm là làm_sao tiền về túii mình là được e à 😂 ghi_chú thêm ở chuồng cũng được nhưng phải thơm_tho chút xí nha em kk,0
nhìn bẩn_thỉu bẩn_thỉu sao á . . ớn cả lạnh . cùng người miền tây . . ma thấy bà này ghê quá mà nói hot_girl .,2
địt nhau thế_kỉ đây rồi,1
tôi thích pết,0
ditme mặt thầy cũng thần_thái rất l n,2
thèn này nói tiếng gì 😌,1
ngheo mà yên bình là đc . tao nói riết giờ thấy uổng công . tao cứ ở nc ngoài ngồi cười_khì khì coi tụi bây đống vài thứ thuế ba láp . ăn đồ ăn hoá_chất . ra đường thi trộm_cướp . ừ yên bình đi tụi mày ạ . thấy đất nc xây nhiều cao_tầng là thấy phát triễn . tụi ngu ạ tiền vay oda ấy con ạ . rồi đời con_cháu chúng_mày sẽ trả há há .,2
"xin_lỗi cảnh_sát , buồn_cười thật . phải xin_lỗi mọi người dân chứ , vượt đèn_đỏ gây tai_nạn cho dân . xl cảnh_sát wai gì , nó mà thấy thì ăn hành ngay và luôn",1
3 4tr bán còn 300k đến 400k . . nói xạo nói ngu còn nói cho to . . lên_mặt dạy_đời bán hàng dễ_thương mồm mày ngày thường ăn phải gai tre nên giờ tối lại xộn lào à v,2
mày lại ngu nữa ! ! mày bị nhồi_sọ đến mức không_thể biết_đâu là biển đâu là bờ à ! ? tội cho m quá,2
nguyễn thành lý ổng mà thấy là ổng đuổi học m đoá,0
đm cú vl,1
giờ tao thấy hối_hận khi vừa nc với 1 con bò,1
chết cười pha jjleo hiến thân cho rambo,1
chúc nsnd của chúng_ta luôn khỏe_mạnh,0
mún tìm cũng khó kk,0
thảo chăm tôn hẳng con cu tí_hon của anh tịp,2
đừng so_sánh 2 thầy ngu,1
lương tháng được có 7 8 triệu,0
bọn hàn xẻng theo phe nào phe quá đó thua mà pr bản_thân ghê thật,2
thầy đi sp hay nhất bởi_vì,0
"nhìn là đéo muốn xem rồi , dự là sẽ có những yếu_tố bắt_buộc phải cười",2
bă c ky con đâu rô i con_trai ? ? mâm na o cu ng co mă t con ma,2
lê hải long bởi_vì chó là vật_nuôi và lợn gà bò dê được nuôi để ăn ok ? ngu còn tỏ ra nguy_hiểm,2
nhìn cái poster ngầu lòii 😎 😎 xem mv không biết có hoảng_hốt không nhỉ,0
"chỉ cần chặn từ bức tường vt 17 , nam bắc phân ranh sẽ trả_lời ngay ai cần ai ? ? để bk không phải nuôi nk như bọn chúng từng lếu_láo . hiện_tại nk đang bị đô_hộ bởi bk , thế_mà mọi người vẫn vui vẽ vì cảm_thấy mình không đủ ní nuận đành câm như_hến để nhờ ơn ỉa đái từ bk",2
like 300 nhé,0
chuyên_gia stream muộn,0
anh_em năm mới zui zẻ không quạo nha,0
"tuổi 17 bẻ gãy sừng trâu , lên 18 thì càng lên level . đề_nghị các bạn đái nhẹ , ị khẽ , địt duyên ! khéo lại bể tường . . 😓 😓",2
"vũ thanh huyền đừng dạy người giàu cách xài tiền nhé ,",0
xao lôn không co gi vui . . chung ta không nen xao lon . .,1
may xạo lồn do am_binh,2
vl cô giới_tính vàng_ngọc 3 gì vậy,1
không xài thì bị thu đồng_hồ vô_lại đồng_hồ 10tr,0
bác nói thế nhưng cấp dưới bác họ có làm theo hay không thôi mà hay nại đục nước béo cò,2
hôm_nay quản_trị mày chửi đúng lắm ! yên_lặng đáng sợ,1
ra đường não cằm theo nhớ,1
bảo tín 😵 😵 khiếp quá,0
"mới làm từ_thiện , hôm_nay đại_gia cái miệng giống cái hầm cầu_vậy , mã cha mầy chạy xe có ngày đâm cột điện nè",2
bắt con này nôn ra 400 tỷ !,0
nguyễn trọng thái xạo cười vừa thôi,2
lưu bảo_toàn đọc hại não vcl,1
mình thì váy thái nhé 😷,0
còn gượng được lúc_nào thì ráng nha ông . tụi chau bỏ mê game vì . hài của ông á,0
hai vu trong truyền_thuyết đây hả,0
thế_mà chúng_nó còn định chắc cái 11 ngàn tỉ để chưng vl bày mả bố nó xây,1
"lá lành đùm lá rác_rưởi là ở đó . tiền thuế người giàu đùm người kém may_mắn . đó cũng là tư_tưởng của mọi đảng chính_trị thế_giới , và điều nực_cười nhất đó là đảng cộng_sản nỗi dậy vì các tư_tưởng bảo_vệ người nghèo , người kém may_mắn . nhưng khi nắm quyền thì họ lật lộng . việt_nam cũng có câu hay về những người đó quẹt mo như gà .",2
nguyễn hạnh mai_phục con ciu,1
"hải_yến bố con thần_kinh , thở ra cái là thấy mùi rồi",1
trung thầy_bói,0
nge luyến sao sao á,0
nam_mô à di_đà phật,0
hợp_lý vl,0
"thằng a p dê ngon thì nói cho thiên_hạ biết đi , hay đi làm_thông_ngôn cmn đi",1
"nhung ơi là nhung , sao mày báo đời dữ vậy nhung . .",2
em tham_gia cho vui . chứ em không có pc . em may_mắn với con_số 16 lắm . mấy lần give được số 16 mà quên share công_khai 🤣,0
bà này nhiều tiền quá đâm_ra điên cmnr,2
d m thắm ơi cho em vào lại không sợ chó đi em sai rồi . hôm sau em không giám chúc_mừng năm mới nữa huhu,2
7 phế phải nhớ mấy page quản_cáo để lên tầm . 🤣 🤣 pha kiến_tạo mắc cưới nhất thế_giới,1
"nhung ơi là nhung , sao mày báo đời dữ vậy nhung . .",1
da bao_dung nghe cộng_sản noi ! !,2
con nay nhu con dien,1
ở chỗ tôi người_ta không nghĩ đây là cánh hoa .,0
bò tv nó điên á,2
"du ma_lai tang thue , dit con me no , da an ban roi , con cai con cac j de dong nua",1
thân vl cười pha jjleo hiến chết cho rambo,1
chuc mung sinh nhat,0
kiếp nạn lớn nhất của cô l chắc là lũ fan hãm l của cô đúng không,2
hiểu gì chết liền,0
ở ngoài tao mà gặp kiểu này t bắt lại cho anh diệt đánh chết con cụ mày,1
đúng là ngưu tầm ngưu . ăn_chơi phè_phỡn ở nc ngoài rồi đến lúc bệnh thì mới nhớ đến quê_hương tổ_quốc,1
nguyễn đăng khoa thg học_trò l này,1
vcl ạ,1
chị minh hiếu . nhìn y_như phụ_nữ thật . chứ không phải chuyển giới . . em rất thích chị . alopduchucamo . .,0
tùng hỏng,2
có vẫn đề rồi không giám tiếp dân,0
đã gọi là cá_mập thì miễn có sự tử_tế . toàn lũ săn cá con 😂,1
sao lại có cả liên_quân là thế_nào 😳,0
"ủa chị xài cái gì vậy chị , chị có cái miệng không chứ chị có đéo gì mà ở gần kho đạn_vậy",1
"những viên đạn đầu_tiên sẽ hướng về lũ tham_quan , bị bắn nhưng chúng_nó không bị_thương vì toàn_bộ là đạn giả , đạn thật chúng_nó đớp hết rồi",2
chị ba sang quá à . . đi hửi quần xì của con les,1
thuế cao thì dân việt không sở_hữu được mất quyền sở_hữu,2
coi tu chu den khach . met dai qua . noi chui ma deo thay chui toan la quang cao xam lo không,2
"ca ng đo c ca ng tư c con quy đo . bây giơ_vi no bao nhiu người chuâ n bi thâ t nghiê p , ngươ i gia thi lo sơ hoang_mang , bao nhiu chu doanh nghiê p đơ t na y tiu luôn . thư gi đâu à",1
ghi kiểu này mới nhìn vào tưởng trung quốc muốn đổi sang quốc_tịch việt nam 🤣,0
thế_thì mới kêu làng kêu nước ở đây rất là ngột_ngạt .,0
lily trịnh vụt đè tứ_quý há_hốc mõm,1
mừng quá idol chưa đứt con chuột kk,0
"quí_vị cũng đừng chửi rũa ông này làm jì , chẳng_qua ông này chỉ làm theo lệnh cấp trên mà thôi , nói_chung trong chế_độ xhcn tập_quyền của trung_ương , kinh_tế kế_hoạch_hóa nên quyền_hành cao nhất là bộ chính_trị , đứng đầu là tổng_bí_thư , nói_chung tbt chỉ_đạo tất_cả , ngài tbt cũng giống ông vua , có quyền tối_thượng , nên cũng đừng đổ_thừa ông này ông nọ , nên , hư , xấu , tốt tất_cả đều do ngài tbt",0
dell hiểu mấy đứa ấy nghĩ j nhỉ mà cứ thích lây bệnh cho người khác v ?,2
cái con tinh_trùng khuyết_tật này xaolol mua không xài được đâu,2
tập này có cô mình hiếu hài quá trời hài . . vui ơi là vui . . thương cô ghê,0
nản ba gà thật_sự,2
sub lại kênh cho thầy nha mọi người và nhớ là kênh mới là kênh kĩ_năng nha,0
đấm xàm loinf,1
buồn anh đạt,0
đem người đi bán . .,0
sống chậm lại là an_toàn à,0
loại lũ này vô_học ai mà làm_ăn với người vô_học này thì cũng một lũ như nhau,1
con bé này nên xuống địa_ngục quá tởm,1
đụ mé mình vừa đăng clgt . độ said,1
nhi faker v,0
nhạ ngọng . học_sinh thi trường lào là đỗ trường ý,2
trần sang óc chó vật,2
thờ buổi này đi du_lịch chi vậy 😀 đi để kịp đầu_thai hả ha gì mà đi dữ_vậy,2
"chao minh hieu , hom nay thay minh hieu dep gai qua ha",0
không_trách hôm mồng 9 10 thủ_tướng về hà_nội chống lụt ở trung_giã chỉ_đạo điện_thoại không được thủ_tướng bực_bội quát thằng thanh đâu rồi,0
được đỡ kia mị 😂 😂,0
giở chúng sẽ câu_kết với nhau nguy_hiểm hơn độc_ác hơn khốn_nạn hơn . . lắm v . . v,1
ôi vl cái đất tôi nc,1
khôi rainy toang không khác hn rồi nhé 😂,0
"đcm chông này đến tăng còn đứt xích , chứ nói gì lốp",0
hết nói nổi 😥 😥,1
"tuan quoc so_sánh với con_gái , chửi con_gái ngta đ này đ nọ , đéo biết mày có cc không nữa , hay não toàn phân bò",2
mv này chất hơn thì đéo xem,1
nhìn mặt tôi có quan_tâm tới chuyện của ông_già ko ?,0
tô lâm là giặc,2
nguyễn quốc an thứ học_trò lồn,1
nút vàng chắc ổng để wc nữa 😂 😂,0
"đ c l c m m . . mày ngu vừa thôi , dành ít ngu cho con khác để bọn tao còn kiếm_chác chứ . . 😂 😂",2
vì refund top 1 nên tối nay mình xin phép ea . . blabla,0
trần ngọc huy đừng để có lần sau nựa . t nói lần cuối . tin hay không thì tuỳ,0
nó lại hợp_lí à,0
mốt lại có vài đứa lại hỏi thầy ơi sao tài_khoản em trên shop của nextgen,0
nguyễn trọng hiệp v nghĩ_lại thì thấy mình chơi khôn vl,0
tất khủng_long mắt lồi hân_hạnh được tài_trợ bức ảnh này ! !,0
nguyễn hoàng khởi nữa tôi quay mv đẹp hơn cho bạn nhe v,0
tao gửi cho chị minh hếu,0
ông_già hay xaolon phết tùng sói said,2
"bọn lừa ưa nặng , quen đưa đít cho nhà nc thông rồi",2
chống cộng đến mức tuyệt_vọng thế này rồi cơ à ? ?,0
ok anh ơi,0
giết người mà có 10năm bèo_thế,0
ê idol m đel pak được liên_tiếp nên cay hay j,1
thằng quản_trị này muốn ăn chửi đây quá mà,1
sao chúng_nó thấy bọn showbiz đi bộ_đội nhĩ ? không né cách nào hay thật 😅 😅,0
lục lại làm gì để mang nhục_vậy,1
tôi này bằng diết người vl quá ác mong các cấp lệnh đạo trên xem giúp gđ họ,0
hahaha 🤭 🤭 nghe tới tl mắc cười quá 🤣 🤣,1
"thôi xong tóc à chí tôi , nay làm vlog đưa djchip đi cạo đầu đi anh 😂 😂 🤣 🤣",0
thôi thôi ông im cmn đê . . 🙂,1
con linh cá_lóc là loại không người tha_thứ dc luôn .,1
ronaldo là cầu_thủ duy_nhất trên thế_giới lọt vào đội_hình người u nhất mọi thời_đại với thành_tích giúp bồ đào nha chưa một lần vượt qua vòng_đấu loạt trực_tiếp quá xuất_sắc,1
cuong phan con này năm sau dự là 200 đô nhé luôn,1
dm . . assmin . . mặt thộn . . sao mài thích bới cứt tìm giun thế thằng mặt thộn . . hơ hơ hơ . .,1
ông co n kho e ma nh lă m . chu c ông luôn co như ng thông linh hiê u ư ng va tiên_tri chi nh xa c .,0
"ôi dòi quản_trị não phẳng muốn phản_động nhưng không ai bênh mà , chỉ dùng vài bức ảnh , sử_dụng pts chèn chữ vào thôi , thật là lạc_hậu quá , quản_trị là tg nhà_quê .",2
mày không thay_đổi thì không_những bị khóa mõm và khóa luôn cả tay mày luôn,2
"nhung ơi thật là nhung , sao mày báo đời dữ vậy nhung . .",1
sai lại đmm phải khoá mõm mày cái,1
đào mả nó lấy góp ra 1 tỷ đô mà đâu vào cái vl quỹ đó ? ?,0
cái phận thằng yếu vùng_vẫy cho lắm r cũng phải nghe lệnh thằng to thôi v,0
lee sin cười mẹ giáo_án kiểm_soát của thầy tú,1
"nghi nguyen bên đó phải tốt hơn việt nam thì mới sang đó sống chứ bạn ,",2
nguyễn trung_hưng bác mua được chỉ e chỗ với nhé,0
ác quỷ cả hình_hài lẫn tâm_hồn 😌,2
"không phải năng_khiếu bạn ơi , cái bài này mấy ông ấy đi nhuyễn hết cả rồi còn đâu , dân còn lạ gì",2
có mỗi cái phòng 4m2 làm thế_giới riêng tự tay sắp_xếp mọi thứ cũng đéo được yên,0
đem công_xưởng thiết_bị về nhà à .,0
tuổi như ông thì ông trump muốn cho chết rồi đó . may cho ông làm cố_vấn 3 đời cho tổng_thống mỹ nên ông mới còn sống . nếu ông chết thì hơi buồn vì mất đi một diễn_viên tấu hài .,0
lê bích loan aichi đấy . dịp này may là không có tiền đi chơi ấy,0
quả này thì rất l quá v,0
ý_kiến cái củ_cải . lên phường mau,1
"con bà chúng_nó làm lòng_vòng để tìm cách tham_ô tham_nhũng , chứ xử_lý nguồn_gốc gây ô_nhiễm chuyển xử_lý dòng_chảy nước_thải không cho xả thải ra sông nữa là nước nó sạch ngay",2
"chúng_mày làm_nên cái mịa gì nên mới bảo không có vô dụngncar lũ , hiếp_đáp dân lành là zõi",1
thắm thối lồn viết văn dài thật quá . cần địt gì để_ý cái bọn không biết gì .,1
thằng quản_trị hết tin_tức để đăng rồi à . đkm thì kệ mọe nó,2
đinh phước tao nói mày xàm lồn nhai_lại như máy con bò dưới quê t thì đ ai bênh m đâu,1
cái này thì tao tin,0
ca i mă t con na y đi lươ m bao cao_su cu a cha u no uô ng ne,1
có cái áo đẹp mà cứ dấu 🤣 🤣,0
"thôi nhé bọn bay , luật nó thế , vi_phạm là vào tù hết . nước khác thì nước khác , đây là nước mình , cấm có bàn_ra bàn vô . bọn bay có phải ai trong cuộc đâu mà hiểu",0
bao_che cho nhau bây_giờ lòng tin chỉ là thật hình_thức,0
an tu hình rồi nó hết hạn tu ngựa qoen đường cũ,0
chị chửi là để cứu nhân độ thế 😂,0
pr vl tộc_trưởng vl ạ,1
quá đúng,0
giống vl,0
chương_trình quảng_cáo xin được bắt_đầu,0
đào đứcanh 0175,0
su_sy chốn thật ý,0
quản_trị có cập_nhật được tình_hình biểu_tình ở hà_nội bây h không ah ? căng quá mà không biết như thế_nào,0
nguyen tran lan anh loz me,2
csn đang sống nhờ ăn_mày quá_khứ ở lăng ba đình .,2
cám_ơn dân_chủ mỹ tại syria,0
an nam công_khai hồi nào ? nếu ông tìm được 1 bài báo chính_thống nào công_khai tôi ghi rõ họ tên nó ra thua gi tôi cũng thua . còn nếu không có ông thua tôi lại nha . dám chơi không,0
nguyễn minh hiếu nghe nói anh zai ở cầu giấy,0
"ngu đang quay_phim nó , nó liền trưng_dụng thiết_bị kỹ_thuật của mày . nó sẽ xoá hết những cảnh quay mà nó vòi tiền hay làm_luật với mày từ nãy_giờ . hiểu chưa thằng mày",1
ngửi cho tỉnh đi 3 gòa,1
đang mùa thể_hiện cùng yêu nước mà làm vậy chạy đâu cho thoát . dân đúng lòng họ chỉ cho tới tận nhà trốn đâu đc .,0
tuấn kiệt 10 vợ cháu nhe,0
"quản_trị óc chó cứt vkl . ngu còn tỏ ra nguy_hiểm , ra gặm xương đi ad .",2
quá trời cái,1
nhơ thă ng my ma_ta u_khư a đa chiê m ba i ca n năm 2012 . ca m ơn thă ng cho quản_trị đa chi điê m_nhe,2
tạ thị ngọc duyên mày cũng v chứ khác đéo đâu xớ,1
tập để cho nó biết mình cùi bắp sao ah . đâu có ngu ! 3,0
mình nói đúng không bạn . làm_bộ liệu nếu anh_em xem ky đúng 5phut30 thì sẽ biết,0
tuổi này nó chênh_vênh vậy_mà,0
bon comcom đơn_vị tác_chiến điện_tử với vl nhật_ký yêu nước địt_mẹ chúng_mày vào mà đọc . tưởng ai cũng như chúng_mày hết đấy,1
thật chán với chế_độ quản_lý dân_sinh,1
hoàng quốc bảo gg lấy phí từ bao h mà chúng_nó bình_luận đi hỏi nhỉ,0
nguyễn thái_an,0
người tiên trị thật_sự không khoe_khoang chắc cú đâu bác ơi ! người_ta tiên trị bằn tâm_linh kết_hợp với thực_tế . giọng của bác nói trơ_trơ không_thể_hiện chút tâm_linh nao toát ra trong người bác .,0
anh thế mới cao_lãnh,0
"vấn_đề ở đây là chất_lượng thua xa giá tiền mình bỏ ra chứ cũg thừa bít là hàng giả , phải thơm thơm xíu ai nói gì , với lại con nhỏ bạn à nó mua chứ không phải à nhé , tại comment cho mọi người biết để tránh thoi , chứ ở đây cũg không có rảnh tranh_luận mấy cái vở vẩn này đâu , mấy đứa bớt thể_hiện , bớt_tỏa ra mình khôn đi",0
ấy vậy_mà mới có thằng ít tóc cất_công sang tận bển khom lưng hửi đ í t thằng mao c h ó .,1
tất_cả là từ ý_thức như đb của mấy người này mà ra thôi .,2
em tổ tư_vấn nhưnlol ấy độ à 🤣 🤣,2
"xin_lỗi 10 năm trước bán hàng onl còn chưa được phổ_biến lắm , nói chi là có livestream lúc ấy con này nó xạo vl",2
ms thui 3 cộng_sản,2
"ok , you win . .",0
"lúc nhỏ cứ nghĩ người mà không có não là không sống được , lớn lên mới biết thầy bar không có não vẫn sống như_thường",2
ai không được điểm_danh phát,0
"mày có biết là cái lòi cầm_thú chống_chọi zs bão lụt mà không ai quan_tâm tới là cái loại gì không , loại xúc zật nó làm cho có chứ chống_chọi con_mẹ gì tụi nó ăn của dân quá nên bây h phải chịu trách_nhiệm đứng ra chóng chọi cho có thôi con chó à , hoàng_lệ",1
phương vy da,0
chụp ở mộc châu kìa 🐮,0
trần tấn tài vẫn là chai sting,0
cái này thầy live lúc nài zay tụi bay,0
abe hiểu ý học_sinh quá !,0
cấm siuu giờ cấm thêm cả cdv thì chịu thật rồi . bảo ưu_ái thì có 1 số đứa tự_ái giãy_nảy lên 🤣 🤣,1
trần dần là hán gian,2
"đm ad , mày ngon kéo ra đó mà bve ngồi sủa phỏng có i ch gì",1
hiển trọng nguyễn thanh_tuấn,0
1 tỷ là tấm vải chùi lon nhưng chị 3 đâu có lon đâu mà chùi tới 1ty,1
tịch an lều báo thì phải tìm mấy tin_vịt mà đưa tin thôi,0
"nguyễn ngọc linh thì hợp rồi mới truyền đó cậu , bài ghi rõ là truyền cho 9 người rồi mà !",0
hài vcl . buồn mà xem video của thầy là muốn tự_tử,1
đại gmtv vậy mày vô tml sủa làm cc gì đây,1
vũ thanh huyền khổ quá mà 😥,0
"nhìn quả nghiêm_túc , chèn nhạc du_dương như này tôi lại không quen tí nào .",0
"một lũ v . ô h . ọ . c ở cùng một khu , bảo sao xã_hội nhiều đứa hư_hỏng_vậy",1
chưa bở phiếu mà đã cơ_cấu 4 chức_vụ chủ_chốt rồi thì bỏ_phiếu làm gì nhỉ ? ?,1
tam an nguyen cái này phải báo cho lanh ngay . .,0
cc ne chu tich . phạt tao đi .,2
tiểu_tiểu xinh hơn nhé,0
"hồi sáng đo thân_nhiệt 37,5 đúng không , né chị mày ra nghe hôn kieu minh",0
nghiệp bê đê nặng lắm r má ơi,1
động_cơ quyên_góp tiền là gì ?,0
giàu quá trời mà nhà cha_mẹ anh_chị_em ở việt nam không có lành_lặn con_cháu nghèo mạt đi làm kiếm từng đồng từng cắt nghe mất ói quá con bóng nổ banh xác,2
cái lùm_má,1
"đào mạnh an bên nó ai bị hoặc nghi bị thì tự cách_ly tự điểu trị nhé , nó còn không cho xét_nghiệm cơ , chỉ khi nào bạn chết thì nó mới khám_nghiệm để kết_luận có do virus hay không , ở ngoài đường mà đeo khẩu_trang bọn anh nó còn đấm vào mặt cho chứ ở đó mà điều_trị",0
"địt_mẹ suốt ngày mị_dân , nâng bi tự sướng",2
buồn thật,0
cái miệng linh cá_lóc ik hệt cái lồn,1
trần dần là cộngg sản nằm_vùng thật bên cali 😂,2
chia_sẻ và tag bạn_bè vào để sếp nhìn thấy nhé,0
mấy thằng già làm_bộ_trưởng này_nọ mà đầu_óc chó thua cả 1 bác nông_dân,2
cho xin facebook danh hai trần dan di_moi người,0
"hợp_đồng của dcs với tàu thôi nhá , đéo phải dân .",2
sao mấy stt này không thấy con chó dư_luận viên vào ẳng nhỉ ?,2
quốc_khánh mồng 2 9 2025 mỗi người dân được 100k là có mùi khét rồi,2
không ưa gì thằng tàu nhưng đọc được bài này phải công_nhận nói rất đúng .,0
ảnh_hưởng thế_hệ trẻ . ng ta bị liệu thì choc vui mô phật_di . không co sáng_tạo . lay nhân_cách con người_ta ta cau like .,0
dễ ăn 500tr như thế mới sướng,0
đéo thấy thằng nào bị tử_hình . . vì các nghìn_tỷ được bỏ_túi đều . . bọn này ăn nghìn tỷ chỗ này . . bọn kia ăn nghìn tỷ chỗ khác . . 1 thằng chết là chết cả lũ,1
căng quá các bác uii,0
"may là đô khùng , ăn_nói_tục tiểu không biết cái loại công_an tụng máy là loại không học_thức",1
à lúc_nào chả xạo lon 🤣 🤣,1
"ủa nghĩ z là hay lắm ó hỏ , ý_thức như cái đách . chán thiệt sự",1
cút mẹ luôn đi chứ tạm cl,1
chị chan mặc bikini ngon vailon,1
"thằng dưới thì thấy thế này , chứ đm thằng quản_trị mà làm quan to xem , thử mở mồm ra nói nghĩ cho dân xem nào thanh_niên ghen_tị",1
à xamlol qua,2
clb không tặng quà tao hay gì vl mà giấu kĩ_thế,1
thắng ấy không lên phường hơi phí kéo_lại khởi_tố,2
thằng bình lùn hốc hết r . nên cố ngụy_biện thôi . ra báo_công_an . cho nó lòi ra,1
thầy t vẫn đẹp_trai và phong_độ như ngày nào chúng m nhỉ v .,0
mấy thằng để ảnh bìa darcy chắc cũng toàn tay nhanh hơn não,1
đôi môi này chỉ ăn cơm với cá,0
nay bú hơi nhiều,1
"công_lý cái địt_mẹ m à , công_lý xử doanh_nghiệp còn dân sai thì kệ mẹ à bố m đéo uống cái gì của thp cơ_mà để những con chó như m cắn càn thì xã_hội loạn cmm r m phạm_tội xong m kêu m nghèo , mù_chữ đéo biết luật thì m vô_tội à thằng ngu , hay m lại bảo nó tống_tiền là đúng đi",2
"hồi đi học thì được biết_mấy chữ như tự_mãn , tự_cao tự đại , tự_kiêu . . sau 75 thì chữ tự_hào được xài hơi nhiều . . từ lúc có điện_thoại thông_minh thì xuất_hiện chữ tự sướng . . bi giờ dư_luận viên và à 47 làm_giàu cho ngữ vựng việt nam chữ tự nhục . định xin phép các anh_chị trong ảnh tự nhục kia cho tôi . . tự ké được hong ? 🧐",2
"một_số lớn người việt nam phải xếp vào một trong những dân_tộc tàn độc_nhất thế_giới , mục_tiêu là chủ_nghĩa cá_nhân là trên hết .",2
con nhu nay con dien,1
quả nhạc nghe tội thực_sự 😆,0
lê phú cường,0
nguyễn triệu thu thảo mệt lòn 🙂,1
tây nó tưởng điên trốn trại,1
3k lấy vd chanel bleu đi giá thị_trường 2tr livestream nó bán 200k 300k nhiều lúc tặng thêm chai nửa . . bán lần cả lố bây nghĩ đi của ong nội nó đổ ra cho ha gì . lấy cái não dùng đi,2
"mua hàu có tặng kèm đối_tác hay gì không các ông , mịa uống xong nằm đấy với tay_trái thì lại chán bỏ_mẹ",1
"mong_muốn khởi_nghĩa để đất_nước giống ukranie , syria , iraq là ước_mơ cháy mỏng của quản_trị",0
nước mỹ đã bỏ_rơi chúng_ta câu này nghe có_vẻ phủ phàng nhỉ .,1
"dit me cai quy_trinh , vao cap cuu deo co tien , deo bao hiem thi nam do di .",2
"phải nói cho rõ là chính_phủ tặng chứ thủ_tướng lương có hai chục triệu thì lấy đâu ra tiền mà tặng , thực_tế thì ông cũng không bỏ tiền_túi ra !",2
con cac,1
mong anh sớm bình_phục,0
sao cái huy_hiệu_thần binh bữa thầy kêu nhận h vẫn không có trong game vạy,0
toàn giáo_án lủng mà cứ dựng lonn là sao,1
con nay no khung con hon con linh công_an loc nua,1
chết mẹ abe gòi,1
bán linh_hồn và não cho quỷ j thất_vọng vl làm r,1
"chúng_nó quên nhiều thứ , nhưng ăn_cướp là việc chúng_nó không bao_giờ quên",2
má coi y chang như nó nhìn mình nó chửi vậy . cười,1
chất rất lolzz,0
vào like ảnh đại_diện của em với mọi người ơi,0
chơi kì vậy chời,0
ngủ làm_sao được khi bh là csgo time chứ,0
buồn,0
kỹ 😅 oằn mình nguyên 😅 chứ vươn miinh cái l n j,2
lũ hậu_duệ ba_que thì tống_cổ ra hoàng_sa . chứ nhận về đất_liền làm gì cho bẩn nước rửa ?,0
tiền mà không xem_trọng sau_này không có cháu mà húp,1
"lần quá sau viết tôi bị n , khi , u là được rồi , dài_dòng làm gì trong g ý_nghĩa nó vẫn vậy 🐧",1
trump nó bị điên rồi sao ? ngoài thuế_má với bợ_đít putin ra thì nó làm gì ?,1
giống nhau như 2 giọt nước . mà mỗi cái là 1 giọt nước_mắt với 1 giọt nước rác_rưởi thôi ạ 😂 😂,1
câm mồm không thằng mặt lồn này,1
cười dễ_thương ghê,0
hello mình hiểu than mến,0
trunq xuân cao thì kp 2n nhưng cũng mấy tháng rồi,0
trần dần đã lộ thật thân_thế_là cảm_tình_viên của việt cộng,0
bông xù ngọc hiền le hoang phuong uyen quynh nguyen đích_thị là cô_giáo,0
người_ta bảo không hiểu sao cứ nhìn chỗ đấy là cười chứ có phải không hiểu đâuu mà các ông giải_thích 😪,0
võ quỳnh à quang cầm điện_thoại live à độ trồng rau cũng được v,0
có lắm ơi sống vượng lương_tâm đi,1
cái bọn cướp ngày thì muốn làm gì chẳng được,2
mày im chứ sao làm lại ik đường quyền của cô minh hiếu,0
"chinh xác cô huế như , một người miền bắc mà nói vl lên đúng tâm từ của nhắn dân miền nam việt_nam",0
biển số xe là 29 kìa,0
"mày xấu như q , u , ỷ",1
ba nay choi da qua bi hoang tuong,1
trung anhh ngọc thảo mới đọc đến 32 h đã lên 34 r nè nhanh quá huhuu,0
e,0
hết bệnh chị lại sang trời âu rắc muối ây cha . . đây chắc_hẳn là một thuyết âm_mưu chứ người bình_thường không_thể ngu như thế này được 🙈 🙈,0
bế 4 ả bp của t về liền .,1
chị có chim không . . sao nhìn gớm gớm . .,2
cũng giống lắm á,0
chết cho bớt chặt đất . ăn_học mà nói luôn ngu như con bò cho mà nghỉ tội . con bò,1
cầu giấy tề . linh hoa 🙄 🙄,0
"thă ng bê nâ_y nô qua , ca i miê ng nâ y_ta o nghiê p , bê người_ta coi được bê nâ y kho coi qua",1
cháu ngoan boác hù đây !,2
trend này được các thanh_niên việt nam áp_dụng khá lâu r không như các bạn hàn quốc bây h mới biết,0
hoá_ra là đồng_hương quê cao bằng của mình à 😳 giờ mới biết hicc,0
ngọc trầnc,0
loa cái đeo lắm vào mồm con gà à ưii,1
chị ăn gì xạo lồn chó vậy chị 3 . đụ_mẹ chị 3 chó hoang,2
"quản_trị update tình_hình quá chậm , người_ta biết lâu rồi .",0
😮 😮,0
mỹ linh hồng_nhung thu hà_ka su hoá mô mình đi trước cả trend 🤣,0
địt_mẹ cái mấu này . tao nằm ở đây hơi nhiều rồi đấy trích lời anh tôi trong buổi sờ trym tối hôm_kia,1
abe làm hết mà 🤗,0
amanita phalloides,0
quản_trị page này có quan_tâm gì đâu . chỉ quan_tâm nói đểu nói xoáy thôi mà . đm quản_trị,2
"địt_mẹ cái luật ở việt nam sửa đi sửa lại chúng_nó vẫn rút được kinh_nghiệm hết lần thật này qua lần khác . tốt nhất_là cắt chức hoặc tử_hình đéo nói nhiều với quan_chức , tụi nó nhiều tiền chạy_án lắm",1
ừ nó không ghép đâu . chỉ chuyển mặt thôi nhé !,0
"ông trần dần chẳng biết là phản_động hay chỉ tấu hài nữa , nếu là phản_động thì ổng là phản_động ngáo nhất trên đời",1
tội anh tôi,0
kinh_tế mỹ bây_giờ không còn như xưa nữa đâu . việt kiều giờ xài tiền căn_bản rồi . .,0
from lisa cailay with love 🥰,0
nguyễn phương nam chó,1
giống mấy thằng fan ntn . chê thằng như thế_nào làm video thiếu ý_thức xong nó nhảy vào bảo có bằng ngta không mà nói clm,2
"xanh là nn , đỏ chủ đt , mấy con kia bank tím ông cụ",0
xình phép cho địa_chỉ em muốn làm_đẹp,0
có khúc kêu ld share live để e tính cho chị hả ta .,0
con quái_vật thì nhiều răng giống venom nhưng đ đáng yêu như venom nhiều chân_như bạch_tuộc và siêu to khổng_lồ như những món ăn của bà tân vê lốc,0
chỉ sợ những người dùng não để trồng cây,2
lương kim_anh ít bị ghét là thật hả bạn ? mình mới biết ông này .,0
"nên nhớ đất_nước nầy , tài_sản nầy là của dân_tộc , nhân_dân viết nam chứ không phải của cái đảng cs . cái đảng nầy như cơ_quan quản_lý . quản_lý không xong thì để người khác quản_lý chứ đừng lỳ cái mặt bám ghế làm cho đất_nước ngày_càng lụn_bại tàn mạt . t",2
l . o . a . i p . h . a . n d . o . n . g n . a . y n . e . lắm n c . u . t,2
con chó . tưởng mày được tung_hô à . lũ chó bánh mỷ nước_lọc đó xl cái cc . éo biết luật về nhà mà học ra đó đeo biển làm cc nhà mày à,1
chó hùa kìa,1
"mới làm từ_thiện , hôm_nay đại_gia cái miệng giống cái hầm cầu_vậy , mã cha mầy chạy xe có ngày đâm cột điện nè",1
vẫn cứ là tấu hài,0
khi nao nen kinh te the gioi het khung hoang thi không con_tin xau ve virus nay nua . su viec se duoc dua ra anh sang nay_mai thoi . qua la mot thuyet am muu qua hay . khi ma tat công_an deu tin vao virus co nay .,0
học_trò của thậy ở khắp_nơi,0
đếm được tầm trăm con chim vàng,1
em_gái tùng sói 😂,0
nói cho cố dựt tiền của cô minh hiếu mặt mài râu_ria không,0
chiếc xe đen đang dừng vì lí_do gì đó . . xem miếng trắng bên phải xe giữ nguyên khoảng_cách với xe đen trong cả ba hình,0
long duy đào,0
tác_hại của mà tuý thật khôn_lường,0
nghiệp r đê nặng lắm bê má ơi,1
giống thầy ông nội vây 😀,1
0338929069catvitel chị ba,0
thành_đạt rùi anh,0
chết hết rồi còn sự lao_động làm ai điên_rồ còn người còn tiền hết người nhờ ai ? ?,0
đố thầy biết em đang xem gì,0
tôi mệt bà quá,0
fan mấy đội khác chứ j nữa,0
lũ bò tin rằng coi pháo_bông tốt hơn xây tượng_đài . . rồi xem bóng_đá lại hừng_hực khí_thế hưng_phấn hơn gấp mấy lần pháo_bông . . cuối_cùng thì lôi thằng nát ngây_ngô vào chơi đồ . . xong cả đám cười ngặt ngẹo happy rất nồi ! đất_nước lạc_quan lạ cmn lùng . .,2
đcmm bình_luận bài viết của bố ăn lozz à cut,2
tưởng định đổi tên page 🤣 🤣,0
"như này thì thế_giới theo kịp thế éo nào được . tía nhà nó biện_minh cho hành_động đạp con mái là do say rượu , chắc còn con mái kia say cặc",2
hà hữu tài địt_mẹ hỏi sao t với mày chạy trống vl mà đất toàn bắn vào mặt được vl,0
đấy rồi cũng đéo đi đâu . đéo ai nhận ngoài đất mẹ quê_hương,0
nhịn nói sẽ có lợi hơn cho sự tồn_vong của chế_độ .,0
về sau vụ này kết_quả như nào ấy nhỉ,0
lũ chó chết . đcm loạn mẹ nó rồi . xã_hội như lồn,2
loại viết chính_tả còn không rành còn đòi bàn chính_trị . ngu_dốt thất_học .,2
chị ba còn trinh có cây đinh chính giữa,1
"nói bán laptop cứ lấy ra sài , ngta thấy r ai mua",0
chúng xây tượng_đài nhiều hơn trường_học .,1
nó vốn đã là con zombie vật_vờ rồi,2
đông công_an là địt cụ m ngủ đi,2
mỗi lần lên sóng là đeo vàng làm như giàu lắm hay sao mà khoe của thấy ghê . còn cái mặt mình nhìn_chung không có 1 chỗ nào thiện_cảm hết . nhìn mặt là biết cái thứ đàn_bà độc_mồm độc miệng . hung_dữ . nói_tục chửi thề v . . v tưởng z là hay lắm,1
tuổi_thơ,0
chúng_mày điên hết rồii,2
chó không mọc nga voi . . bê đê như thế_nào vẫn bóng_gió nghe,1
lựa cái đầu buồi abe nè,2
má nó tứk,1
"sản_phẩm mới nói_chung chưa hợp tai lắm , vẫn thích khi cùng team với jombie",0
bạn chả có tí máu lồn nào gọi là văn_hóa cả 😂 😂,2
đầu trận hùng_hổ vđ,1
"viết cái cho lòng nhẹ , đúng lúc máy_bay rơi là lúc t bị chính_quyền xã củ_hành , thế nên à ức_chế kệ mẹ bố con thằng nào chết , người trong xã còn hành nhau thì tw nó cũng hành cút",2
tiến dũng cái này thì không nc nào bằng việt nam rồi 😂 😂,0
gia lộc tran quang còn j vui hơn cà_khịa,0
"khi còn ngồi ghế cao , chúng_nó kiêu_căng , hợm_hĩnh , còn viết sách dạy người . tự mình cho mình là vĩ_đại , là quang_vinh . đến khi cháy nhà mới ra_mặt chuột . cũng bởi dân ta ngu quá lợn , nên để chúng_nó dễ làm quan . cũng bởi cái thể_chế độc_tài , độc đảng nên mới tạo ra một chế_độ bốc_phét ăn_tiền mà ăn to đến mức chúng_ta không_thể tưởng_tượng được .",2
"rfa đi rồi bao_giờ đến việt tân_vậy ? sống bên bển , đăng tiếng bển phục_vụ dân bển là đúng rồi . tạm_biệt",0
cô ba sạo lồn quá quá,1
"ngân quỹ dân đóng bị rút cạn r , các bác phải tìm cách rút trực_tiếp từ túi dân thôi .",1
tức nhiên là . . tức nhiên là . . tức nhiên là . .,0
ui dào tòan cái lũ tham_ô tham_nhũng . hốc hết cứt của dân thôi,2
hát dỡ mà hát hoài đuỹ khùng vàbg mã,1
xin chao người đep,0
các anh của em toang quá,0
con 3 vang ngoc mac ao dam giong quy,2
cô đẩu không thấy . cảm_thấy thiếu mà hụt_hẫng 😧 😧 😩 😩,0
răng rứa nhỉ,0
", viet ở nhà giúp mẹ giúp luôn cha hanh ở đây soi soi mã cha chúng_mày",1
người nhiều tiền thiệt khó hiểu,0
"ak47 ổng không đồng_ý thì kệ mẹ ổng , thích thì lấy hình ra chế_giễu kêu ổng về kiện đi",1
chúc kênh panba được nhiều sub nha yêu thầy dấu bé 3,0
có lột cả va_li ra như thế kia không,1
dân indo cười,0
"v chuyện quá là bình_thường ở cái đất_nước này . con đường trước nhà t cũng thế , bị bẻ cong thành gấp_khúc vì phải né cái bếp cũ nhà ông cựu_phó chủ_tịch huyện .",2
chưa kéo xuống còn tưởng rừng cây amazon v,0
"sao lại có lắm thằng tài_giỏi trong việc sáng_tạo ra những thứ hại đời hại người thế nhỉ , chả hiểu học theo đạo_đức của ai !",2
gửi thầy,0
"cái qq , đem clip đi kt liền",1
quan việt_nam chúng_nó tham vl . . địt con_mẹ lũ quan tham,2
phan linh cha n đe_o muô n no i luôn,1
điên ! ! ông này đ iên đ iên mà lai được ccđ mời khi có sự_kiện . đúng là một lũ điên có tổ_chức ! !,1
"trời_đất . dân dừng xe vô_tình cán vạch hoặc đi cán làn mà chỉ dừng xe nhắc_nhở không xử_phạt ? , sao các anh khác xa mấy con . . định bảo con chó nhung thấy xúc_phạm con chó quá ở hải phòng quá vậy ? , chúng_nó tìm đủ mọi cách bày_binh bố trận để dân hở",1
"tâm_thần cho nghỉ_việc , không đề ảnh_hưởng đến ngành ca !",0
còn yêu ai_nấy cũng về . 😊,0
ra khỏi chỗ cách_ly rồi lấy đốg gạch 🧱 🧱 từ dư_luận về xây biệt_thự ở cho bớt ngột_ngạt,1
khoe khoan láo phét đeo . vàng g ã . s ng g a t o .,2
dờ . . đéo phải đờ nghe chưa thằng hãm lồn 3,2
hqa mới ngửi mùi của sena nên nghiện mùi đit . hả thầy,1
lê phượngthuan vo tú võ minh minh đi đầu xu_hướng,0
bọn 3 tuột quần và bọn ccđ lúc này chui đi đâu mất mà không nghe thấy chúng sủa vậy anh_vũ hoàng lân ? hay_là chúa rước bọn chúng xuống địa_ngục hết rồi ?,2
ok ba gà,0
đã tăng 2 đến 7 thì dân lợi cái lồn mẹ chúng_nó à,1
💥 💥 nổ banh nhà_lầu,0
đông công_an là địt cụ m ngủ đi,2
"trời h mà đụng tới bk là mì chết sớm nhe con kia , chết không kịp ngáp , mất_dạy",1
"thảo_nào dân bắc triều tiên ai cũng ngủ tốt , ăn khoẻ , tăng cân nhanh . .",2
ông trần dần mới kẻ đôi lông_mày thật ngộ_nghĩnh giống đám hát phường . .,0
cân thận nó lại keu phản_động v,1
thùy trang thứ điên nó v á mày,1
đúng là cuộc_đời . . hài rất,0
độk tài tự tay bóp d . á . i,2
"nói z thôi cho dân_chúng bớt xoắn lên nhưng thực chắc cũng đâu vào đấy . nó chơi ngầm thì đố ai biết . cái nhà_nước này nó nát bét hết rồi . các bác đừng có mơ làm nhà_nước nữa , từ cấp 3 đã xác_định là làm nghề gì mà không liên qua nhà_nước rồi , vì tao biết g",2
con này nó làm mất hết hình_tượng người phu nữ việt_nam . cảm_thấy buồn,0
"tịch an tôi cũng đqt cho lắm , quan_trọng về đội_tuyển thể_hiện ra sao thôi",0
đúng là cháy nhà mới ra_mặt chuột .,1
con như nhìn bóng lải cái 🤣,1
nguyễn hữu đạt kut len top,0
cũng có cặp như_ai,0
sao cai mieng no xau du vay .,2
đm thiên_tai cũng đổ do cộng_sản,1
chửi xóm đi cho e nhé,0
thanh_hóa dân_tộc lành tiến_bộ đất việt cũng biết rồi .,0
hell yeah !,0
"đ c l c m m . . mày ngu vừa thôi , dành ít ngu cho con khác để bọn tao còn kiếm_chác chứ . . 😂 😂",1
mày chỉ là con cờ hó oách sờ lách làm gì câu view à vũ khác tiệp,2
"phỏng_vấn cả ông ngô kỷ đi anh , viu lắm , cầu_mong cho ông ngô_kỷ và ông tiên_tri này không mắc bệnh còn có cái mà xem cho vui , còn mấy ông này thì chống gậy chứ chống cộng cái gì xem cho vui",0
vo nói cl gì z mẹ . nói mà để người_ta từ_chối hiểu hay vl gì á,1
đm chị tao bị mất gần 700tr . có cmr ghi được hình ăn_trộm nhưng cũng botay v,1
cuong đmm,1
"đù dại ghê , bọn đấy ngày nào nó vl cũng lên phường xiên cho nó 1 cái , đuợc tiếng luôn , vào khám mấy anh_chị cũng thương , xiên hết mọi thằng trên phường luôn cho nó sum",2
chừng nào chính_phủ hàn lên_tiếng về việc quá hơn 20ngàn vụ cưỡng_hiếp do lính hàn gây ra thì t sẽ lên_tiếng,0
lai ? lai là lai chó đó sao,1
"thượng bất_chính hạ tắc loạn . đạo_đức xuống_cấp trước_hết phải đánh_giá vai_trò của chính_quyền trong quản_lý , giáo_dục yếu_kém không hiệu_quả . đéo làm tốt được thì lui xuống để người có năng_lực lên thay_thế .",2
"cán_bộ , công_an còn xuống_cấp nghiêm_trọng thảm_hại . . sao trách dân đòi dân phải ngoan , thượng bất_chính hạ ắt tắc loạn . .",2
bạn hãy đổi tên thành hiệp đầu chó,1
như này đủ gánh chưa mấy đứa,1
đây là kẻ đi báo đời xã_hội báo đời cha,1
anh lên anh đấy mai anh tính xiên nunu thế_nào cho xịn chứ nunu edit vcl lắm,1
loa i đa n ba đô c a c,2
sao lon,2
được của ló anh ơi,0
"vẫn chưa hiểu hả ku , hay bướm ? ngày là 11 làm 12h , 1 tuần quá làm 1 ngày đó",1
gọi trần dần là con tinh_trùng khuyết_tật .,1
nguyễn đăng duy v,0
nhắm mc làm lại cô tao k ? kk,0
đúng dân_chơi cao bằng,0
nghe thơm nhưng lại thối 🙂,1
ngày_xưa trả báo thì giây ngày_nay quả_báo một chầy nhãn_tiền,0
có khi nào hoãn cả cup của liverpool không 😔,0
"còn mày có con cũng ngu lắm , đẻ con ra cẩn_thận đó",1
người_ta chỉ ra cái sai quá rõ mà,0
sad,0
nếu nghe nhiều lần sẽ thấy êm tai lắm ý,0
địt_mẹ vtv mặt_trời,2
đây vl là lính của tô lâm . tô không sai thì sao lính làm,2
"không lắm phải năng_khiếu bạn ơi , cái bài này mấy ông ấy đi nhuyễn hết cả rồi còn đâu , dân còn lạ gì",1
cực cực cực_kì thuyết_phục,0
cầu này của chụy bỏ tiền ra xây chị chạy làn nào kệ chụy,0
công_nhận đâm chuẩn thật,0
huỷ lễ tang mẹ m à,2
viet cong la dang cuop phai lat no ngay,2
cô nói câu nào cười câu đó,0
điệp_khúc buồn của à áo xám 😂,0
thuykieu tran chán cực phí tiền . t dễ_tính vđ xem xong toàn ngủ,1
"thằng kế_nhiệm chắc_chắn là đút_lót kha_khá rồi , ,",1
ngta chửi ý_thức thui còn nhà_nước việt nam luôn chào_đón công_dân có tinh_thần tự_giác bảo_vệ bản_thân và cộng_đồng mà . c ý về đtri với tinh_thần tự_giác khai_báo tình_trạng sk và cách_ly theo quân_đội là điều rất tốt .,0
nguyễn hiếu hàng 1 1 với fake là 1 chứ khác_biệt lz gì đâu,1
kho mo m no la i 😏,1
tết đến rồi,0
nó lại hợp_lý,0
nguyễn thanh vũ_ho c tro cu a thâ y ơ rank va ng đây . 😁,0
tôi đi vài đường quyền,0
đm gì chơi ác zay,1
instructif,0
tự_hào về chiến_thắng một giải bóng_đá để che dấu những hèn_kém khác của đất_nước mình .,1
trị ơi con việt kêu hàng nó qua mất_dạy rồi,2
9 10 mc còn cười chứ nói gì bọn mình 😂 😂,0
là đúng . quyết_định cắt đi 20cm tóc thật là sáng_suốt cđ,0
chị này chốt đơn là thật mọi người đừng làm như_vậy nữa,0
"oày , chức_quyền đều mua thì biết cái quái gì mà bảo sao không phát_biểu theo kiểu ngu học thế được . mang_tiếng giám_đốc sở xây_dựng mà một_tí chuyên_môn nghiệp_vụ thì cũng dần_dần hiểu ra bỏ bao_nhiêu là tiền cho cái chức đó rồi đó . phát cho bé 1 phiếu vì sự ngu_dốt của bé",1
nhăn người abe,0
đầu_óc chó lão này có vấn_đề kiểu gì ấy,1
bình_thường,0
kỷ_nguyên mới sẽ khốn_nạn hơn,2
"cha truyền con nối mãi_mãi khác gì vua chúa phong_kiến thời xưa , xhcn là phong_kiến_tập_quyền",2
trần tuấn khải nhat anh rất chỉ 1 người mà bạn nói cả nước so với việt_nam với nước nhật việt nam ở vạch đi t_nha,0
người_ta ra biết_bao công_sức tiền_bạc . mà giờ nghe nói như_vậy như thay lời cảm_ơn . vãi cười thiệt 😏,1
người_ta toàn quan_tâm sân_cỏ đen thôi bác ạ,0
chúng_mày đốt luôn đi cũng kệ con_mẹ chúng_mày,1
"hongkong ủng_hộ trung quốc trả_đũa mỹ , hongkong ở đây là chỉ một_mình bà carrie lam và bộ_sậu tay_sai trung_quốc của bà ta , chứ không phải người dân hongkong .",2
"xem được 1 3 toàn thấy nói đạo_lý , chả có đéo gì bổ_ích",1
hàm_răng làm_nên tên_tuổi,0
minh man le harry otter học để mốt đi rãi dạo còn biết để không bị mất danh_dự nè,0
ông thật giám_đốc này chắc là sản_phẩm của cắt đôi bcs,1
chỉ có những người ngu lâu dốt bền mới khoe của,1
"đi học , đi làm_việc chỗ đông người sử_dụng khẩu_trang vải kháng khuẩn đi mọi người ơi . khẩu_trang vải đựơc phủ lớp kháng khuẩn , ngăn bụi và tia uv , thoáng mát , giặt tái sử_dụng đựơc ạ . ai cần nhắn em nha , hàng số_lượng có_hạn . hãy bảo_vệ mình và gia_đình giữa thời dịch",0
đek cần m xàm bố m bưng bp về khỏi xin phép,1
minh tuan dep trai qua,0
trần thanh trúc e làm hết 2tr,0
riêng lần này tao cười vào mặt cả lò nhà diva cười,2
ditme đéo hiểu sao,1
"nên làm , luôn hạn_chế tình_trạng lệch_lạc trong giới_tính , sinh ra một_số_thành_phần đực không ra đực mà cái cũng chẳng ra cái",2
cho vào túi nilon thả trôi_sông chứ cách_ly làm gì tốn chi_phí nhà_nước,1
nguyễn quang hn huy ahihii,0
loại này phải cách_ly vĩnh_viễn,2
hãy nghe những gì quản_trị nói và hãy ỉa vào những gì quản_trị bost,2
sống chậm thôi anh_em,0
su a hay lă m quản_trị thật,1
các bác cứ đợi quá mà nhận hậu_quả,1
abe chơi bẩn_thỉu,2
đặc_trưng con đường xuống hố cả nước nó thế !,2
con nay mat dai,1
csn đang sống nhờ ăn_mày quá_khứ ở lăng ba đình .,2
"thiên_đường mà , nó lột dân chừng không còn cái quần thì_thôi",2
"vậy_mà có khối người vẫn gân_cổ lên bảo dân mình có cần đóng đồng thuế nào đâu_đó . thua cả bò , bò còn được cho ăn mới vắt sữa , này phải tự nai_lưng ra kiếm_ăn mà sữa vẫn bị vắt đều đều .",1
da bao_dung nghe ! noi cộng_sản !,2
nó lại được rất lòn,1
chúng là cùng một bọn với nhau,1
"sao mày ngu thế mày giỏi mày đi kêu_gọi mọi người xem người_ta có góp cho mày k . mày thấy làm mệt quá à . người_ta có tiền thì góp tiền , có sức góp sức . còn mày cảm_thấy bất_công quá thì nghỉ con_mẹ mày đi làm từ_thiện đi . làm từ_thiện mà_lại so_sánh thiệt_hơn so so cái cc . mày tưởng mày bê được mấy cái thùng mì tôm là mày to à",1
1 cặp,0
vĩnh khang giống vcl khác mỗi cái mình và cái mặt,0
phá_sản r làm đĩ đực thôi abr,1
page của mày h xàm loz quá . . riết toàn ngta zô chửi cha mắng mẹ mày không vậy quản_trị lắm,1
"trần vỹ không biết nhục mới đi_đạo nhái , những thằng fan là nhục gấp đôi vì hâm_mộ thằng đạo chất_xám của người khác",1
"hàn nỏ ngen tỵ quan_hệ việt nam vởi triều_tiên , nên không cỏ cách nào nữa bịa chuyện còn mỗi thù đưa quân sang diết hại người dân vô_tội viêt nam . thì nên suy ngĩ vì việt nam không trả_thù là đã may lẳm rồi",0
tào_lao tung tin tầm_bậy,0
"phải khai_trừ . ngườ đảg viên mà toàn đi đâu cũng giả_danh giữ chức_vụ này chjwcs vụ kia , người đảng_viên mà đi đánh một đứa trẻ 12tuôi rất hèn_hạ . phải khai_trừ và không chấp_nhận một cơ_quan nào làm hết",1
unesco chỉ cong nhận hồ tr tuổi khi ra đi bác lắm vẫn còn 79 nh,2
xin chúc_mừng với đbc thoát khỏi nanh_vuốt s mặc_dù tôi không biết ông là ai ? xin chúc_mừng !,2
"chính_quyền hoá châu ngu như redbull , về đây kiếm anh chung con , cứ có tiernf là có đất vàng hehehe",1
quốc thắng ơ bắt bạn phải vào tl bình_luận của tôi à ơ lạlol ghê,2
trang này thật đúng là trang phản_động vì quản_trị toàn nói đúng,1
thò chắng .,2
"xóa_bài là đúng thôi , ko thì các ông lãnh_đạo bị lôi cái đuôi ra , có quỹ xóa_đói giảm nghèo có mà",1
hoangphat nguyen hơi trách đâu trách bà quỷ này bạn ơi . mình người miền nam nhưng nghe còn_mệt hả luôn,2
e nguong mo chi wa,0
toàn giáo_án máu lồn chảy ngược,2
cực_kì thuyết_phục ! vv,0
hải_yến con thần_kinh lạy m . chả muốn xem cũng kệ cả họ nhà m nói để thiên_hạ nó điss cho vô mồm,1
oke anh ơi,0
duoc tien minh hieu con đy me,1
khó ngủ qua anh_em a . cuộc_đời này không biết có bất_công vơi tôi không . chi mong không vậy .,0
nhà tiên_tri nghe bắt oi,1
quanh đi quanh lại chả hiểu cặc gì nghĩa_là chả biết m có vòng_vo hay không vòng_vo . nói toàn mấy cái vớ_vẩn lòng_vòng đéo hiểu đk . mà thế đéo nào lại gặp thằng nói nhiều vậy không biết nữa . địt_mẹ nói vậy đọc cả ngày cũng chốt lại vòng_vo tam_quốc . như tao nói mẹ ra luôn lòng_vòng lm cái lồn gì .,1
hồng thái nhưng m thì có,0
có tăng hàm_răng đẹp không,0
"chỉ cần vài quả bom quốc đảo đài_loan , cả tg cùng chậm công_nghệ luôn chứ riêng gì trung sang cười",1
quan kiểu này chém chết,1
đầu_tư vào cái đồng coin rác_rưởi đấy trả chết,1
tống_cổ hậu_duệ ba_que thì lũ ra hoàng_sa . chứ nhận về đất_liền làm gì cho bẩn nước rửa ?,0
súc_sinh,1
thằng_cha tập qua đây dân mìh nó xem như choá,2
chơi threesome cho lành,1
cơ_quan điều_tra việt nam giỏi nhất thế_giới . . trừ tiền bẩn của quan tham !,2
"like avt dùm tôi ạ , tôi trả . cám_ơn mng . xin phép quản_trị",0
chỉ có là các chị bên mẽo có cái lồn . chị 3 đéo có . chị thua người_ta cái đó đấy tên nhạc bất_quần . thật,1
nghĩ có lộn_ruột không 🤣 🤣,0
đm toàn khoe người này có của người kia có nhà mà mình đéo có con_mẹ j,1
"toàn những thành_phần bất_hảo , ham ăn lười làm gánh nặng cho xã_hội của mỹ thì nó mới đuổi chứ còn những tinh_hoa phát_triển cho đất_nước nó thì nó còn bỏ tiền ra mua_chuộc .",0
thân hoài thương ? ? hay thì like đéo hay chả nhẽ không được dlike ? lạ lồn thế ? sinh ra nút dlike làm cc gì ? hát như cc thì chả dlike,2
cứ như thế này thì duyệt mẹ đi cho nhanh 😀,1
không biết có ai nghèo ở việt nam nhận được số tiền tỷ tỷ tỷ của nó chưa . kể tài_sản của người khác rồi xạo lozz của mk . bóng này là bóng bẩn_thỉu bóng dũa nail chứ có cl gì .,2
phạm văn lộc idol làm phụ hộ nhiều quá viết sai chính_tả kìa 😢,0
trèo cao ngã đau nhé thầy ngu,1
mày chửi thì mày nhắn mẹ đi xạo lồn,2
bằng_chứng thằng miền bắc nói là chiếm giùm sẽ trả lại xem nào . việt tân nói thế à,2
đầu_óc chó lão này có vấn_đề kiểu gì ấy,2
"thật_ra thì nó đéo thích là đéo bh thích đâu chỉ là đợi đợi xem có cái kèo mới ngon hơn , thơm hơn không thoi còn không có thì vẫn có 1 thằng ngu cứ ngồi đó đợi mình , qt , lo_lắng dại đéo gì mà nói ra cho nó biết mình là nó không thích mình lỡ mình bỏ đi thì tôi , gọi là bỏ thì tiếc mà đéo muốn lấy . món đấy dai nhai tốn thời_gian lắm tốt nhất vứt mẹ đi kiếm món mới cho lành",1
"nữ_sinh chạm vào mà công_an đi tù 9 tháng , công_an chạm vào má chị bán hàng rong chảy_máu tạm đình_chỉ z báo còn viết thêm chị ấy chăn_dắt ăn_xin mới ghê",2
đập ngu như thầy thì mãi_mãi cx dell lên được 7 e_thề,1
dm . . thằng assmin phản lại cái động . . gác máy_cái mả_cụ mày . . sao mày không nghĩ dây dt bị cá_mập cắn . . dm . .,2
quỹ đầu cằc nè mấy em,2
"to su ong can , deu co ong can nao tot . ong can tot chi thay trog phim . sao không co người nao di_cung chu",2
mikaela hyakuya chủ_tịch cái vẹo gì tầm này . . đinh_la thăng còn hẹo . . dăm_ba thằng chủ_tịch ghẻ,2
"tiên_tri vũ_trụ múa võ vui kinh nhể , thấy tiên_tri dùng thế cuối rồi nói câu súng bắn không trúng , dao chém không lủng tự_dưng muốn cười kinh_khủng ka ka ka .",0
anh bom đâu nhở không cà_khịa nữa à,0
nhìn ngok nghếch vcđ,1
tặng cho những con bò thích làm theo và học_tập theo . . 🤣 🤣,2
"nhìn gần thì như thk đần , khi thì lại gần ôi ông trần dần ! !",2
đừng quá so_sánh 2 thầy ngu,1
"mới biết chútrần dần gần đây yêu chú quá , mong rằng khi mình già mình vẫn giữ được tinh_thần tươi_vui như chú",1
có con đu càng nào không nhỉ ? ?,1
"to lam dang chet , no la song lắm con dan cang kho ?",2
sao nay nc điềm_tĩnh_dạ,0
cực_kì thuyết_phục 🙂,0
fan của độ học giỏi chưa bao_giờ là trúng_tủ,0
xem cktg tôi toàn xem tây cast mà xem việt nam cha s vcl,1
em cho phép à tuyển em vào cty của à,0
lê khanh kiếm tiền j dại vậy ba ? 😅 😅,0
ông ơi sao một_số người ở hải ngoại suốt,0
khó_chịu vl,1
ok đẹp_trai nhé abe,0
đm tao cừ tao ỉa 🤣 🤣,1
"nếu ai , hoặc cộng_đồng nào giúp tiêu_diệt được luôn các chế_độ cộng_sản còn sót lại trên thế_giới , đặc_biệt là tại trung_quốc và vn , thì nên trao_tặng họ giải nobel hòa bình và giải nobel y_học . giải nobel hòa bình vì công_lao tiêu_diệt chủ_nghĩa bạo lưc cộng",2
a . lân xoáy rất kk,0
phương nguyễn thanh tất_nhiên đây là quan_điểm của cá_nhân mình . chứ việc đi ngược số đông hay không thì tùy vào cá_nhân cảm_nhận mà thôi,0
tùng nói nhanh quá,0
nhìn như con điếm_vậy,1
người có không lắm đạo_đức,1
biết thế_thì im cmm mồm đi . lại còn đòi dân_chủ_hóa . đm thg tàu nó mà bóp thì chỉ có chết . biết_điều nó còn tha cho . bật nó hỏi xem có thg dân_chủ nào ở cạnh mà cầu_cứu k . toàn mấy thg xàm,2
em rất mong các à có 1 ngày thi_đấu thật tốt vào ngày_mai,0
lốp là m đấy,0
tháng kiếm được có 7 8tr mà mới mua con laptop razer đang trả_góp nữa thì sao đủ sống anh ơi 😂 😂,0
giọng anh trung b52 thánh_thót rất lồn,1
tin sàm,0
chửi 5 nể_nang chứ . đcm tao báo_công_an bắt luôn chết cụ mày . phạt mày cũng tr bây_giờ . 😂 😂,1
song trên doi người_ta dam ăn dám noi con_người thẳng_thắn . con hơn mấy con mượn danh đạo tạo danh đời đồ giả_tạo nhìn là biết chỉ do 1so con không thấy đôg cức trên đầu mình . mấy con di_ma hay soi moi người_ta 2019 rồi tập lam con_người lại di .,2
đôi mắt sáng_ngời từ cao bằng,0
triết_lí,0
sao không thấy bọn showbiz đi bộ_đội nhĩ ? chúng_nó né cách nào hay thật 😅 😅,0
bộ_trưởng quốc_phòng hèn nhất ls lắm việt_nam,1
kiều trinh hôm_qua t xem cho jack rồi nha 😂 😂,0
thằng điên văn vở câu like rẻ_tiền cút,1
"làm_ơn im mồm đi , nghe chán",1
e được làm fan cứng của à rồi à độ ưi,0
ờ giống mình ghê_v,0
ước gì sự giàu_có tỷ_lệ_thuận với ý_thức của nhung .,2
có tiền thì tiêu thế_nào,0
"nghe à độ tư_vấn cho vui thôi , chứ nghe theo có mà bán nhà",0
thế số thằng nhật hàn muốn ở lại việt nam nhiều hơn hay số thằng việt plus trốn sang nước nó nhiều hơn ?,1
đcm cái được giả đạo_đức khi không loại giáo_dục,1
quy,0
1 phò cho hay,2
giống con c . ặ . c 🤣 🤣,1
"nhìn cái mỏ giống cái l quá , cho_nên vl mở_miệng ra là l không hà .",1
sống chậm thôi là cái gì vậy ? ?,0
làm_sao cho tướng vè hưu nhiều thế nếu chiến_tranh lấy thật ai chỉ_huy,0
bọn đấy ngang với đa_cấp đấy tàn mồm thầy_cúng,2
làm như dân tin nhà_nước lắm ấy đưa mà vàng lấy giấy,2
trung_thu ngủ nhà thôi ra đường xe điên đâm chết trung_thu sang năm thành ngày dỗ đấy,0
"coi như xong các cầu_thủ không nên vui_mừng quá sớm không_khéo lại xôi hỏng bỏng không lũ chúng_nó tiền của nạn_nhân chất_độc da_cam , trẻ_em tàn_tật , đồng_bào lũ_lụt , tiền trợ_cấp xã_hội",2
kb đẹp ở chỗ nào mà phanh ra,1
đáng_đời cho những kẻ vô_ý_thức,0
dảng cộng_sản việt nam muôn_năm nghìn đời bất_diệt,0
thằng luôn già kia đứng cười chứ,1
lchi kinh_doanh hây quá,0
nguyễn thuận bình_luận não đi bạn,1
"vậy_mà có khối người vẫn gân_cổ lên bảo dân mình có cần đóng đồng thuế nào đâu_đó . thua cả bò , bò còn được cho ăn mới vắt sữa , này phải tự nai_lưng ra kiếm_ăn mà sữa vẫn bị vắt đều đều .",1
nha tiên_tri vu trụ chắc biết ngày nào ông nhiên covid19 và khi nào ông chết không,0
"qv diện tôi bít mà , idol giới trẻ 😄",0
"mấy con đĩ chửi chị này có tìm_hiểu không vậy ? bả chửi người_ta bả sai nhưng trước đó bà 3 vàng_mã thiếu nợ bả , kêu bả chửi người_ta , không chửi thì không trả tiền . bày_đặt kêu_khẩu nghiệp , mấy con đĩ hay kêu_khẩu nghiệp là mấy con sống chó nhất ấy",2
cháu vừa bình_luận xong chú ơi cháu lên fan cứng luân 😆 😆,0
vì 1 người tên nhung mà hại bit bao nhiu người,2
chết là phải toàn thành_phần óc chó chó đua xe không,2
"sao vlog sang quá mà , ý_thức lắm củ loz vayy ?",1
dit me vao long tot cho de cua may à,1
tao thu nhat nhung thang theo cong san lam tan nha lắm nat cua cua dan,2
nay chị dẹp quá,0
mỗi lần coi tin_tức_là sự tức dận lên một bậc xót cho dân ta quá mà .,0
trọng lú,1
thật_sự là chị này rất giống con_gái . . xinh và rất nữ_tính,0
cuộc_đời tôi sợ nhất là con_gái mập,0
ruyel ruyel đọc cho vui,0
ai lớp du chu cờ mo 😅,0
dùng lời_nói đàng_hoàng chúc . nói_chuyện không lựa lơi ai để 6 xem chi,0
cười,0
trời_ơi không ai xấu bằng con quỉ cái miệng rộng . mở_miệng ra bẩn_thỉu dái mất_dạy . nhà khổ thấy mẹ chắc đeo ba vàng giả chứ gì .,1
hơi khác,0
người miền tây mình nói_chuyện thoải_mái không câu_nệ nên nhiều khi có mấy từ hổng biết viết sao luôn cho đúng,0
nghe một hồi xong vẫn đ hiểu phụ_nữ cần cc gì,1
lại một thằng óc chó tôm .,1
"chơi với thằng nào vl cũng cộng , trừ thằng tàu được ra , ok",2
phụng mỹ e lai dưới lon e lại lên,1
"cái thằng . cựa . . nó lại đi trước chúng_ta à ! đã duyệt bao_nhiêu cái tượng_đài , tốn bao_nhiêu tiền tỷ rồi mà . . không có cái nào to nhất để đập là sao hả . . các đồng_chí ! luôn về viết kiểm_điểm hết cho tôi . tung",1
ngu gia_truyền,1
cứ hỏi cháu bác phúc đi . nó làm gì ra gần 500 tỉ trong tài_khoản,1
"du ma_lai tang thue , dit con me no , da an ban roi , con cai con cac j de dong nua",2
cứ tưởng chị độ_hóa là là thằng đi sàm_sỡ hả,0
sao làm_chủ_tịch mà ngu thế được nhỉ,2
lên fan cứng rồi anh ơi,0
được rất đái anh ưii,1
trăm năm kiều vẫn là kiều . đu càng qua mỹ xao cười vẫn hay,1
ủa đáng_lí con gà phải là abe chứ,0
tại không có bàn_thờ của thằng hồ chí minh nên tụi thật phép không cắp giấp chó_săn .,2
stt ngu mức này còn cop lại được . đm,1
"oày , chức_quyền đều mua thì biết cái quái gì mà bảo sao không phát_biểu theo kiểu ngu học thế được . mang_tiếng giám_đốc sở xây_dựng mà một_tí chuyên_môn nghiệp_vụ thì cũng dần_dần hiểu ra bỏ bao_nhiêu là tiền cho cái chức đó rồi đó . phát cho bé 1 phiếu vì sự ngu_dốt của bé",2
ôi bọn ghen ăn tức ở,2
thôi đmm khỏi làm đi . để dân bọn tao đi ô_tô khách cũng dc .,1
"hằng du_mục thật trang_điểm_nhìn còn đỡ , lúc mặt mộc kiểu đơ đơ như kiểu tiêm fiter y đúc silicon",1
tưởng nhật bản văn_minh thế_nào,1
hợp lýyy,0
"ơ , e tưởng phải bằng nhiều vailon chứ",1
chi noi chuyên vui quá,0
chi ba va ng ngo c xa m lô ng kakaka đo em,1
chị cho e biết tên chị đi . chị,0
toàn là xạo lôz sủa không lại đi block nhau còn bày_đặt tự_do với chả ngôn_lù ngôn_luận,1
mà nhiều thằng đắc lợi,0
"khiep ha loi chung ta , van không với duoc dau . trai tim nay co ve_loan nhip",0
loai ngu_dốt không bt . huc la zi ! lam mất hết an tuong người phụ_nữ việt nam ! không tha_thứ được !,1
"hoan banana tự_nhiên kêu nó câm , m có vấn_đề về thần_kinh không",1
"đất_nước ta 1 đảng , 1 chiều luôn nên phải cảnh_giác với xu_hướng hữu_khuynh và phi biện_chứng và phi duy_vật lịch_sử",0
"cái lỗ mũi như lỗ trâu mà còn ngột_ngạt , hít hết cả khí trời của ngta rồi còn j .",1
m lên báo_cáo tài_chính hợp_nhất đó mà xem ! nói ra đã thấy mày óc chó chó như thế_nào rồi ! lũ thổ_dân mồm vẩu !,2
không hiểu người có não không lúc khỏe ăn_chơi nhẩy_múa sứ người chê_bai đất_nước đến lúc gặp họa thì chạy về quê_hương đúng là lúc gặp họa mới biết đất_nước nào là ân_tình,1
rất so_sánh . tuy chẳng ưa j bọn lãnh_đạo nhưng phải thực_tế 1 tí . đường trong tp mang ra so_sánh với đường sa_mạc,2
catherine yangyến đỗ à thề là à ứ có bệnh nha . cho à về đi,0
"mày nhìn lại mày đi , đăng clip đell được 5 like , à phải rồi , bởi_vậy mới bươi móc kiếm đàn_bà để bình_luận kiểu ganh tỵ 😂 😂",1
"cái này xảy ra hoài nhưng không thấy ngăn_chặn , chỉ thấy giơ cao đánh khẽ",1
được lắm con_gái về già cô cho con 5 cây vàng v,0
dạng háng chờ gánh,1
"đm , thằng giám_đốc này đúng ngu hơn heo . nó nói mình thì cũng kệ mẹ nó rồi âm_thầm đì . đây lại tố_cáo thì khác éo j nhận mình là thằng mặt heo cho cả thiên_hạ biết",2
"cái này là nói thiệt . . con quỹ này bán hàng dõm 100 . . nhỏ bạn tôi có mua 1 lần về xài thử , như là nước_lạnh , nhắn_tin hỏi thì bị chặn , lúc trước mình cũg tưởng uy_tín mà nge nói dậy lúc nó live mình vô hỏi bị nó chặn ln . . lừa_đảo",1
người gọi đây là truấtt ss v,0
đã quá cô ơi . . 😂,0
1 tỷ là tấm vải chùi lon nhưng chị 3 đâu có lon đâu mà chùi tới 1ty,1
long tran bạn bớt nhét chữ vào mồm người khác . người_ta chỉ nói là tẩy_chay phim squid game 2 này chứ có nói là tẩy_chay toàn_bộ hàn quốc đâu .,1
cá_mập này ăn thịt đồng_bào r 😒 😒,2
con đàn_bà khó ưa,2
à lại viết sai dấu rồi phải bỏ chính_tả đi chứ 😑 😑 78t,1
cái đám chết chạy đấy thì nó ghét cộng_sản đến xương_tuỷ còn gửi tiền về ? gửi được bạn khi làm nail culi lo cuộc_sống chưa xong dư_dả quá ha còn việt_kiều thành_đạt kiếm tiền còn gửi về tổ_quốc thì chắc_chắn không có time mà lên facebook share 3 cái tin rồi chửi ch,2
quả bút làm s x tôi được đó kk,0
e đang thất_nghiệp nghe dư_luận viên đồn 200k 300k gì e đi quằng cả tháng nay mà đéo thấy ai kêu nên thất_nghiệp tiếp,1
"mày nhìn lại mày đi , đăng clip đell được 5 like , à phải rồi , bởi_vậy mới bươi móc kiếm đàn_bà để bình_luận kiểu ganh tỵ 😂 😂",1
lam cai cc j được bo ha t . lu,1
mưa suốt này đi đâu được vậy à độ,0
cơn gió vàng trong làng chém gió,0
con_mẹ mày thằng chó đéo đáng làm bố . mẹ mày,2
clb không tặng quà tao hay gì mà giấu kĩ_thế,1
phạm văn lộc idol cũng lên nghỉ đi nhé 😷,0
"thằng giám_đốc sở sẽ lôi thằng đánh_máy ra kỷ_luật , đúng quy_trình",2
con thần_kinh,1
nó đéo làm như_vậy thì gọi đéo gì là dư_luận viên ?,2
đường_xá ách_tắc sao không mở_rộng mà đi làm cái vô_bổ vậy nhỉ ?,0
vcl,1
nguyễn hoàng_anh tú thế_thì ăn cứt đi chứ đừg để chết vì cô rô na,2
trư bát giới ngọc trinh dáng ngon mà cái mặt t_thề nhìn tắt_nứng,2
qua_mặt j do fan minh hiếu vô chọc trần đoàn trước chi . chó hùa,1
phúc hưng clm,1
địtmẹ bọn dân đen như các ông thì luôn làm gì . . đau_đầu thực_sự,1
chúc_mừng thầy .,0
chẳng_lẽ nên kêu người dân nhắn lại . . xin_lỗi bác thủ_tướng em bị lụt không có điện_thoại nên bác đừng nhắn đễ làm_giàu cho nhà mạng,2
m nói_láo chứ ai,1
già_đời rồi mà vẫn còn xanh và non lắm lắm,1
cái đứa đăng bài này ngu v chưởng cả cái đứa share bài này nữa,2
xin quỳ,1
tuấn black không hay thật mà,0
"đàn_ông hq đẹp_trai có nhiều hay không thì không biết , chứ có 1 thói_quen thấy rất nhiều nhổ nước_miếng .",1
hết muốn gồng,0
cộng 1 đám nạn_nhân yg ch3,2
"có_thể là do thế_lực thù_địch lợi_dụng những hôm đêm_tối đã ra đào_bới kè kè , khiến cho bờ bờ bị sạt_lở . đây là 1 trong những chiêu trò kích_động người dân của bè_lũ phản_động thật . 3",2
người_ta gọi đó la xây đường theo định_hướng xa hội chủ_nghĩa,2
loại này quá chỉ có đút cu vào mồm,2
2 tầng 53 tỷ . rất nhồn,1
"thế_thì bên asia entertainment thuê về được hơn chứ thuy nga mà thuê ông này thì có mà bị kick khỏi vn , ông dần vẫn mang tính phản_động mà .",2
mui ba nay sua nhin ghe qua ma oi . haizz,2
tiền . . trong dân còn . . rất nhiều ? luôn ? à . . bắt_đầu . . hiểu ra chút rồi nha ! !,1
cường sirô mồm thì to khéo ăn_vạ toàn các bố giang_hồ mõm,2
ai đó trả_lời với t đây là e gái thầy ak ?,0
"từ bây h xem chay thôi , không bị kỉ_luật v",0
cô no i chn nghe phu c hâ u_qua,0
đĩ mẹ nó lại hỏng mạng 🙂,1
hang tran nói dân_trí thấp lại tự_ái 😀,2
lại gáy cười,0
bỏ măy con điếm lắm đấy đi là thông_minh đấy,1
yêu_cơ,0
ở việt nam có 2 thằng trung khựa thì ác với việt nam còn thằng hàn thì coi_thường khinh việt nam thì kết_quả là,2
"khôn nạn đến mức luôn đưa mae koy ra làm con tốt_thí , chơi bẩn_thỉu đến thế_là cùng",1
thầy làm như_vậy là chết cdm tụi em ròi,1
người_ta còn . thì nịnh còn hết chức cái thật biết liền chức_quyền đúng là,0
đình huân,0
giàu quá trời mà nhà cha_mẹ anh_chị_em ở việt nam không có lành_lặn con_cháu nghèo mạt đi làm kiếm từng đồng từng cắt nghe mất ói quá con bóng nổ banh xác,1
cực_kì thuyết_phục v,0
"có 7,8 tr 😥",0
nhìn muôsn lại kéo khoá dùm quá,1
"con_trai mất điện_thoại đổ_thừa ba nên báo_công_an , quá bất_hạnh cho thằng con , mất ba đéo tiếc , tiếc cái điện_thoại",2
"đcn bơi ác lắm , chúng_tôi từng đến 1 quẹt từ 25 bơi 30 km 🙂",0
má,1
"tram nguyen ũa , nó thích ia thôi chứ đâu có chây chét như mấy con đó",1
anh ấy nói đúng rồi chỗ này à ấy ở không được là đúng rồi đề_nghị chuyển mẹ à tiệp vào nhà_xác ở cho nó ấm_cúng 🙂,1
page xàm hơn bọn ricon nữa 😂 😂,1
bãi cức nào cũng có dấu răng của quản_trị,1
mấy thằng ngu_dốt mà tại_sao gọi bọn nó là nhà trí_thức ?,2
phan thai đệt t về việt nam liền,0
dell hiểu kiểu j,1
tinh_trùng khuyết_tật cã một bè_lũ tham_quan từ nhỏ tới bé từ thằn bố tới cháu chắc,2
chị minh hiếu ơi đánh son đập len,0
đã đến lúc thử độ bền của nút cười rồi 😀,0
vest độc_nhất vô nhị chỉ có trên cao bằng mới có,0
"đéo tin ! mèo rồi lại hoàn mèo thôi ! dăm_ba bữa rồi chìm thôi quá_lắm thì kiểm_điểm , rút kinh_nghiệm",1
"thua cả trung_quốc , thế_mà suốt ngày chửi người_ta .",0
tự_hào quá việt cộng ơi . xuất_khẩu nổi nhu c đi khắp_thế giơ i .,2
con na y ma vê viê t_nam chă c ngươ i viê t_nam đa cailoncatkhong lun qua,1
sao bữa giờ không ai cập nhập tình_hình dịch trung quốc hết v,0
anh tôi đẹp zai vler,0
họ bị mù mà ! ! tiền che hàng cave đi rồi chúng cơ_quan_thiểu_năng không thấy đâu,2
vì_sao redbull thắng_thế ?,0
con mặt lồn thắm đâu,2
"nhà m có truyền_thống p . đ hả ? . không , nội ngoại t đều tham_gia cm , có mình t p . đ thôi 😌",1
thế ngày_xưa ông nội thằng quản_trị không m . u . a d . â . m mẹ nó . thì đâu đẻ ra thằng quản_trị như ngày_nay được,1
😂 🤣 😂 👍 👍 😂 🤣 😂,0
lê hà thư vẫn cứ là ok,0
"cười phot cả , 😂 😂",0
"cùng ngành và bao_che cho nhau , sao biết nó lạm_quyền mà xử_lý ? tôi ở tỉnh xa , đi đến đây bị cảnh_sát của ông trưng_dụng phương_tiện . rồi đợi ông trả xe ở đâu ? mất_mát đồ_đạc , tài_sản , xe bị đâm đụng hỏng_hóc , biết_đâu mà bồi_thường ? tôi sẽ tiếp_tục hành_trình , hay ngồi đợi ông quay lại trả phương_tiện . . luật mới trả lệ . toàn nghĩ cách chộp giật .",2
"xàm lông , sai thì nhận cmn sai đi còn cãi cùn . thích thì đây nhận cmn là cực_kỳ kỳ_thị , rất kỳ_thị . . đi , đây chả nhận văn_minh tiên_tiến cái gì cả . còn thích văn_minh tiên_tiến kiểu đó thì cứ thế , xin mời !",1
kỹ nguyên oằn mình 😅 lắm 😅 chứ vươn miinh cái l n j,2
để hình con chó con heo bình tùm bậy tùm bạ . chửi anti thốn vl,2
trước là trận lượt đi đây là trận lượt_về,0
cô ơi cô có dòng_họ với hồ xuân hương không cô cô nói gì 1 tỉ không bằng vải chùi âm_đạo của cô hả 😂 vậy trước_tiên thì cô thay lại cái áo của mình đi nghe cô 😂 dù sang cở nào thì cái áo là nó làm mất hình_tượng hết đó cô ơi 😂 . .,1
em chua yêu ai bao gio,0
nguyễn hữu nhân đớp cả của cháu . thứ mắc dạy,1
tuổi cũng cao rồi mụ già ơi . sống sao cho con_cháu bạn_bè quê_hương tôn_trọng quý_mến sau_này mụ chết cũng về với cát bụi thôi,2
tin huynh y rang 😂 😂,0
trần sang công_sức của mấy bác m kêu ổ là ổ thế_nào,0
thùy_sao ấy,0
rất lộc,1
nhin guong mat sang lan . . cai dau trong rong . . o ben trong cai gi cung thui . . mo mieng ra cai gi cung thui . . dat nuoc oii . .,2
phim best hay mọi người ạ 🤗,0
đất này phát con_cháu mười đời cổ cầy vai bừa kéo cầy trả nợ,1
"nó là thằng cuồng cánh tả , lím balls biden bác êi ! cái gì dính tới trump lắm và elon nó cũng vào chửi thôi 😆",1
nha ba nay o gan kho dan no banh xac,2
trước ngày giải_phóng sài_gòn giải_phóng miền nam năm 1975 tổ_chức cia đã vận_tải hàng chục nghìn con lai hoang thai trong các cô nhi viện miền nam việt_nam đến các trại tỵ nạn nước_ngoài nuôi dạy huấn_luyện phục_vụ hậu chiến_tranh việt nam hiện_nay là những kẻ hậu_duệ iệt nam cộng hòa sài_gòn và các con lai hoang thai rất mong sự quan_tâm cảnh_giác cao của mọi người và các cơ_quan_chức_năng việt_nam,0
thằng chủ_tịch thị_trấn lớn phết nhể !,0
vl quản_trị câu like vcc . mà đcm m . t không thấy chứ không phải chó hùa . m thấy không bình_luận đàng_hoàng cho ngta thấy thì m là chó j ? chó động_kinh hả,2
ôi đm xoạc háng ra đọc hết cái bình_luận thì đau cả cứt,1
u p được thi win ba no rô i chư ma u_p,0
hiếu đình quyền mé có nghị,0
rửa nách cho tiểu tiểu đi anh ba,0
chuẩn giáo_án cặc to,1
khoảng_cách là gì mà ghê_gớm vậy ? chỉ có khoảng_cách trong tâm_trí thôi chứ khoảng_cách địa_lý chả có ý_nghĩa gì nếu thật lòng 🙄,0
caccon de thuong va dang yêu qua nho ren luven thanh bo doi cu ho nhe csk vui ve,0
phan kimphu nhok yuki kieu nguyen hoá_ra hồi h mình theo trend đó nhan,0
hello mấy đứa lại là thầy đây 🤣 🤣,0
bắn bỏ nó đê,1
chết với cộng_sản thôu,2
d4ng y3u gk3,0
cướp ngày đấy,0
trần hùng bịt khẩu_trang mà đb,0
thèn này quá nói tiếng gì 😌,1
thăng đần phát_biểu,2
quản_trị não ngắn vl . . đó chỉ là facebook giả lợi_dụng trường_hợp con bé mỹ linh kia để câu like page thôi . ngu lắm quản_trị ạ ! !,1
chỉ có chúa mới hiểu mới biết được thôi thật 😂 😂,1
"tình_hình dịch_bệnh đang rất phức_tạp . mọi người ra đường nhớ đeo khẩu_trang . ai sống một mặt thì đeo 1 cái , ai sống hai mặt thì đeo 2 cái . còn ai sống như con kă . c . thì nên đeo bcs thay khẩu_trang 😏 😏",2
13 30 bài quyền của idol,0
ui dyt mẹ dân còng lưng ra gánh . thuê đánh x2 . đéo mẹ đổi_mới cuộc_sống,2
chặt bỏ chứ để làm gì,1
ta bắt trend hàn hay hàn bắt trend ta 🤔 🤔,0
phận khóc thuê kiếm sống . . tủi_hổ quá đi lắm,0
con me nay an noi lao phe t mai mo t bi qua bao nang ne vl,1
ngọc quá lại hoàng đi rừng à,1
thu hít,0
lan hoa tùng có dùng tài_khoản clone đi bình_luận đâu . .,0
câu nói của chuyên_gia mèo,0
thơ tặng nhung,0
địt_mẹ mấy thằng sếp và những thằng liên_quan của t luôn .,2
còn đó nó bị nứng lồn rồi nên nó chọc người_ta,2
cô lại dễ_thương . . i love you cho gờ cu 🥰,0
đả đả0 c h ộ đ lắm ế cộng_sản,2
chơi facebook đi con cho đê người dân thâ y bản mă t thâ t cu a ma_y thă ng cho,2
"thế có thằng ở miền bắc nào đó đã nói là trung quốc chiếm giùm , mai_mốt sẽ trả lại .",2
cực ky thuyê t phu c v,0
răng kêu ngột_ngạt_đồ,0
tịch an đời thằng cầu_thủ ở việt_nam mà xuống phong_độ là coi như ăn lz . kk,1
cứ như là 1 kịch_bản hay cho việc hợp_lý_hóa xây sân_bay long thành !,0
đuổi mẹ nó đi thầy,0
cang sem cang tuc moi người oi_phai su no moi duoc,1
"vậy_mà có khối người vẫn gân_cổ lên bảo dân mình có cần đóng đồng thuế nào đâu_đó . thua cả bò , bò còn được cho ăn mới vắt sữa , này phải tự nai_lưng ra kiếm_ăn mà sữa vẫn bị vắt đều đều .",2
xem anh cứ phải cười cười này mixi cứ phải mười mười này 3,0
dị_ứng với thằng_cha này quá,2
thằng làm nghề giáo_dục cuồng like .,2
làm đường sắc ngoài bắc thì người_ngoài bắc gánh mà trả đi nhé,2
một pha óc chó chó của à . ý_thức như ruồi của à,1
đéo m vàng n oc cái đéo gì láo phét . s o ke . đ t . m t i dân trung qu c nó chôn s ng n . bây gi đây . đéo m dân làm nail . mà sõ lá . lo la lên m ng . nói là s ng mãn đ i trên nhung l a cái đéo gì . dân chó đéo . s ng g a t o thì có .,2
xao lon qua,1
có con c luôn nè,1
"6 700 triệu tiền ship tháng , gì dữ z má , nói không sợ thụt lưỡi hả trời , ship hàng ra nước_ngoài còn chưa tới cỡ đó , mầy ship ra sao diêm vương cho người ngòai hành_tinh hay gì mà dữ z",1
nhìn mặt đã thấy chán mà còn 2 nhiệm_kì thì chán con_mẹ nó luôn rui,1
má chúng_mày có tiền mua vé không ma lo cho việt nam ! 😂 🤪,0
"trung dông nó không hien nhu việt nam đâu , không_khéo giống như cuba",0
0799595141 e sài mobi cho e cạc đi chị 😆 😅,0
em oi . . con linh dai loan no co nhô ? lông dai cua em chua ma em lai lên xi gon kiêm no con nua ? . . lam nhu em co bao_nhiêu vang lây ra deo hêt hay sao vây ? ? . . dzom giông vang gia ? . . nhin den thui lui ha . . nêu la vang thiêt thi no se sang loe luôn à em oi cho anh noi nghe ne . . em quên cai con linh dai loan di . . no noi bon csvn an cut cua no nêu ma no ngung goi tiên usd ve thôi . . chu no không co noi em an cut cua no . . em co biết miên tây bây gio bi nuoc man va khô han không ne ? ? . . bon trung quôc no ngan dong chây ? cua sông me kông rôi . . dân mien tay se chet doi het . . em chui ? thang trung quoc dum anh di_em . . em dzam chui ? không ne ? ? . . anh so bạn trung công no den nha em no nhô ? sach lông dai cua em do nha,2
"ai lớp du chu cà_mo , em yêu anh cho gờ c . u .",0
"tao thấy mày giống sát chết đang ngồi quán , con quỷ ơi",2
thiên_tai hạn_hán cũng đổ lỗi cho chính_phủ . vậy có_lẽ chó cũng_nên coi mày là thất_bại của việc bố_mẹ mày làm_tình phải không thằng quản_trị óc chó tao ?,1
lam sao ma co the tha loi duoc cho nhung người an noi vo hoc thuc nhu the nay . bo tay .,2
"hoc cc gi nua , ve_san với ma kiem an z",1
huỳnh châu chết thầy tôi,0
"tôi không nhịn được cười , công_nhận à lân hay thiệt .",0
thanh dung rất cả tên thắm ! ! mai t đổi tên facebook là đậu_thắm,0
dành lắm cho lũ quan_ngại,1
"phạm văn đồng hình_như ở đó không cách_li và khám chữa như mình đâu bạn , họ khá thờ_ơ và yêu_cầu_tự cách_li , hôm_qua mình có đọc trên page nào ý",0
xã_hội . . à mà thôi .,0
anh_em có link xem chưa vào đây gái ngon lắm,1
hậu minơ ok 🤣,0
chi hieu rat la that tha mien mo chi,0
quỹ đầu cằc nè mấy em,1
nhism,0
nể nhất anh phóng_viên ! ngồi mặt tỉnh_bơ không biến_sắc,0
tỉ_phú nào vô_học tẩy_chay đồ đấy,1
cây_bút đẹp_thế,0
ý thì mình ngu là đừng có bày_tỏ quan_điểm được không,2
"90 người dùng mỹ đều mong tiktok bị cấm , chỉ có bọn thổ_tả mới phản_đối thôi",1
phan ơ việt_nam . . đang đơi trân dân vê vn . .,0
lệ đĩ mà . em nó nghĩ tiền của pa chắc từ trời rơi xuống .,2
nguyễn thành nam vl tưởng như thế_nào,0
"lúc hoạn_nạn đấm nhau với mẽo không thấy ai . giờ phất lên 1 cái ai cũng muốn khoác tay làm_bạn , cái thế_giới này có kinh_tế trong tay nó sướng là thế đấy",2
"đây nư a nek , toa n lu gia o sư tiê n si đâ u o c cư c",2
con chó . tưởng mày được tung_hô à . lũ chó bánh mỷ nước_lọc đó xl cái cc . éo biết luật về nhà mà học ra đó đeo biển làm cc nhà mày à,2
tiến lê bố m thích đấy đạo_đức cl,1
yêu câ u chi ta bi ch loan lên chương tri nh đô ng cơ bay ra đa o cu a su 30 la gi ?,0
corona tuổi lon với cơ_bắp à tôi,1
cho à bu với,1
tội những người sợ những chi_tiết như tao,0
tham_nhũng đang rất ổn_định mà 😂 😂,2
đảng cộng_sản tô lâm,2
khi không con vb,0
paula lưu gì đấy ? đừng phân_biệt vùng miền,0
ác thật luôn khổ dân còng lưng,1
đùa_giỡn với trái_tim người khác,0
"nhà_nước việt nam là một lũ cặn bả , chó_má nhất vũ_trụ",2
có ai từ tik tok mấy đứa bạn bơ vô đây không 😂 h trường e ai cũg biết cô minh hiếu,0
xem công_an và báo nó rãnh hơn nè ! thông_báo người_ta lên kiểm_tra xe mang theo giấy_tờ nhưng mà toàn_bộ xe giữ chả có thông_tin gì . . vậy_mà cũng tốn mấy trang báo để đăng ! . . nói ngu thì kỳ nhưng chắc vậy gọi là đúng quy_trình nhỉ !,2
cố lên nào anh_em ! phải có cái đầu lạnh . quyết_đoán tự_tin may_mắn,0
"hoàng xuân tâm mắc cưòi quá cười , bình_luận này thật hài_hước ? ?",0
tuân nguyễn no lai cay vl ra,1
thầy hãy acp facebook em,0
cln lồn này xàm l quá ồ n,1
có bàn_chân lặng_lẽ . .,0
jum 80k ai qt nhắn_tin nha mọi người,0
cho hỏi tối nay live không .,0
quá kinh_khủng bọn này lừa_đảo . ! yêu_cầu cqcn vào_cuộc . . !,1
em thấy lủ chó viêt tân là có thwn thái nhất . tiếc là nó đã lưu vog,2
ma . o . cay . lay . ma . tuon . ma . o . co . chi . chua,0
thả được không anh mình ưi,0
chưa thấy con đàn_bà nào mà xấu như con linh lóc xấu mà còn bị khùng nữa,2
"mình thích nhất bộ đồ này của cô . vì quá yêu cô nên mình video về cô . ban_đầu mình đóng vai người mà cô ấy chửi , lúc sau vào vai người bạn , người em . mọi người trong cộng_đồng ủng_hộ mình nhé . cám_ơn mcv media đã đưa những hình_ảnh này lên làm nghị_lực cuộc_sống cho lgbt .",0
chi ba bi ngao đa ha chi 3,1
bữa cơm gia_đình 🙂 thíc thật ấy,0
oc cho,2
"căn_bản lắm crush vailon , không biết tỏ_tình con nào",1
siêu to khổng_lồ,0
đây là dân_chủ theo mẽo đây,1
"từ dịch này thấy ý_thức người nhật xăng đổ nửa bình , nhưng giấy vệ_sinh không_thể thiếu . không hy_sinh bản_thân để cứu người khác , người dính dịch thì kéo nhiều nhưng dính theo .",1
thôi đi con đi cho nieu mày giao quá mà làm thấy mộ noi đo đi,1
to lam cuop cua thật dan .,2
tẩy_chay là xong mõm với bọn này làm gì . n là người của cty ấy,1
hướng_dương ừ vừa lên đọc lại thì xác_nhận là chuẩn,0
hi,0
mấy ông đánh giầy kia không là dân à ? cũng lỗi của dân đi,1
mời con mèo ăn cơm v,0
ừ biết kiêm ct như lào cho gọn,0
nhìn rõ mồm ông nói i m boy one champ lee,0
nổ như bom .,1
"e trang_điểm lại cho chị rồi , giáng_sinh vui_vẻ c nhé 3",0
2 anh nầy nói_chuyện như 2 anh ngáo đá,1
"tụi tôi hỏng dám nói sau giải_phóng , chỉ dám nghệ_thuật_hóa sự_kiện sau 75 , từ ngày đứt phim . . 🤣 🤣 khổ quá .",1
ai cung thich dep . do dieu kien không cho phep c ah .,0
t fan bp support anh_em với bts . . nghe giọng văn muốn tát vào mặt vler . .,1
trịnh nam long bị ngu à ? quốc_tịch việt nam thì vẫn là người việt nam đi định_cư nước nào kệ cha ngta ? việt nam chưa cấm thì ông bớt lên_tiếng quá hộ cái lo chuyện bao đồng . thứ ích_kỷ cùng là người việt_nam mà ganh nạnh,1
thế ngày_xưa ông nội thằng quản_trị không mua_dâm mẹ nó . thì đâu đẻ ra thằng quản_trị như ngày_nay được,2
mỏ như cái lồn linh cá_lóc,2
z,0
con lợn này béo rất lon . bắp_tay to bằng ngón chân,1
là trai biết hát nhé anh_em,0
kiên lên báo này phạm kiên,0
việt nam chết là vừa . cho dân nó xướng,2
lại thế cường rẻ_tiền,2
tàu hủ bản_lĩnh lấy tài_khoản chính ra sủa nữa đừng lấy tài_khoản face clmm,2
lệ xồn . .,1
không hay như các bài trước .,0
lợi_ích nó dồn vào phần gọi là vl tinh . toàn chứ nhân_dân trên hoa thế_giới đều muốn yên_bình,0
"ổng nói đúng nhé , đa_số là thực_phẩm an_toàn mà nhà_hàng 5 sao , siêu_thị , lotte , kfc , . . tại dân_nghèo không thèm ăn thôi v ai kiu họ nghèo làm gì v",0
lỗ lồồn,1
"nói sai , hoa , quả nếu không có qt tiêu_thụ thì nông_dân việt_nam sẽ khó khó_khăn việt_nam cũng chẳng thân với thằng nào , thằng nào cũng thế thôi mẹ con_em đang sống ở chế_độ cộng_sản",1
phan thị huyền trang dép mua đâu zạ bạn,0
luật do bọn tham_nhũng soạn ra thì đương_nhiên là luật phải bảo_vệ bọn chúng rồi,2
hôm_nay tiểu sẽ sống_chết với concac abe,2
việt nam cố lên ! !,0
nhìn gì chửi thề,0
thằng này nó nghĩ nó là ai . không cách_ly thì cút qua nước khác mà sống .,1
"con quỷ cái này nước mắt_cá_sấu , bán hàng dỏm lừa_đảo có ngày xe đâm may",2
cảnh_sát giựt tiền_cảnh_sát giao_thông,2
fan anh độ,0
hết trợ_cấp phải không ạ . chúc_mừng những báo lá_cải đưa tin không có thật kiểm_chứng . đáng_đời,0
nó thích mình nó đã yêu cmm luôn chứ bắt m đợi làm lồn gì . đợi chỉ là lí_do để nó tìm xem có kèo nào ngon hơn không thôi,1
minh hiếu có cặt linh cá_lóc có lồn 2 đua bay loạn luan di_kiếm đứa con nuoi,2
"em ơi nhìn mặt đẹp mà không đẹp nết tại_sao là kiếp đàn_ông chuyển giới phụ nử đẹp người không đẹp nết vậy ta . ăn_nói không văn_hoá ai mà lấy , lấy về củng không thua gì mấy con việt_kiều chửi . phụ nử việt nam thuỳ mỵ đoan_trang hôm_nay bị mất phẩm_chất mất danh_giá bị đám yêu nghiệt này rồi . trời ơi_là trời sao bất_công giới nửa quá vậy .",0
hằngg ann đu ma_may,1
này thì đáng sống . mịa nó .,1
vân nguyễn chế ngủ sớm nha mấy đứa,0
"an noi nhu cuc , mat nhu thu vat",2
không icm lúc này,0
xin_lỗi ông a . quân_đội cảnh_sát không nhận lương để ngồi không . tập_luyện . dân ta có j để bức_xúc mà biểu tinh . đất_nước này chưa đủ hòa bình để chúng_ta sinh_sống hay sao .,0
phục_vụ giải_trí cả sư_đoàn . chứ đại_đội nhỏ quá à ưi,0
những thành_phần không muốn gì thì chết cũng không có sống lạ,0
có nói ông nào cũng ta vấn_đề hết . khòm lưng cuối đầu ngoan_ngoãn thì an_toàn,0
cực_kì đẹp_trai,0
trump nó bị điên rồi sao ? ngoài thuế_má với bợ_đít putin ra thì nó làm gì ?,1
minh hồng nguyễn có vẻ mình ngược_lại thì phải á c 😄 😄,0
người_ta còn chức_quyền thì nịnh còn hết chức cái biết liền . đúng là,0
đau gê á 😭,0
mày điên à ? ?,2
"đâu còn gì để chống_chế các bạn nhỉ , tiền thuế đóng vào để phục_vụ quan",0
bình_luận dạo sẽ thành fan cứng .,0
lũ đấy đang ngồi đếm tiền chia_chác kiếm được sau vụ đút_lót dã_man đấy,2
đm quản_trị phản lại cái động . quyền công_an thì có là nhé . đéo biết gì lại còn nguy_hiểm luôn . sửu nhi,1
được quá à_ơi ! v,0
gioi da người nua moi chiu ah 😂 😂,0
mày chỉ sống thêm 11 ngày nữa thôi ! tao dạy mày những điều tốt_đẹp sao mày sủa bậy thế trần đần .,2
hé lo,0
"trang bùi mi là trùm ỉa dạo đó bùi , ghi_nhớ dùm",0
phạm văn đồng bớt ngu đi được rồi,1
cần lắm tiếng_nói của 1 dâm_loạn_viên,2
ní nuận của dư_luận viên đây 🤣,2
"theo y thă ng quản_trị la cư hu ng hô n qua trung quô c ma ba o ma_y xa đâ p cho tao , không tao se ne m boom ma_y . quản_trị mô ng du",2
đcmm bình_luận bài viết của bố ăn lozz à cut vl,1
"ngày_xưa , chắc_chắn mẹ của ông de ông rớt trong kho bom 💣 kho đạn gì gì đây nè .",0
huy_hoàng xàm lồn ít thôi .,1
đau bụng quá chị ơi 😁,0
nể khắc_phục là gan_lì không chịu nôn tiền đlt hậu_quả mà nằm chờ phe mình lên_ngôi,1
nứng quá abe oi chơi e đi abe 😚 😚,1
làm như dân tin nhà_nước lắm ấy mà đưa vàng lấy giấy,2
co oi mieng linh nhu lon người_ta co thang vay do co,2
"em no dang di_tim do choi bi quen tren xe , moi người thong cam .",0
vũ béoo hoàng hiệp thành st lâmbuisoicapytn hôm nào à đưa các chú đi chơi như vậy nhé 😛 khà khà_🙂,0
"phục_vụ cho cộng_sản , mà không mang lợi cho chúng , những người này kì_vọng gì , mong chúng nhân từ đưa ra miếng xương sao",2
bạn đen lắm 😌 😌 😂,0
anh thư mấy lần đag bú cho chồng c cũng hay cười dị á 🙂 cái giờ c thèm ổng đ cho c bú nữa 😭,1
"kỷ_nguyên vươn vòi , 1 năm mà bị tóm vòi3 lần , từ tân tây lan tới chí lợi giờ qua nam hàn . , còn cái nào chưa được tố nữa . . cộng_sản đúng là sinh_lí thì nhìu mà sinh trùng thì ít .",2
đến cức tôi còn nhìn lần cuối rồi xả nước chứ như bọn hàn quắc đéo bh xem phim,2
ngân kim ra cái mặt chắc đẹp lắm à ngen,0
"chưi con khỉ gì mà chửi , anh_em không ngta qua lao_động kiếm sống thôi mà , người việt nam thì phải đi xklđ mấy anh mới thu thuế được chứ",0
người không ra người . ngợm không ra ngợm . ý_thức thì như đống rác . nhà_nước nên bỏ_tù những thằng coi_thường pháp_luật và tính_mạng người khác như nó . phạt thật nặng xem nó có im mỏm nó ko .,2
may trước đay ninh no chui liên oanh ma gio lai quay ra chui no ha cho may sang mặt ra chua,2
lại của team à em nhầm linh vật ớ dương_vật nhầm linh_hồn,1
các bạn có thấy các ông mấy bà mấy năm nay toàn đề ra những cái rất là vớ_vẩn vô_ích vô nghiã không . . éo thấy làm gì có lợi cho đất_nước ?,2
kiếp nạn lớn nhất của cô l chắc là lũ fan hãm l của cô đúng không,2
đụmámài,1
"mí . a ngon , c . ụ trump xơi cả cụm . 📢 thật 📢",0
sao tao thấy nó chả đẹp tý nào nhỉ ?,0
vinh nguyễn văn c . i vừa sinh baby hơn 2 tuần r á e 😁,0
thằng già sống bẩn quá,2
tối vô khoanh_tay xin_lỗi không anh ơi 🤣 🤣,0
tưởng sói bảo đưa ông_già về cao bằng học toán v,0
đéo đở dc,1
"toà mà làm_việc dựa vô lời khai thì ai ghét vu_khống thêm thì sao nhỉ ? ? hơn nữa tôi thắc_mắc tại_sao phải cố ép hải vào án tử_hình trong khi mọi thứ đều thiếu cơ_sở ? ? nếu kẻ khác giết người mà không phải hải , hải bị tử_hình oan thì ai chịu ? ?",0
chị là người khẩu xà nhưng tâm phật . chấp nhất vl gì với cái thứ đó chị ơi,1
nguyễn nhung cân_nhắc công_việc mới nè,0
em được làm fan cứng luôn rồi nè reaction quá hay quá cute coi mấy giờ này quá hợp_lí,0
không phải là undead nhưng tộc này là bất_tử,0
chi ơi chi la m đe_p chô na o qua ng ca o cho em xem ti đi .,0
"à ku lộc không phải nó thì là ai , đến bh còn bảo không phải do nó . khai gian_dối để qua cửa kiểm_soát là tội đồ lớn rồi . làm gì dễ có chuyện gần như cả khoang hạng thương_gia lây như_thế",2
coi chừg quản_trị nó chào thân_ái và dí đái vào mặt m giờ hỏi như thế cũg hỏi thì dĩ_nhiên là . . oh mà tao cũg đéo biết,1
"kính gửi barack , ngài nên học cách sống đế_vương như bọn anh đây . . khaa . khaa",2
ngưỡng_mộ lòng hảo_tâm của các mạnh thường quân đã hết_lòng giúp_đỡ người trong hoạn_nạn . 🙏 🏻,0
má nứng quá aiu ơi,1
thôn . . làm ! cán_bộ thôn . . làm !,2
ủa bác nghĩ ở mỹ ngon_lành và thân_thiện hơn việt nam hả,1
hằng thanh vl đây là cl 🙂 hoa đ gì mà hoa 🙂,2
xã_hội bồng_bềnh .,1
long nguyen_câm,2
sao lon qua cai ba oi,2
hãy nhớ con_người hơn con vật ở cái ý_thức 🙂,1
đồng nhựt huy thiết_nghĩ cho vào quan_tài là hợp_lý 🤣,0
chừng nào cái bọn súc_sinh này mới tha cho dân việt nam đây,2
bo cho do chu co do cai cc gi,1
bô ơi là bô,0
xin ảnh ạ,0
toàn là những con_người thiếu ý_thức mà ra cầu_mong dừng lại ở con_số này thôi chứ lo_lắng quá đi_cầu cho máy cha máy mẹ đừng đi tùm_lum nữa làm khổ nhiều người lắm muốn chết về nhà đóng_cửa chết mình mẹ đi,2
co con cac,1
"duy sama nghỉ nhiều quá thành đúp mẹ nguyên 1 kỳ , sau_này học xong đh mới thấy thời_gian nó quý như nào",1
hoan_hô bác đại_biểu này nói rất đúng và chất cho tầng_lớp . .,0
gdinh nó có công với cmang . còn gdinh quản_trị trốn chui_lủi như chó . thấy nó giàu và béo hơn mình thì ghen tỵ 😂 😂,2
đập ngu như thầy thì mãi_mãi cx dell lên được 7 e_thề,2
"gg 4eva chửi cha mày ha gì mà mày lên_tiếng . tao vào bình_luận bình_thường bả có nói gì đâu , đm trải qua bao_nhiêu chuyện như vậy ai mà không thay_đổi",2
"996 giúp lão giàu thêm , nhân_viên thì dành lương nộp cho bệnh_viện .",1
tôi cười không ra tiếng mà chảy nước_mắt luônn 😂,0
nguyễn quốc an nhìn như con đười_ươi,2
dạo này ổng bị dịch nên im hơi rồi à,0
"các bác cứ nghỉ ở nhà , nhưng tăng cân thì vẫn phải tăng nhé !",0
đm thầy 🙂,2
nói ý_kiến của mình mà bị gọi là phản_động . . xàm vl,1
vậy cộng_sản ăn vào người rùi nên vl máu .,2
"day không phai la con_người nua , , tinh_tinh_tinh , ,",1
con mèo tệ_nạn,0
1 điếu cho k atm cao_lãnh,0
trại lợn đó ở đông lào mà ta 🤭,2
ok anh eii,0
trần minh hoài là hình cánh hoa nha c không phải cailoncat cười,2
giờ nó lên chức giữ máy_bay rồi,0
"đạo_đức giả là hành_trang , của các quan . không_thể thiếu trong lộ_trình quan_lộ .",2
mày nhiều huyện coi tự té vô dùi_cui chết đó add v,0
báo giao_thông thì một phe . chúng đăng báo để dắt_mũi dư_luận . nhưng toàn dân đã không còn tinh cộng_sản nửa rồi . một ngày không xa cả nc sẽ đứng lên thay_đổi cộng_sản,2
clm nó bẩn_thỉu như chó rác_rưởi,1
chă ng caption đu ng cha m tơ i lo ng tư tro ng cu a thă ng trô m vă t_thơ t â y_ma,2
văn hùng m là người làm ra trend à,0
bạn hãy đổi tên thành hiệp đầu chó,2
anh_minh chậm cái con cặc,2
phim này coi t buồn_ngủ mặc_dù t rất thích chị đẹp kristen 😞,0
"chào chế hiếu , cho địa_chỉ ks cai lay_di",0
thầy tôi còn đi đóng phim nữa mờ,0
chào ông trần dần mong ông mạnh_khoẻ,0
đm bo n thuyê t phu c xl,1
trung cộng phát_hiện có cả virus trong nước_tiểu nhé .,2
xử_lý hình_phạt thôi,0
mom thui qua con nay loa i không an ho c mat dai không so mot con nao tai sao len xin lo i kho c nhu cho,2
í o í òoo,0
lịt pẹ vỗ_tay 👏 👏,1
tên bán nam bán nữ,1
vụ nổi_tiếng nhất là vụ em bé napalm . nguồn tin của mỹ nói là do phi_công iệt nam cộng_hòa làm .,2
"nguyễn thị thủy_tiên miễn_là vẫn có tiền trả cho nhân_viên thì ngta vẫn làm , nhưng những chỗ khác không có tiền trả lương thì phải chịu rồi",0
đéo hiểu kiểu gì,1
mấy thằng này nó nát không gì nát bằng mà tin làm gì !,1
trần mạnh hải do hình có ghi nguồn rồi nên anh không ghi cre nha_chú,0
công_nghệ đức của lắm nhà_máy nước sông đuống đây hoá_ra chung đức là,1
tứ trụ . tứ là t . ử nên họ mới thành ngũ . tên mới là n . g . ũ q . u . ỷ hay vl n . g . ũ q . u . á . i cũng được .,2
kể_cả biết tiếng cũng fai có phiên_dịch fai không mọi người,1
việt tiến nghèo là rõ 🤦,0
panda thái đã xem,1
thôi ông im mẹ mồm,2
cái máu lồn gì cũng kêu lỗ là thế lồn nào nhỉ .,1
cười muốn xỉu luôn á kk,0
nhiều khi người_ta chưa phát bệnh nên không biết mình bị ấy bạn ơi . phát_ngôn cũng phải nghĩ 2 chiều,0
dit me vao long tot cho de cua may à,1
văn nguyễn chứ hàng thiệt kiểu gì mà 200k 300k,0
"cho không mat duoc nga voi , nhung vl chi 3 an cuc duoc do nha chi 3",1
diệp hy thích thì mai m,0
tại vì mỹ nó to . lại nhiều b52 . nên nó có quyền áp_đặt cho thế_giới . không nghe nó cấm_vận cho . lại bảo nó ác,0
phan tấn trung . . sợ nhất trang_web này hiện_tại,0
chính_thức hết thờii,0
lớn mấy tuổi_đầu rồi nói cho như thằng không não ? ? vẫn cố làm_trò ngu_si của mình để câu view éo ? não cá_vàng ? hiểu sao được lm youtuber bệnh_hoạn vcl chửi cho càng bị bệnh nặng,1
"ăn_mặc không để đụng hàng , nên cũng không giống ai và con gì luôn .",1
con_cò be_bé đây rồi 🤪 😂,0
thế thua gì bác . . không công_khai mà cả việt nam điều biết tên e nó bác nghĩ ngta đón được sao ? ?,0
"xưa có câu , tham thì thâm",0
bản_chất con_người . . loại người này xin_lỗi ngàn lần cũng không tha,0
"bố cái thằng ad , có cơ_hội lại chả đầu_cơ luôn ấy .",1
việt_nam đã đến mặt_trăng an_toàn rồi nhé các bạn,0
tao luôn thu nhat nhung thang theo tan san lam cong nha nat cua cua dan,2
nói_chuyện vô văn_hóa . . bắn chết m giờ !,2
"ngọc hải ê , biểu_tượng cl của m thành trend bên hàn_quốc luôn r kìa . .",1
thằng chủ chó bị lũ chó bắt giam đến giờ chưa thả . quản_trị nắm thông_tin vụ này chia_sẻ với anh_em gấp nhé !,1
hi_vọng là sẽ được vì đang rất cầm chiếc card này để hoàn_thiện cây pc 😞,0
nói hay lắm bác ơi,0
địt_mẹ các bạn ý . cười rụng con_mẹ nó mồm rồi .,1
"np hi phải biết rằng giáo_chủ này là lãnh_tụ tối_cao , np hi còn có lãnh_tụ nào đấy thì đem khadaphi chung với thờ !",0
xin 7 tháng 😅 😅,0
lại vì huệ như ngang tầm với chủ_tịch i chi minh có đúng không nhỉ các bác cho em ý_kiến,1
nhin cai mieng linh toile . . vl going cai cau tieu we,1
em thì ngược_lại cô ấy ch bao_giờ chấp_nhận em,0
"ông thấy đấy ông quản_trị ạ . nó cướp rồi cắt_cổ , mình đi . nó cướp mình bắt nó không chế mà nó bị_thương thì mình đi tù nchung luật_pháp buồn_cười lắm .",2
gặp máy chị ninja thì né luôn . trước mình đang đi lúc tắc đường có mụ đi giữa đường rẻ phải vào mua hoa_quả luôn không cần xi nhê gì . 3 tức mà đéo làm gì được bác ak .,2
chuyện người_ta thật làm chúng bây ở đây làm thầy_bói . rảnh háng thật,1
"cán_bộ , công_an còn xuống_cấp nghiêm_trọng thảm_hại . . sao trách dân đòi dân phải ngoan , thượng bất_chính hạ ắt tắc loạn . .",1
hèn với giặc ác với dân nói nhiều rồi,1
hang tran t cãi với m hoá_ra t bằng m à 😔,0
hồ thị trúc phương uak . . khoảnh_khắc huyền_thoại ra_đời 🤣 🤣,0
hóng ảnh nude full hd,0
nước_hoa đểu lấy đâu ra xịn hot_girl méo gì nhìn xấu vcl thề,2
vì 1 cá_nhân mà gây ảnh_hưởng đến lợi_ích chung của cả cộng_đồng . nghành dịch_vụ như tụi tao bây_giờ đang điêu_đứng . lúc trước nghe tin hết bệnh rồi thấy khởi_sắc lên lại chút . giờ nó tái_phát lại thì quả_thực là điêu_đứng . mong dịch_bệnh sớm hết để mọi người có công ăn việc_làm trở_lại .,0
chúng_nó đ . ớ . p c . ư . ớ . p có tổ_chức .,2
con nay da vo mat no cho đa,1
người biểu_tình cuba ốt phá trụ_sở đảng cộng_sản,0
dân được vl . lđ bàu được biết_đâu . toàn mật mật,2
không có tiền mà xạo lồn,2
thanhhuy nguyen_vcl,1
tóc rừng rậm nhiệt_đới à độ,0
vl anh_em nhà ông độ đông thế_cơ à giống nhau y_sì,1
lon roi an noi mat dai,2
qua bên mĩ còn tư_tưởng độc đảng như china,2
dẫn_độ tội_phạm tc rất hoành_tráng,2
dung la con linh dien dien vua thoi chang qua nhắn_tin goi de choc my dien thoi con_người nhu linh dien thi ai them,1
"phúc lê mày mới khẩu nghiệp á . tao đọc bình_luận mà thấy rõ ai nói_chuyện sân si , mất_dạy liền . thứ đàn_ông mà nhảy_dựng dựng lên chửi trong khi người_ta góp_ý lịch_sự , rồi nói người_ta dựng dựng mà không biết nhìn lại bản_thân miệng nói mấy từ như đứa thiếu giáo_dục , không khá nổi d",2
mình cũng ghét cái bọn con_trai làm mất thời_gian của con_gái vl,0
có ngày sẽ có tin con này phơi xác .,2
"chưa bao_giờ nền giáo_dục được như ngày hôm_nay , học_sinh nữ lột quần_áo đánh nhau ngoài đường , học_sinh nam đứng cổ_vũ , thầy_giáo giao_cấu với học_trò đến có_thai , cô thì đánh học_sinh đến nhập_viện cấp_cứu , học_sinh ra đường như du_côn , đánh nhau như phim kiếm_hiệp , đấy gọi là hạnh_phúc hả ông ?",1
lê thành trung_học_trò lồn 🙂,2
"nl số 1 á , ta thích c trinh nh géc thèn tiệp rất",2
thầy này chỉ đùa thôi v,0
cường_quyền ác_bá !,2
tẩy chai các sản_phẩm của tân hiệp phát . .,2
long nguyen_câm,1
ở việt nam cn đang lm kiểu 887 ngày lễ trong các cty đây này,2
chuyện người_ta làm chúng bây ở đây làm thầy_bói . rảnh háng thật,1
mấy th mặt lồn,2
"có một sự tồn_tại của đàn bò mang tên cực_kỳ thuyết_phục , có sở_thích là nhai đi nhai_lại , mục_đích của chúng trên hành_tinh này vẫn chưa có lời_giải_đáp , theo như các nhà động_vật_học cho biết loài bò này có lối sống hoang_dâm trụy lạc , có_thể động_dục bất_cứ lúc_nào , con_số của loài này đang được gia_tăng đáng_kể .",2
phuong mất bạn nói đúng con hiếu vl thuy dại,1
dương đỗ soi làm j 3 v,0
vàng_ngọc mất_dạy đừng có xạo thật l nha condi cl,1
trend qq gì mà lạ lấm . cãi_lộn cát không,1
"đường_sắt cát linh hà đông cũng vậy , dân cũng đóng thuế để nuôi cẩu quan và tàu ! !",2
"đù cái bọn dư_luận viên lại được dịp vào như này mà đòi biểu_tình đòi cá . cái địt_mẹ bọn này éo thấy nhục x2 thì_thôi chứ , éo thể_nào tả được",2
mới chơi đá xong viết bài à ?,1
ngu vl . . tầm nhìn bọn trẻ trâu việt plus chỉ được 1 năm thôi đéo được 100 năm đâu . phá đi phá cho tan cái đất_nước này đi . dân ngu hậu_quả 1 quan ngu hậu_quả 10,2
thă ng cha na y cươ i tươi như chưa tư ng đươ c cươ i,0
cô nói_chuyện thấy cưng thật luôn,0
kiep sau may con dy bong nay luoi phai thuc vo cua minh moi vua bung tao da la bong ma tôi ngay chui nhau xem ma ghet ghe do bong khung lon nhan xet chinh xac,2
thủ_tướng lương nghe bảo tầm 15tr 1 tháng . . 10 căn nhà . . căn cấp 4 xây sơ xài ở quê giờ cũng 300tr là ít . 10 căn cho 3 tỷ đi . lương thủ_tướng 1 năm 180tr . cho là ông ta không xài gì đi vì nhà_xe . cơm_nước đảng lo . . vậy chắc phải làm thủ_tướng gần,2
bầu_cử qh mà cứ đạt 100 phiếu bầu thì chỉ quá có_thể là gian_dối !,2
thân hoài thương ? ? hay thì like đéo hay chả nhẽ không được dlike ? lạ lồn thế ? sinh ra nút dlike làm cc gì ? hát như cc thì chả dlike,1
có mặc quần không à,0
mấy bà bê đê_khỏe khoang khoác_lác,2
"bọn ricon toàn ngu học , thắng nó nói bố fifa lo vậy sao trận gặp vl psg thì bố fifa đâu chúng_nó không nói ?",2
xe cong tuc la cong tac . con xe dan tuc la dan den . bon bao ve chi la may con cho giu cua neu dan cho an thi no theo con quan cho no an thi no theo thoi bon cho hua ma,2
bắt được bắn thấy mẹ nó lun,1
quá sàm chứ liệu gì,1
"thằng mặc váy , bởi_vậy hơn thua với đàn_bà ra_mặt 😂 😂",1
hitman,0
rất thuyết_phục mặc_dù chưa có người_yêu cũ,0
cô t sang chảnh vl,0
phuonng annh ý là nói tình_hình đn vậy thôi hà chứ gì đâu 😂 😂,0
mất văn_hóa . . mặc vậy bó_tay . . cơm . phong_cách như cc người_ta . 😋 😋,1
năm_ngoái nơi tôi ở cũng có gd mua nhần con so này . người mẹ nấu canh cho 2 đứa con ăn sau ngộ_độc mất cả 2 . cái anh bán con này cho người_ta cũng bị bắt đi rồi .,0
"lò à kí thôi xong , no more ra ngoài",0
"hà lội văn_hiến phải khác người chứ , sống như chưa bao_giờ được sống , hít thở ôxy thiên_đường là vậy đấy",2
công_an xã lắm là nơi nhiều cái bí_ẩn chết nhất,2
tao đi sục cặc tiếp đây,1
"nhảm thiệt . ông park là hlv , đây là nghề_nghiệp của ông ấy , vậy nên ông ấy chỉ thực_hiện công_việc của mình thôi , mắc_mớ gì vận_động người_ta nhập_tịch . đầu_óc chó có bệnh à . chưa kể bây_giờ còn là kì trăng_mật , tung_hô công_an ngợi , đến lúc ông không mang được thắng_lợi tới lại đuổi thẳng cổ thôi , ở đó mà nhập_tịch với chả giữ tịch .",2
mr plan is funny . kk,0
quyền bộ_trưởng ráo rục chứ đâu phải quá giáo_dục đâu nhỉ,0
cả nước đồng_lòng riêng em thi không,1
bao nay dung la bao doi,0
đm cái con nhà_quê nhiều tham_vọng ! ! sủa ít thôi .,2
10 44 mac cười quá,0
hình_như thằng này là thằng muốn ăn_gỏi mc phan anh đây mà 3,1
qua vụ này tôi mới biết vũ khắc tiệp là ai .,0
nhac nghe chan vl,1
đen tiền đến để làm vui_lòng trump .,1
con_trai à đáng yêu vlon 😍,0
về nước à nên vào tù ở trước thay_vì gặp người khác xaolol,1
có tiền rồi nói gì cũng chuẩn chị ạ,1
mãi_mãi yêu cô minh hiếu i love chu gờ mo,0
thật riết tưởng idol thật là trâu_bò không đó 🥰,1
"gia mà nói_chuyện vô_duyên , khoe_khoang đu thu",1
"dịt mẹ đéo báo cong an bắt mẹ đi họp bàn cái lồng , mẹ đi xe buyt mà éo bảo_vệ được khách_hàng",1
cái này tại dân . . cu hòi húng nó bảo thế v,0
"mô t bai viê t_phân tich va đa nh gia co cơ sơ ro rang . đanh thep cho le pha i , sư thâ t . nhưng ro rang hơn la lưư manh coi thương mang sô ng cua đô ng loa i . ko đư tư ca ch va không thê biê n minh được tô i pha m nguyên hi nh va co tô chư c . xin ca m ơn tg .",1
quản_trị nó táp mà tưởng chó táp cức ko .,2
thôn làm là tham lồn còn thôn lầm là do thâm lồn của con_gái mẹ chúng_nó,1
dân_trí tran nói hang thấp lại tự_ái 😀,1
nhật_ký yêu nước thế_thì mày bảo bố mỹ mày thử chọc vào thằng tầu đấy xem 2 hòn lên còn hòn nào đúng vị_trí không hay nó chạy hết có cổ_họng rồi,0
nhịn nói sẽ bớt ngu chú ạ . . hi,2
"địt_mẹ tao còn nhớ lần t đi thi học_sinh giỏi lớp 9 môn vật_lý mẹ t nấu chè độ cho t_ăn , sáng đi thi vui_vẻ vào thấy đề dễ làm nhưng mỗi tội mẹ tao nấu độ đen chúng m ạ , nên t làm bài được hết nhưng câu ngu nhất vẫn là 7 7 14 đm nhục vl",1
thằng đjên nào soạn_thảo thế .,2
như buồi thầy ạ,1
nguyễn đình hưng đường về,0
con này ấy vl như con hấp nó,1
phương minn sau khi bạn nói câu này tôi biết bạn là 1 người biết nghe nhạc,0
trăm năm kiều vẫn là kiều . đu càng qua mỹ xao cười vẫn hay,2
nghe có vẻ đáng yêu nhunge lại raats dễ_thương,0
đến xin_lỗi mà cũng không đúng người . . ! . xin_lỗi mấy anh giao_thông chi ?,0
xl,1
chúng_mày đốt luôn đi cũng kệ con_mẹ chúng_mày,2
1 kẻ lừa_đảo bị phạt tù rồi qua bển thành nhà nhân_quyền 😂 😂,1
con điên,1
giờ_phút hạn_chế đi du_lịch đi trời . .,0
ngu phong bi câ p quyê n loa_n_ngôn . .,1
sao cái bọn tìm_hiểu qh theo_dõi ai nó rảnh vcl thế nhỉ,2
thành_phần thối_nát,1
"nguyen cuong lên google search thảm_sát mậu thân 1968 , để biết tội_ác vc .",2
huyền khánh phùng giống bố hồi nhỏ phết,0
còn này thật hoc,1
thế giờ quản_trị có chỉ được tôi xem nn này có cc gì mặt tốt không ? có mới sợ đó,2
ông bệnh thần_kinh mà không hây,2
mất hình_tượng vl,1
vừa đọc thấy vậy á,0
thôi đi thím cán bọi bị bắt thì phải mất vài trăm lắm triệu chạy_án thì mới mong yên_ổn,1
"báo này viết sai với thực_tế , chắc_chắn bị kiểm_soát quyền tự_quyết đã không còn được tự_do nhân_quyền rồi 😂",1
nói í thức như đầu buooi thì lại tự_ái .,1
à ha,0
bạn ba còn gạ bạn thơ vô to lét nữa,1
thằng nào làm_sao cho nó đi tù qúa là bất_công !,0
chắc có từ thôi còn bộ_trưởng bộ c . a luôn tại bộ này mà làm thời đó thì thời phải biết lính quèn còn có tỷ đô huống_chi là bộ,2
k h i ê u d â m hay gì,1
em chào chị,0
"vấn_đề sang đấy làm được cơm_cháo gì hay càng ăn_bám trợ_cấp , làm nail với culi như cái đám đu lại thọt mà ra_rả kêu gửi tiền về nước nghe lắm to_tát quá cười",1
đậu_xanh rau_má thằng dư_luận viên nào vào vl đỡ dùm cái chủ_đề này cái v ? giải_thích sao định_hướng xhcn mà lỗ nhiều vậy ?,2
ôi anh quang 😂 😂,0
ai người bac vao nghe no chui nay con nay gap no phai xe hang no ra sat muoi thoi . chu không cho no len mang xin nua,2
"mấy bác ăn_hại có làm éo j em cũng chẳng quan_tâm , nói hoài mỏi miệng nhưng cái hành_động lâu_lâu có tàu lạ hành_hung ngư_dân , đâm chìm tàu ngư_dân của quãng ngãi có biển số tàu trung quốc mà không lên_tiếng thì em không chịu đuợc , rồi tối thời_sự lại đưa tin t",2
chán cái địt cụ mày,2
minh luc co cai cam nhin vo la biết sua . nhung xau qua nhon . nhin la biết cam_gia . xau . qua .,1
cố thì cố nhưng như này là thi không đều nhau rồi,0
hoangg an ôi nhìn con phò sena mà xem 🤨 đau hết cả mắt,2
bán hàng online bất_chấp vậy hả trời,1
tư_bản giãy_chết và kết_quả là chúng_nó vẫn cho con_cháu gd sang đấy giãy_chết,2
20 10 vui_vẻ con bóng sadec,0
đm,1
ong xao lon qua di_ong oi .,2
ông noi sai sai sao tl cô bâng tiên symaa cung nhu tcq cung cô bâng ts luât cuâ đhl hâ nôi,2
đúng . cần phát_huy những người có ý_kiến sán suốc,0
"con điên đi next mẹ mày ,",1
"ai là người miền bắc nhào vô rửa lỗ tai , chứ em miền nam nghe xót_ruột quá , cầu_xin cho linh cá_lóc nhanh_chóng bị nghiệp quật .",2
bill gates không bao_giờ làm ta thất_vọng,0
nguyễn thuận trước khi phát_ngôn không chịu suy_nghĩ xem chủ tus nó nói gì . . thì ăn chửi là đúng thằng ngu ạ,2
tình_hình là chưa được lên fan cứng anh ạ,0
nguyễn quốc an thứ học_trò lồn,2
mồ tổ cha mày chứ không tưởng_nhớ . mày không biết xem tin_tức à,1
chị ba chuoi nghe đã lô tai,0
duy hoàng cdb,0
"dieu dau tien , em xin phep với chi truoc , em biết em chi là người xa la , ko có huyet thong ho hang gì ca , cuoc doi em qua kho mong chi , ru long thuong cuu giup em duoc không chi , em mang on chi nhieu lam , chi cho em muon do so tien em tra no , de em có tinh than di_làm , gio no nan chong chat , em không còn suc de song nua chi oi , em hua het no , moi thang em tôi ngan hang chuyen khoan tra cho chi duoc không chi , em mong chi giup em sdt of em 0869465036",0
3 que duy_nhất không bị ghét,0
gia cát lồn,2
linh tyny thị chịu,0
sao lại có những người khốn_khổ tại thiên_đường này chứ .,1
ơ tuổi_thơ của clear,0
hết chuyện nói thì dùng hành_động để hâm_nóng tình_cảm nên ngu_thế,1
abe dạo này nóng quá à hoong quạo nha abe . số abe nó mở ra zị thôi chửi cc nè abe,1
đmm . luc trước may bợ cười nó . jo chưi no . do suc vat . bede thay pai roi . nghiep chuong,1
huynh tin ai đôi heo nhiều nhất nè,0
à xamlol thật qua,1
nếu mà random 50 người trong số fan cứng thì à có_thể kí_tên lên 50 cái cốc đó được không ạ . e thấy như vậy ý_nghĩa và có tính sưu_tầm hơn ạ,0
rất chi là có sức_hút,0
câu nói mặc_định của bộ ngoại_giao . chứ nói_thẳng nó ném vô nhà vài trái là hết quan_ngại,0
dan khung ma ten tri gi dau,1
bọn dâm_loạn viên được dạy nói xuôi nói ngược mà_lại,2
võ thành toàn đây là cảnh khủng_bố đi cướp,0
được va i lô n à_ơi,1
tài của các vị lãnh_đạo là có thật ! hiện_tại đối_tác_chiến_lược toàn_diện với cả 5 cường_quốc_hội_đồng bảo_an liên_hợp quốc !,0
coi mà ghiền tập này nhất,0
1 công đôi việc r,0
"lý băng băng và phạm băng băng đều là 2 diễn_viên trung quốc ủng_hộ đường lưỡi bò 9 đoạn . có nhiều gương_mặt_khác nữa nhưng tôi chỉ biết 2 người này và bạn huỳnh hiểu minh , mấy người kia may_ra chỉ biết mặt chứ không biết tên yaoming",0
long_vương địt đấy,2
được của ló . 🤣 🤣,0
nguyễn minh hiếu thầy_t,0
vậy là e yên_tâm r,0
"mịa sao không cởi giày , sắn quần lên đi vô rồi mang giày vô có sao đâu , kiểu_cách cộng_sản ! !",2
huyền khánh phùng gắt quá chị êii 3,0
moazhh yêu abe lắm lunn,0
địt_mẹ nghĩ chán 🤤,1
"tuan quoc so_sánh với con_gái , chửi con_gái ngta , này đ nọ đ đéo biết mày có cc không nữa , hay não toàn phân bò",1
12 07 tiếc ziên là lè lưỡi,0
bảo tín lại còn không biết bơi 😭 😭,0
nát hết rồi,1
quang chivas bố tổ_sư thằng bại não,2
con linh cá_lóc xấu người luôn lại xấu nết chưa ai có cái mồm xấu như con đó,1
"đcm facebook 1tr fl mà cũng cho bay màu dc , giỏi đấy",1
lại chuẩn_bị bán hàng online à . . cười ỉa 😕 😕,0
thanos đời thực v tư_tưởng lớn gặp nhau,0
đcm cái loại giả đạo_đức khi không được giáo_dục,1
"bảo ninh tội ít , bọn tung_hô , đưa vào sách giáo_khoa mới tội nhiều . nên khởi_tố vụ án .",0
nhìn giống con cặc à nhầm con cua,1
ngta nhiều lắm có 2 mặt đằng này tận 4 mặt ! !,2
"đư g đu a mâ y cha công_an mâ p mâ p , cơ mâ y thă g o c cho lâ p page na y thi no đâ p cho bô me nhâ n không ra_nhe",2
xàm chó thật,1
đây là biểu_cảm khi hai cháu xem,0
be de roi lai con lam chuyện,1
cùng một lỗ đẻ ra và ngu như nhậu,2
kim trang trend bác ạ,0
"thầy lồn được cái sủa dơ , yêu thầy 3",1
đéo bjt là mua hay_là thu,0
chúng xây tượng_đài nhiều hơn trường_học .,1
đéo quan_tâm t nào lãnh_đạo ?,1
số người đi học mới về xem luôn,0
địt_mẹ tôn ngộ không trông chán 🙂,1
hy_vọng bác không bị chết đột_ngột như bác thanh v,2
thôi anh im mẹ mồm đi nói nhiều quá,2
lại cấm giơ nốt áo cr7 nữa thì bố mày cười,1
í tưởng hay đấy à_ơi,0
"đm . dn nào cũng đóng thuế cả nghìn tỉ . thế có_nghĩa_là dn nào cũng được phép làm_ăn bố_láo à ? mà tiền thuế đó ở đâu ? cướp ra chắc . do người tiêu_dùng , làm_ăn sai thì tìm cách đẩy người tiêu_dùng vào tù . v",2
mất_dạy,1
page xàm 😂 bọn ricon nữa 😂 hơn,1
lê an cải_lương,0
vay nằm vay lốn,0
đẹp_trai nhau nha_gia u_sao ma bi nhu ng thê na y,1
"đm cái mỏ như mỏ_vịt thề lề , thè_lè , thấy ghê jk nào dừa chắc ooke",1
aespa ăn gì mà chủ tus cay cay_thế xin thưa rằng ăn pak 😌,1
trịnh nam long bị ngu à ? quốc_tịch việt nam thì vẫn là người việt nam đi định_cư nước nào kệ cha ngta ? việt nam chưa cấm thì ông bớt lên_tiếng hộ cái lo chuyện bao đồng . thứ ích_kỷ cùng là người việt_nam mà ganh nạnh,1
cho con xin cộng lông,0
ngoại_tình vậy mà thầy nói mẫu_mực 😕,0
con_mẹ mày . nhạ ơi . nhòm vào bữa cơm 25k của các cháu trường tiểu_học hạp lĩnh . tp bắc ninh xem mày có đớp được không,2
chung bị dân việt chơi đến_cùng,0
dầu của nó y_như nước_lã ai bị gạt r mới hiểu,0
thiên_hương lê hồng ngân quá nhanh quá nguy_hiểm,0
đợi cc,1
thanh_bình do anh bảo không có tư_duy của con_gái bình à,1
chỉnh lại ông xe . bô với trả cộ ẩu vl,1
phương minn ngộ_nghĩnh nhỉ lạ lone nhỉ ? rõ_ràng cố_tình tạo scandal để bán hàng online mà làm như hay lắm . sống bẩn_thỉu v ai mua đồ cho trời .,1
công_ty nhà_nước nào cũng nợ haiz . . mà lương ông nào cũng cao,0
sướng quá cũng kêu,0
đình quang xạo l z pa,1
nguyễn văn nhạc đã thưởng nhạc của nguyễn văn thạo,0
"tao theo lon may tao treo len cay dua , chi chuoi nge vui qua de thuong",0
lật như lật bánh_tráng_vậy trời hôm bữa bợ_đít bã giữ lắm mà,0
quá hay cô minh hiếu,0
"mấy tk nhiều tiền có khác , lúc_nào cũng dị và khác ng 😄",2
im_lặng lại đúng tốt_đẹp phô ra . xấu_xa đậy là !,0
trong lúc nước sôi_lửa bỏng này mà vẫn có kẻ nhận_thức kém_vậy,1
"i love you chu cà_mo . chúc cô và gd thật nhiều sức_khoẻ . mong chương_trình ngày_càng thành_công hơn nữa , để ngày_càng có những mảnh đời , những góc khuất cộng_đồng lgbt được chia_sẻ , lan_toả sự cảm_thông từ tất_cả mọi người",0
add là cái lồn gì,1
lũ khốn_nạn . rút sạch sương máu dân,1
chị ba vàng là chị chó phèn à cười,1
chi_phối cả thế_giới 🤧,0
chó cắn lũ nhà việt_nam nc,2
"tôi bảo ô quản_trị nhé , ô mở phim sex lên , vặn loa hết cỡ mà nghe diễn_viên họ rên sẽ tốt cho não hơn là đi_đôi_co với phản_biện với lũ tiến_sĩ việt",2
bành bướm leo rankk,0
"xì tai này ông t hay mặc , thì ra là ăn_cắp ý_tưởng t báo_công_an",0
địt,1
"giác_ngộ đi , tp hcm nhé , bác giết sg rồi 😆 😆",2
200.00 hộp thuốc giết người .,1
thằng zô zăn hoá,1
sao con bop vú bà ngoại 😂 😂,1
vui lo ng tien tri khi na o ong tran da n chet ?,2
minh công nói thật bây gio ghét tôi bọn hàn như ghét cức,2
minh_mẫn vcl,1
diện trần có con mà r còn ngu mà rảnh lòn ghê,1
tầm này cấm nhập_cảnh hết 😢 😢,0
nguyễn thành_công thầy cố_tình vậy để đỡ luôn mất_công biến về đấy,1
con thuong co ba,0
link coi,0
"nguyễn phước uh , thế_thì tia cực_tím nó có tăng lên thì cũng là lỗi của mỹ , của tàu cả nhé , khỏi lôi ra mà chửi nhà_nước nhé , chứ cả việt nam này có ngừng sx công_nghiệp cho các thím ngồi đói rã_họng ra cũng dew bớt nóng , bớt cực tím được đâu v",2
tết này ấm mặc quần hiệu cao bằng 25k thôi v,0
"à lân và à derek phạm toàn gài ô trần dần vô thế xàm xí , để cho người_ta giễu_cợt",0
à xi đăng là qq gi vậy bà_con,1
nứng chưa anh_em,1
bao_giờ cho đến ngày_xưa ? chúng_ta hãy biết_ơn lịch_sử suốt từ thời 3 lần đánh nam hán trên sông bạch đằng . đừng như bây_giờ tên cũng không dám gọi . chúc bác lượng luôn an_toàn !,2
"vậy việt nam năm 2018 tăng_trưởng là 7,08 nhé , đập chết lắm china",2
"thiếu ! ý_thức của người việt nam quá yếu và quá kém . giờ_giấc cao_su , cha chung không ai khóc , thiếu tinh_thần hợp_tác . .",2
"cho chừa cái tội tài vl lanh , dmcs",2
viet cong la dang cuop phai lat no ngay,2
"người bỏ công người bỏ của . đệt mệ kêu mấy anh bộ_đội quyên_góp 500tr đi thì khỏi làm , còn không có tiền thì bỏ công , so so cái quần_đùi .",1
nguyễn sơn thiếu số nhỉ có số thì lại đẹp,0
e đâu biết chị minh hiếu là ai đâu . . sao m xạo lồn quá vậy cđl,1
park kee rất thích ở sài_gòn,2
"họ chọc nó một_chút mà nó đòi bắt họ nhét vào l , tum tóc chùi chùi cái đầu thì bây_giờ nó chửi cả nước việt nam_vậy thì hãy thực_hiện như nó hù họ vậy",2
máy hết đ i ê n nầy sao không ai nhốt lại để loạn con,2
"lúc trước nó lập trang này ra không vấn_đề j , mỗi lần nó đăng là cả mấy nghìn lượt like , giờ bạn thấy đấy , theo con đường này giờ nhìn lại nó có 88 cái like , thôi_thì mình cũng bố_thí cho nó 1 like coi như công pót bài . . cười",2
"làm như ở dưới gầm giường người_ta mà nói , quản_trị nói_chuyện ngu vđ",2
gke vay thầy . . thầy levi,0
bố m nhờn với m đấy à,0
thái vl lan đúng là cái gì cũng dám làm . còn hơn biến căng hàn xẻng 55,2
chơi tí đồ ăn_mừng,0
trèo cao ngã đau nhé thầy ngu,2
trần ngọc dũng người bắc thì nói bắc . . có cc gì mà phải nhột ?,1
"thằng mặc váy , bởi_vậy hơn quá thua với đàn_bà ra_mặt 😂 😂",1
29 40 con kì_thị lgbt,2
chuc bac luon mình de tiep tuc cong hien à lon cho dat nuoc to luôn,0
linh_chi may có khánh nó ăn_bớt tiền đấy,0
"moá , quái_thai",1
về nhà nhớ treo ảnh thờ t cao hơn tổ_tiên nhà chúng m nghe chửa 3,2
trinh thị wz,0
"anh_em nào đam_mê kèo banh bóng thì qua tường ông tuấn tommytham khảo kèo , kèo lên hay vkl , có link facebook cho anh_em nào cần thì vào",0
"thứ nhất_thời đó thì ông thanh đang làm_chủ_tịch đà_nẵng chứ chưa lên làm thanh_tra , lấy gì mà ổng bắt sai_phạm người_ta ? phe_phái quyền_lực phía trên nó chơi nhau nên lính lác mới chết , chứ ong thanh lên làm thanh_tra cũng chỉ dưới quyền , chưa kịp độn",0
"tạm dừng dùng facebook làm gì anh ơi , mặc_kệ miệng_lưỡi thiên_hạ họ nói gì thì nói , đâu phải ai cũng là người trong cuộc đâu . vì_vậy anh hãy tiếp_tục sử_dụng facebook đi , để còn biết trên facebook anh đang bị cđm chửi sml chứ",1
"thằng quản_trị này , mày điên à",2
hê lô mãnh_thú,0
iphone lấy mẫu nhưng không xin phép,0
thấy cô đẹp giống phụ_nữ hon khánh chi . trong tập này á,0
"thứ không nhân_cách , tiền nhìu cko ngta là cai nghiệp kiep trước thiếu ngta h trả chứ méo được miếng đức nào đâu mà hô_hào , chị ba ! chị ba phi",2
kỳ này mỗi lãnh_đạo chắc_chắn có máy_bay riêng tha_hồ mà đi !,1
phan nhật cà_khịa hơi cay đấy,0
idol . viết vậy là chết con đĩ mẹ người_ta rồi,1
anh lân nhịn cười tốt thật quý bác dần quá .,0
trend này về việt bẩn_thỉu ra đường nam lên cái lại thâm mắt 🐒 các idol bậy quá .,1
bóc_lột còn hơn cả bọn thực_dân nữa !,2
một lũ sân si thấy mình không được như người_ta rùi ranh tỵ he có giỏi làm được như cô hằng đi rùi lên_tiếng,1
mày không thay_đổi cả không_những bị khóa mõm và khóa luôn thì tay mày luôn,1
nhà nc tăg 1 thì mấy bà bán rau tăng 10,0
thinh hoang may là izakaya ở nhật chứ ở houston chết mẹ_t,1
quản_trị ăn phân con j mà ngu thế . . ? ?,2
đang ăn cơm còn ăn bim bim ? thế_thì ăn cơm làm_sao được,0
"tìm ra được thủ_phạm trực_tiếp hay gián_tiếp giết người thì đã bốn người theo xác_chết của người chết xuống âm_phủ rồi . . trường_tồn thật , luật quả_báo được thấy rõ . . hay nhất , hiệu_quả nhứt , thành_công nhất là thay_đổi chế_độ csvn và trung cộng thì h",2
đm quản_trị ngu vcl chăcs cậu đang tưởng mình hay với nguy_hiểm lắm đấy,2
những thằng nói đạo_lý thường sống như lon coca truong mình tuấn nguyễn bắc son 🤣 🤣,2
phạm văn đồng bớt ngu đi được rồi,1
hà nguyễn,0
tao thu nhat nhung thang theo cong san lam tan nha nat cua cua dan,2
vailonn,1
trung quốc thì nói mẹ trung quốc đi bày_đặt china chi nủng . đang nói tiếng việt hay tiếng anh,1
hahaa,0
"bà nầy nói_chuyện không có văn_hoá , không biết xấu_hổ",2
con đăng bài có vấn_đề về não hả,1
t cũng zui quá nè 🙃 🤣,0
sao cai mieng lắm no xau du vay .,1
dep qúa người đẹp,0
thân hoài thương ơ lạ luôn cười ghê . ngta hay thì like mà t nghe không hay thì t dislike không được à . ảnh_hưởng kinh_tế gì nhà bạn k .,1
thế_mà cũng đăng . . nuốt được thì đã chẳng trả . mọt_gông,0
xin link ca i ?,0
dân ngu cu đen chết cả luôn thôi,1
bo tay,0
mai lúm có thật không 🙄,0
ý_thức còn kém hơn điểm toán của tao,1
thằng việt quá ngu nhưng lại à dua thằng trung cẩu,2
trung sonic,0
"thằng đéo nào chả dơ , nhưng xanh chín hơn bọn thâm_nho nhọ đít rồi còn gì nữa",1
đông công_an là địt cụ m ngủ đi,2
"nguyễn tuấn hiệp , nhưng thực_sự nhạc nhẽo đéo nghe nổi hết 1phút",1
ronaldo tài_năng . messi tài nâng,1
là có văn_hóa nhé em v,0
"giết quách được phát ra từ miệng 1 người đại_diện cho pháp_luật vn , hỏi đạo_đức , trách_nhiệm của ông ở đâu ? hay ông là loài đv máu lạnh ?",1
phạm anhquân không cái live chat ở dưới là thật cái live chat ở trong video là fake,0
triều_tiên có cha con họ kim triều việt sắp có cha con tô họ lắm,2
trần thị ngọc anh hơn giống loài tỏ ra thượng_đẳng trong khi chả biết củ lìn gì .,2
đạt phạm dcu m bố dai như tk đùa m_thế,1
"t thấy bình_thường mà , có gì đâu",0
"công cha như núi thái sơn , nghĩa mẹ như nước trong nguồn chảy ra , rảnh về phụ mẹ giúp cha , cực_kì thuyết_phục mả cha chúng_mày",2
lâm hải_đăng này con so rồi,0
thằng chó ngọc đang bưng nồi cơm đã vở và ngồi khóc trong bịnh viện ung_bướu vì hít thở không_khí ô_nhiễm !,2
con quỷ lùn,2
mọi người vô like and share đi mình yêuu tất_cả mọi người vv,0
"thằng thuyvan chuyên đi soi_mói tra ip mem như con đàn_bà , trư khinh",1
thoi bot xam lom di_nhin cach an mac beo qua dzo,1
"hoan_hô cqcn của việt_nam đã ra_tay kịp_thời , bắt và bỏ_tù hết mọi thành_phần phản_loạn trong xh .",0
tác_giả đang nói thằng niễng và thằng cố_vấn của nó .,2
toàn đặng 😚 😚,0
"nó viết stt rõ ngu , ở đây ông pa và những người khác không được trả lương để đi từ_thiện mà họ còn tự bỏ tiền_túi cho những chi_phí liên_quan , còn mấy ông bộ_đội cbcs này ăn lương nhà_nước thì đây là trách_nhiệm họ phải làm , xin nhấn_mạnh là bắt_buộc p",2
tăm tămphuong trinhhoài thương_ôi sếp người_ta,0
cái tập_đoàn dacosan rước giặc đây mà,1
"má , . . xăng xuống giá mà luật công_an cứ tăng tên",1
e nge noi chi cua e cua chi co hk chu chi co cai lon gi,1
đây là vl lính của tô lâm . tô không sai thì sao lính làm,2
ủng_hộ abe ủng_hộ abe,0
tất_cả phải nhờ vào cái iq của nó cao v,0
"yên_tâm đi , ở việt nam thằng nào nguy_hiểm có nguy_cơ kéo cả dây chết là nó sẽ bị ngã cầu_thang hoặc ngã xe ngay lập_tức . giấy chứng_nhận tâm_thần được coi là kim bài miễn tử . nói_chung chỉ cần không ngã cầu_thang và có chứng_nhận tâm_thần thì có_thể sống khá là dai ! !",1
khá thú dị,0
"bác ơi về rừng đi , đó mới chỗ là của bác",1
làm như dân tin nhà_nước lắm ấy mà đưa vàng lấy giấy,2
tphcm có chợ_nổi,1
"crush mấy em t đậm sâu quá rồi sơ_hở cqq gì cũng nói đựt , chắc idol nó cũng nhàn_hạ lắm mới có tụi fan rảnh như nó 😏",2
nu danh hai kiẻu oanh chi bang mot nua con nay thoi không co len de bang con nay,0
anh cái lồnn gì cx giỏi mà giỏi nhất là bốc phétt thôi anh tiệp à,2
ông ở lại là thảm_họa cho thật việt nam cả nước mong ông về đi ông làm tổng_bí_thư cả nước treo cờ dủ cả năm,2
theo tôi cp sẽ nhập một mớ siêu xe để phục_vụ công_vụ . sau khi thanh_lý chỉ giá rẻ mạc . .,0
mes ddocj muoons sangr ddm,1
con nay tamthan nangkhung batron,1
cũng đã đến lúc những người làm công_tác bảo_vệ an_ninh . các khu_phố cần vào_cuộc . vì hình_ảnh của đất_nước không để mấy thằng lưu_manh làm mất_mặt được,2
"trương hải_yến ờ đúng t dị_ứng lắm luôn , ở nhà t con_trai được dạy là đi vệ_sinh thì phải mở nắp bồn_cầu lên , chứ để cả nắp rồi vương rất thế_nào cũng bị chửi . nên ra ngoài gặp t thấy chướng mắt lắm 😂",0
"vâ y đu ma thă ng quản_trị cho đe , không co tra i tim vi không cư u_đư a be , không ba o ca , không kêu ba o đăng . đu ma thă ng quản_trị",2
ảaa,0
danh_hài trần dần đang nằm_mơ dựng lại cái nùi dẻ trên đất việt kìa đúng là khôi_hài,0
cay thực_sự,0
tin_tức như cc,1
người có tiền mặc gì chả đẹp,0
mười cân có biểu_hiện thì phải tham_khảo cơ_sở y_tế gần nhất đã rồi mới đến bệnh_viện nhé chứ không phải tự_ý đến rồi lại tiếp_xúc bao_nhiêu người,0
me . bon tu ban chua duoi di . no ma duoi ve_cut không co ma_an,2
quản_trị ngu như 1 con chó . . xh nước nào mà không có cướp_giật . . chẳng_qua là kéo_giảm chứ làm cc j hết tuyệt_đối . . mày ăn cức nên não mày không phát_triển hả ad ! !,1
"đéo làm được con cặc gì ngồi múa phím suy_diễn đm tụi bây , làm được cái gì như người_ta rồi hãy nói loại ghen ăn tức ở",2
con yg sm gọi con 3 bằng cụ tổ,1
quyền bộ_trưởng ráo rục chứ đâu phải giáo_dục đâu nhỉ,0
lam thuy vy,0
non người hue . . không phai bac ky,0
vu quynh huong thế_mà nó đéo chết đi . giảm quá_tải cho thế_giới,2
chi ba đe_p qua,0
cái củ cặc gì cũng nói quá được hết,1
không trả bà bổ cây lên đầu nhé 😂 😂,0
đhhfhfhbfhfjffhhfhfhhcchg,0
lâm đình_khoa,0
hiểu anh_em là hí off quá sờ trym r đó 😂,1
anh 3 ngu vải ra hahaha,2
anh_em với tập cận bình bảo anh dạy cách chống tham_nhũng rất rễ làm và có dám làm không,0
địt_mẹ quản_trị,1
thương chị ghê,0
nguyễn tài koi cc bạn,2
nghĩ mà nó chán ! !,0
", này là quá liều r kiểu đã bảo chơi ít th",1
"ra dẻ ta , đây",1
tăng theo ngày à bâyy,0
"cười nói_chuyện vui dễ_thương quá c oi , đúng chất miền tây_á",0
sat mui vo lon no co hieu no vua sau vua nao yêu nua,2
quang minh cái lồn má,1
t biết chứ bộ nên t mới làm cành hoa cho m đó,0
chịu thầy đcm,0
in vô vở nhà_trường cấm học luôn đó abe,0
thầy có nhận đệ_tử không thầy 🙃,0
có lột cả va_li ra như thế kia không,0
giấy là nhà tiên_tri biết trước câu hỏi nên soạn sẵn ra đúng câu trả_lời luôn . 🤣 🤣,1
chẳng thấy nó đẹp ở chỗ nào cả 😤,1
việc của đảng cộng_sản việt ! không bắt chúng_mày lo lắm ! nam,0
nguyễn việt đức đổi tên cũng chẳng giải làm giảm bệnh_nhân đâu,0
thôi anh im đi,2
tiền thấy thường ít hơn tiền không thấy .,0
chắc hít dạ_hương xong lú cmnr,1
con c . a nhổ nuoc bọt với danh dan thì xloi song huề,2
cảm_giác ông cố nội tiệp lúc này trong đó thiếu quần xì của ngọc trinh hửi nên buồn phải rồi 🤣,2
xin chúc_mừng với thật đbc thoát khỏi nanh_vuốt s mặc_dù tôi không biết ông là ai ? xin chúc_mừng !,2
mai facebook thầy không còn 1 đứa bạn nào nữa luôn v,0
xã_hội chó má vốn không công_bằng,2
nghe thơm 🙂 lại thối nhưng,1
à thì ra vì muốn ăn 150 tĩ nên bán cái lương_tâm vốn đã rác_rưởi rưới để chê khoa_học gia nhật !,1
con_cháu tay rửa chén đi chê_bai người dũa móng tay !,2
chị thái và tội_phạm .,0
quản_trị óc chó chó,1
hồ khang đmm . ý_kiến của m như l ý .,1
khác_gì tát vào mặt thằng soang choảnh kia,1
"quynh nhu nguyen thằng lồn cha với con đĩ mẹ mày không biết dạy mày nên mày mới dựng lồn lên xem vào chuyện của người khác , bộ tao ăn hết của ông nội mày sao mà mày lôi tao vào . từ đầu tao đâu có lôi tên con đĩ mẹ mày ra nói đâu",2
lục lại làm gì để mang nhục_vậy,1
cho à bu thật với,1
địt_mẹ vô_lí,1
sắp tự kỉ vì quá mệt_mỏi thì gặp ngay quả ảnh đéo đỡ nổi 🙂,1
nhìn chi sang quý_phái !,0
công_ty anh ở đâu 😂,0
vậy ra cô cũng không biết thằng hùng dí con tư nha là ai 🤣 🤣,0
thì ra là quảng_cáo à,0
idol nè vũ khắc cặc,1
nhìn bản_mặt lũ cc con mà mắc ói,1
chào cô,0
douberkill,0
phết lo tết 😂,0
khả_năng thằng quản_trị chỉ có vl thế . thông_cảm,1
hmm anh giàu rồi anh nói gì chả đúng v,0
cái cố ảo chi thêm một phân bảo_đảm lão chết,0
dân ngu cu đen thôi mà .,2
chứ ba à chị ở bên mỹ chị chửi thì ngt không hiểu chị ở việt nam là chị chết mẹ chị rồi,1
đéo ai đùa như_thế,1
trymakk11 sv3 làm_sao nốt giờ trong bình_luận được hả bạn ? chỉ mình với . thanks bạn !,0
up youtube anh_em cho lên tab thịnh_hành nào,0
"m lảm_nhảm cái đéo gì thế , sai lè còn cãi , ở việt nam ! cái hay nhất nhà chối tội đổ lỗi thanh_minh , từ thằng quan tới thằng dân , sai lè thế kia mà còn lái đi đâu_đâu để cãi , chúng_mày vác cái đth sương chúng m , còn dân việt nam ! bên đó với nhưng người sau_này sẽ qua thì sao ?",1
"ê ? thật cắn đá quá liều hả bạn , nói câu ngu hết_sức . gửi bạn bài spicy của mấy ẻm nhé 🥰",1
"tổng_bí_thư tô lâm biệt_phái , luân_chuyển cán_bộ đi địa_phương trong thời_gian quá ngắn , không khác gì đi du_lịch",2
"em này không_thể tha_thứ đc , chị là người trung nhưng cái tính e này đã như vậy rồi không_thể sữa nổi . . dân chợ_búa rẩu rác_rưởi từ trong trứng rồi nước luôn rồi ! !",2
giống mấy ông trong trại thương điên ngôi nghịch kiến ấy . nhưng đây nghịch alone,1
thanh trẻ trâu đm,2
tội à tôi 😢,0
chó_má,1
"62 trong fd ngro mà trông t như người lạc_hậu z hâiz còn chả biết vụ dịch sai hay dịch j đs cơ , th tự mình đẻ hàng r tự mình bú cho thảnh_thơi z",1
"lúc hoạn_nạn đấm nhau với mẽo không thấy thật ai . giờ phất lên 1 cái ai cũng muốn khoác tay làm_bạn , cái thế_giới này có kinh_tế trong tay nó sướng là thế đấy",2
có con c nè,1
đm chúng_mày,2
"lạ nhỉ , không biết ở đâu mà còn ngu_ngốc như_vậy",1
mâ y thă ng cư cư c ki thuyê t phu c không cha n a hay la không co na o vâ y ! !,2
tú carol có_lẽ nó rẻ bạn ạ .,0
chỉ có bắn chết mấy đứa mà cứ hâm_mộ hàn_quốc,2
nghĩ mà chán 🤧,1
da . n ban không_trung . de bua nao qua cali thu ? pho ? i ong tr d coi trung khong . co chem thi 1 nhat thi 8 tr d cung di_doi thoi .,2
"ông trần dần chẳng biết là phản_động hay chỉ tấu hài nữa , nếu là phản_động thì ổng là phản_động ngáo nhất trên đời",1
co ai 2k5 la ho c sinh cu a thâ y_như tuu không ?,0
"chị đẹp vậy , giọng nói dể thương có duyên quá đê",0
xem mèo tôm bị bản_quyền là bay jeenh đấy,0
"phát_triển kiểu quá vô_học , không quan_tâm tới sự cân_bằng môi_trường sống , nên cứ phát_triển đến đâu tắc_nghẽn ngập_lụt , hỏng đến đấy .",1
đầy ông kinh_doanh bây h thờ quan công chứ đéo ai xăm và thờ thánh gióng,1
bị chơi thông đối_với một đứa trẻ vị thành_niên quả là cú sốc lớn .,0
chỉ đứng dẩy là thành_công_an sĩ được rồi . thế_mà đợt trước à bảnh về đội chắc giờ làm công_an sĩ nổi_tiếng đéo phải đi tù ý nhờ,1
giống e gê nguyễn_my kk,0
giờ chuyện đó là biết chó giờ nhiều lắm 19,1
"có tiền cứ làm , chỉ có bọn không có tiền làm mới ý_kiến lọ chai",1
người dân yêu nước thì có thừa . nhưng p h á h o ạ vl i đất_nước toàn đảng_viên ưu_tú của đảng,2
my hi_hi phải không dị,0
con 🤦 hun du lam nhin cai mo no không vua kia thay cho chuoi thach thuc người_ta kia 😲 nay luôn 😡,1
trông có khác buồi thằng trên núi xuống không,2
nguyễn đăng khoa wtf dêo hiểu nỗi cười,0
"nguyen cuong lên google search thảm_sát mậu thân 1968 , để biết tội_ác vc .",2
năm nay đông lào chắc vào tận chung_kết quơn cấp mới mong đủ liều mocphin cho lũ cừu cáo ngơ !,2
canh nhạt thì thêm muối,0
gia_bảo ci l,2
trong nguyen nồn còn đẹp hơn bài này 😂 😂,1
vcc,1
add ngu rất nồi,1
chỉ biết gạch,0
không chấp_nhận dc .,0
diện trần có con r mà còn ngu mà rảnh lòn ghê,1
"nho lâm sợ người việt từ nước dề kìa , chứ bắt_đầu ngày_mai là miễn thị_thực đối_với khách châu âu rồi",2
toang cả cửa_nhà,0
bạn đui hay điếc mà kêu bả thua kiện 😂,1
thứ dô diên,2
sang khựa sang mỹ mà xử_phạt con ngu ạ,2
"thấy chán quản_trị page này kiến_thức thì nông cản cái gì cũng auto sủa , cái nhìn thì tiêu_cực , nói_chung là dốt còn nát",1
đặng hải long t sạch mà,0
co không ma noi vay e . xao vua thoi . chan e con dinh phen vang khe kia ma bay dac no het e ve_que e ma no . cho moi người 100 usd ha . may ngay nay tiem ban giay tien vang bac ngji . roi e . bot no nha,1
tao đoán là bọn ngoài bắc,2
lường văn đức như mai thúy ấy,0
chị ba vàng_ngọc có cây nọc mọc giữa háng chị ba thêm hai trái_dâu lủng_lẳng . bệnh nặng giữ lắm rồi đồ bóng khùng . nói_chuyện là biết khùng điên rồi .,1
ok tkay jao bar bezt daxau,0
long duy đào cái tội ớ,0
quy khung . binh quan tuong . ao giac . ba dien . than kinh .,1
câm miệng,1
phàm vlon thanh_niên,2
sờ_sờ tai cc j đây,1
troi ui ba bede nay chich hoc mon nhieu wa nen bi khung va no banh xac . . hah hah,2
"nói kiểu bình_dân cho dễ hiểu thằng ăn_cướp mà còn mang huy_hiệu đảng thì phải tin nó chứ , không tin nó thì coi như đứng về phía thế_lực thù_địch tức_là thân địch tức_là chống đảng rồi vì đảng không có thói_quen làm từ_thiện chỉ thích nhảy vào vớ vét về thôi nhé .",2
cũng đã đến lúc những người làm công_tác bảo_vệ an_ninh . các khu_phố cần vào_cuộc . vì hình_ảnh vl của đất_nước không để mấy thằng lưu_manh làm mất_mặt được,1
"phố xx ở lê_thánh tôn_chỉ nhận quá khách nhật chê , hàn khoai đông lào . 🥹",2
nó đéo biết ngại à,1
sời đcm nhìn quả mãnh_thú chất ko ? 🙂,1
🤣,0
quân anh bẩn_thỉu v bro,2
👍 👍 🌹 🌹,0
thay ngu,2
nguyễn long á thật lun vlin bọn vô_ý_thức,2
cty e co lam khuc ay à,0
ổng nói không ai phải nghỉ cả . ý là dịch cũng phải đi làm mới có lương . chứ hog phải nghỉ cũng có lương,0
"tàu mà . . miệng bốn tốt , 16 vàng nhưng bắn ngang lưng như rạ ở gạc ma , giờ nhảy qua tư chính . . chừng hốt xong nó đốt luôn .",2
trần dần đã giác_ngộ lí_tưởng quá của đảng,1
cảm_ơn em da dạy_dỗ con linh khùng .,1
nguyễn phan hoài ninh ai kêu gáy sớm giờ khỏi có cơm ăn,1
"thấy xong xỉu , xỉu 3 ngày tỉnh dậy thấy xong xỉu xuống",0
số like bình_luận còn nhiều hơn số like avt của tôi anh_em vô like cho tôi đi,0
hên quá cuộc_đời tôi không ăn hải_sản d,0
"mẹ . hởi thằng nào muốn tự_tử , cứ làm gì đó cho công_an bắt rồi về nhà tự giận thằng quản_trị sẽ có bài tít công_an đánh người tại công_an mà chết người . . đúng là thằng quản_trị bệnh quạn",1
tiền ngta gửi nước_ngoài hết rồi lấy đâu ra mà ủng_hộ .,1
tú said cho cái lồn nè anh ba .,2
luci liu si lùn nó bỏ bùa m à mà nhảy vào cắn ác_vậy,2
mấy ông được truyền máu,1
🤦 🤦,0
đm bo n thuyê t phu c xl,2
phương thảo nom quá có như thằng trẻ trâu ở quê không,1
trịnh nam long . chắc ghen_tị khi họ giàu à .,0
không_thể ăn nổi . . bọn chúng tưởng_tượng bất_chấp thủ_đoạn,1
"yêu xa hay yêu gần không quan_trọng , quan_trọng trên đầu có bao_nhiêu cái sừng thôi !",0
sao không đóng cm nó cửa_khẩu đi nhỉ . cứ cho mấy con_mẹ đi lông_nhông từ nước này sang nước khác rồi về việt nam lây_lan bệnh đéo chịu cách_ly . rồi chẳng bao_lâu thành ổ,2
"cộng_sản hô_hào , thậm_chí còn khủng_khiếp hơn để tiến lên thiên_đường , giờ tiến mãi mà chưa lên đến . rất ủng_hộ tinh_thần của sự , quý_vị đã đạt được 60 quý_vị thành_công , 40 cần phải thể_hiện . đôi_khi hô to chưa chắc đã khỏe .",2
vậy trả thuế lại cho dân đi dân nó tự chống . mọe làm không được chứ gì . nói mẹ là cán dọng hết rồi nên làm gì còn mà trả . ngu,2
loại nghiện game săm trổ không có tương_lai đâu nha,1
con_mẹ ghê làm răng giả lắm day quá,1
từ khi theo_dõi cái page này . . thì thấy cái clip này là ý_nghĩa nhất . . nhưng mà tao cứ thấy nó xàm lồn sao sao ý 😂 😂,0
t nghe kể rồi_đây là chuyện ma mà mỗi lần t đi qua trường mần non lại nghe tụi nhỏ hát bài bắc kim thang uii sợ rất lz,1
"út tuyền uh , đang snghi nghỉ qua t4 nè",0
có đéo đâu chỉ khoe của người khác thì làm cái lồn què gì,2
"ủa chị xài cái gì vậy chị , chị có cái miệng không chứ chị có đéo gì mà ở gần kho đạn_vậy",1
cảnh_sát giựt tiền_cảnh_sát giao_thông vl,1
trại lợn đó ở đông lào mà ta 🤭,2
hoàng minh xin video ông ey,0
vậy là đã bắt_đầu lời kêu_gọi toàn_quốc kháng_chiến của phúc nghẹo,2
tao cũng đéo tin 😂,1
nha m nhi . ma_y kiê m đâu ra ca i tơ giâ y na y rô i vu khô g thê,1
sang thái anh_em trong team phẩu thuật nhanh thực_sự 😂 😂,0
"đức_hạnh ở anh nó bắt tự cách_ly , thế_thì ở bên đấy chờ chết rồi mới đem xác về à ?",0
có ai thấy khá giống đầu của jadon sancho không nhỉ ?,0
"ôi việt_nam vẫn còn những người coi_thường như_vậy , bị một_mình thì kô sao đằng này lại là bệnh truyền_nhiễm muốn bao_nhiêu người cùng mắc bệnh hay sao , những người như này cần được phải sử lý nghiêm đừng cạy có tiền mà làm càn , lây_lan sang người khác",0
nguyễn mỹ diễm hoa này là hoa lon nha 🤣 😌,0
"đây đây đây , ăn mẹ_di",1
"bác dần mà không phản_động , lập kênh youtube là phô lô liền . nc nghe vui phếch",0
lời_nói đâu mất tiền mua sau bà ăn_nói không có văn_hóa_dzay,2
"tới giờ lên_cơn rồi , a yên đâu thật cứu cứu",1
cho sem địa_chỉ shop bán quần này ở cao bằng đi anh 😂 😂 thất_chất quá,0
nghe từ từ mà rụng_rời tay_chân luôn 😰 😤,0
"bài viết của bạn quá hay , làm cho người đọc càng hiểu thêm nhiều về bọn cơm sườn mọi_rợ .",2
sao cai mieng no xau du vay .,1
nó cố_ý hay vô_tình sống tới giờ vậy,1
con ni bị bệnh nặng rồi,1
"đm , bực_bội tức_tối , cay_cú rồ người lên rồi mà không được cất lời ca , xả cơn tức_thì khác éo gì ngậm . c . . ức vẫn thấy thơm ,",1
do lười chụp ảnh có mỗi kiểu chụp trộm thôi,0
cái mỏ l n trong làng hài_khẩu nghiệp !,1
việt nam mình gọi là hoa cánh bướm,0
"chị ba nói đúng rồi . chị ba bán_nước cầu vinh . đời ông cố nội thằng_cha chị ba , tham sống sợ chết đầu_hàng giặt",2
à đang nhờ mua hộp sữa bột cho nta cho mẹ nó ăn .,0
nguyễn bảo chấn clm,1
her,0
đăng ninh ke me m,2
"thằng này nó thuộc dạng súc_sinh , k còn từ_ngữ gì để miêu_tả hết độ cặn_bã , khốn_nạn , bỉ_ổi của nó , k biết thằng bố con_mẹ nó nghĩ gì khi có thằng con như nó , k biết con vợ nó cảm_nhận thế_nào về thằng chồng thổ_tả như nó , thằng súc_sinh này làm bẩn_thỉu bẩn thế_giới_đàn_ông",2
nhân_dân ta tuyệt_đối tin vào đảng nên sẽ giao vàng cho đảng giữ hộ từ giờ đến cuối năm thế_nào cũng có người đem vàng cho đảng giữ hộ khả_năng là một chỉ hay nửa chỉ gì đó,2
ít_nhất ngta cũng làm từ_thiện đâu có như cái thứ của m con linh cá_lóc còn thật không đóng_góp mà . chửi việt nam nhận_xét,1
quá khốn_nạn cho nền công_lý tại vn .,2
du ma người vietnam sang my khung het tron,2
công_nhân sửa_chữa đường dùng máy công_suất lớn thổi bụi mù_mịt giữa phố hà_nội việt nam mới có,1
cả vl lũ u_mê,1
minh hoàng vl à t,1
bẩn_thỉu vll nhưng t_thích,1
và bộ_tộc mixi cũng từ đó ra_đời dưới sự lãnh_đạo của tộc_trưởng người cao bằng buồi to như lõi giấy vệ_sinh,1
tại làm loz nhột chứ ai ngựa lozz j má mà sủa,1
phạt cái cm,1
"quản_trị page này thật rất chi là ngu còn cố tỏ ra nguy_hiểm , những bài nó đăng mang tính_chất phản_động , ngôn_ngữ đả_kích và khiêu_khích , sáng nay còn poát bài để kêu toàn dân tham_gia ctri chống đảng và nhà nc việt nam kìa",1
ò é hahaa,0
khánh vân trêu tí thôi đừng cáu nhé 😁 😁,0
cai đcm,1
giống vl minn phương nhau đến thế haha . nhạc nhẽo nghe như cc,1
chúc hiệp và hiền hạnh_phúc và vượt qua thắng trầm của cuộc_sống nhé,0
tiếc ziên là ăn mì gói,0
cất con mắt lé vào đi r nc với chị hiếu,1
thoại trần đã không nói được lời nào lời nào hay_ho xin câm con_mẹ nó mồm vào,2
my sói trong page này độ có up nè,0
"page riết rồi như loz . nội_dung thì chỉ hướng đến đã kích người khác . ăn_nói thì nhảm loz vcc , biết cc gì về khó_khăn người_ta gặp phải mà bày_đặt ý_kiến . nhớ ngày_xưa page này quần què gì cũng chửi dc , nhưng mà chửi vui , chửi giải_trí . bây_giờ thì toàn đả_kích người khác . zz",2
biệt đội siêu ăn_hại,0
à tôi đấy các ông ạ nhưng mà ở vũ_trụ mr siro cơ,0
cho em coi vu chi sua co đep không em se cho vo em sua,1
không lồn tiền mà xạo luôn có,1
2ba là bede,2
rất tiếc ông chọn nhầm cái đãn chó chết để phục_vụ,1
diệt ngay đừng cho nó đẻ trứng,0
nút thả cười bị hỏng hay sao ý anh_em à,0
"về cơ_bản làm cán_bộ ở việt nam dễ vl ra ấy cứ_việc nghĩ ra ý_kiến linh_tinh giống như việc cải_cách giáo_dục thi đại_học , đề_nghị giảm học_phí cho con e công_an , ngực lép không lái_xe , hay bộ y_tế đề_nghị thay áo blu , giờ thì bình chữa_cháy v . v và v cứ nêu vd ra nếu dân không có ý_kiến gì thì làm nếu chửi cho thì lại thôi éo cần phải động_não",2
hãy sủa theo cách của bạn !,2
k icm là công_an sĩ ? diễn_viên hay công_an sĩ ?,0
đất_nước phát_triển mà con_người thì không hiểu nổi,1
lên bắc cạn mà tắm hồ 😎 😎 khửn mà nọong tiếp,0
hoàng_gia_bảo còn hồng thái thì chả có tư_duy đâu à nhỉ,0
mài có óc chó để suy_nghĩ không add ? cái đồng băng đó mài tính đào hồ bnhiu cho đủ hả thằng ngu ?,2
trần huy 😂 lồn 😂 cái thật,1
chắc cũng biết không tồn_tại được bao_lâu nữa nên cố_gắng vét,1
sư phụ nói_chuyện đáng yêu với chất_phác quá à,0
tứ trụ . tứ là t . ử nên họ mới thành ngũ . tên mới là n . g . ũ lắm q . u . ỷ hay n . g . ũ q . u . á . i cũng được .,2
nghe đau ẻ,1
tưởng khỉ 🐒 muốn chịt lúc_nào cũng được chứ hè với đông cũng chịt chịt đụ đụ với nhau đúng khung giờ bố đi nhậu,1
trường_hợp này ở địa_phương khác kêu là gì không biết còn địa_phương mình gọi là khùng_á,1
ai cũng hiểu chỉ có một người không hiểu là add,1
ánh_sáng của đảng sẽ soi sáng cho chúng_ta,0
khon_nan,1
dư_luận viên vào sủa đi nào các con,2
ông chủ đầm tôm có quả đầu chất đới 🤣,0
quản_trị thuế chẳng biết cc j rồi . tiền lại cno lấy của quản_trị đâu bằng tiền lắm cúng của tụi giang_hồ,1
mấy người được truyền máu sau khi nghe tin 😂,0
sô bít càng ngày_càng xàm cái giống gì cũng lên sóng,2
chi oi co cach nao lam giau giong nhu chi không ? chi cho e với cam on,0
"người mình ở nước người_ta trộm_cướp lừa_đảo , người_ta sang đây làm_ăn đàn hoàng thì bị khủng_bố , chả hiểu nổi",2
oh shjt,1
xin trùm chào 3 que canada . chị cảm_ơn trùm và các bạn rất nhiều . hy_vọng clip này sẽ có_thể giải_độc cho một bộ_phận nào đó của giới trẻ .,2
thời_gian đầu đ ai chả thề non hẹn biển yêu lâu mới lộ ra ngay ý mà,1
coi chừg quản_trị nó chào thân_ái và dí đái vào mặt m giờ hỏi như thế cũg hỏi thì dĩ_nhiên là . . oh mà tao cũg đéo biết,2
những thằng ngu hay bảo người khác ngu mà lắm không biết nhìn lại mình,1
chi ba hô t le cu ng gia nư a va ng ma_âm_binh,2
rút kinh_nghiệm là lại được sài nghìn_tỷ .,1
"đúng rồi , ngu đeo vàng nó chặt tay thì chết chứ còn gì nữa . dạo này thời_tiết xấu , trúng_gió độc chết là bình_thường mà . cộng_sản nghèo chỉ có tiền ăn bánh_mì , không có tiền làm tường chắn gió , dễ trúng_phong lắm . mà quan có bao h tham_nhũng , toàn bị dân ép phải nhận tiền chứ quan thanh_liêm lắm . 1 thanh_niên yêu nước yêu đảng cho hay",2
rất,0
thầy đang nghĩ về cô em xinh_tươi này . .,0
"mày ngu lắm , bình_thường vận_động chúng_nó đi học chúng_nó còn không đi , giờ cắt tiền hỗ_trợ đi thì nó đi cái đầu buồi à ?",2
chut j ba nhiu sư c khoe nha,0
xứ thiên_đường_cái cười gì cũng hơi tí là phạt,1
chắc là ch thấy chị nhung đổ lệ nên là ch kinh,0
bên mĩ nổi tieng đánh bom,1
stream hôm_qua à à,0
rất lộc,1
dô con di_mây ngon lâm_ma,1
đitme ngần ấy tuổi r mà không biết đóng cái khóa quần vào thằng đĩ vượn này,2
"từ từ , nướng nướng cái đéo gì cơ ? nó không phải joke nhạt , mà nó là joke kiểu của bọn bạn á bạn . tôi không thích chõ_mõm vào việc của người khác , nhưng có_lẽ là bạn nên xem_lại vô_học của mình đấy , thật",1
bui không ngoc ccj,2
có nên tử_hình những con_người thiếu ý_thức cộng_đồng nv không nhỉ . chả khác_nào tuấn khỉ với những kẻ sát_nhân máu lạnh,2
"đu kpop thấy con y ghẻ nó đã như qq rồi bây h đu lingorm thấy ch3 còn k . h . ố . n n . ạ . n hơn y ghẻ nữa , địt_mẹ cty choá má qua h_tức không chịu nổi",1
idol ngày_xưa_nay còn đâu,0
"cmt , xem trước các thứ đầy_đủ vẫn mất fan cứng thì chịuu",0
nói như shjt làm nô_lệ cho bọn nào cungz khổ cả . . tự_thân vận_động,1
"kinh_tế thị_trường là kinh_tế của tư_bản , kinh_tế cấm_vận chủ_nghĩa_là nước cu ba và triều_tiên đang sử_dụng kinh_tế xã_hội chủ_nghĩa , cu ba và triều_tiên nghèo là phát_triển theo kinh_tế xã_hội chủ_nghĩa mới nghèo , không phải do xã_hội đâu",0
vcl con thớt nó bị óc chó vật rồi . cứ như kiểu là aespa chưa được daesang bao_giờ ý . xong lại kêu là do bts bp không cb với vụ bà mhj nên ăn_may . âm_nhạc là khách_quan nhạc hay thì fan nonfan nó ủng_hộ thôi . chứ bthg mà bài dở xem càng scandal nó càng vùi xuống đáy xã_hội chứ ở đấy mà ăn_may . còn idol thành_công fan được phép tự_hào chứ có mỗi thế_mà cũng cấm à bố con điêngg,1
đề văn mai ra . à chj hãy nêu cảm_nhận của mình và phân_tích về hiện tg streamer phùng thanh độ độ mixi hiện được nhiều giới trẻ yêu thích . câu 5đ,0
dung rồi . gi trùng qua học . lâu roi mới gặp được trần dân,0
quân anh bẩn_thỉu v bro,1
"mà khổ , con mèo nhà anh độ thì nhậu_nhẹt suốt ngày , có khi lúc đó đang say_xỉn với mấy con hàng_xóm ấy v",0
tiến lê bố m thích đấy đạo_đức cl,1
"đm , chắc lại rút sợ dây kinh_nghiệm thôi mà",1
nguyen quá tuan biến con_mẹ mày,1
bùi đức hậu cr nó còn nói với bạn thì nó lại quê vl à,0
"không phải ai khuyết_tật cũng bán vé_số hay ăn_xin , vẫn có thằng khuyết_tật đầu ngoẹo sang một bên vẫn được làm quan thái thú cai_trị một dân_tộc đó !",2
chị ba xạo lồn quá . chị giàu quá mà đi làm youtube,2
clm . .,1
lộc đéo bình_luận là bác được yên r . lộc bình_luận cái bác lên nóc nhà bắt con gà . . bãi đéo nào cũng có dấu răng của l,1
rất cứt,1
cả nước đồng_lòng riêng em thi không,1
facebook not face v,0
nguyen nhân_dân việt_nam tức_là cờ đỏ . còn đám cờ vàng là lũ súc_vật lưu_vong . hiểu hông ?,2
cc abe,2
đéo 🤣,1
kẻ đưa cả nước . xuống hố nga,1
"1 là người_ta mình đẹp luôn bằng mình , 2 là người_ta xấu hơn không 🤣",1
đéo thấy thằng quản_trị giúp ai được cái cc j mà toàn ở đó bô lô ba la nhãm cức,2
"tôi đổi hộ_khẩu , phải đổi cmnd kèm theo một tờ giấy a4 xác_nhận thay_đổi số cmnd . thiệt là rác_rưởi việc ! vài bữa nữa nó lại đổi qua ccd tôi lại phải mang thêm 1 tờ a4 nữa là chứng_nhận số cmnd là . . kèm theo tờ giấy a4 cũ chứng_nhận số cmnd cũ . .",0
con linh cá_lóc là loại người không tha_thứ dc .,1
cực_kì khuyết_tật,2
đó là một câu_chuyện buồn,0
lik đâu đcm,1
cai mieng hay la cai ong cong vay,1
trong đây ai chưa từng vượt đèn_đỏ bẩn_thỉu tay phát,0
"như cc vay cái qq j mà vay lắm thế , ta khinh ! đậu !",2
"bồ t , t có_thể ăn_hiếp , nhưng đừng hòng đứa nào chạm đến hả 🫣",1
không hiểu clg đang sảy ra 😶,1
chiều cho ship cho mình qua thanh_xuân nhé .,0
nhà mày khôn rất lòn,2
gia cát lồn,1
dat tr tr khi mình muốn tán mà có đứa thả thính gắt hơn hahah,0
chính_thức unlike cái page phản_động xàm loz này,1
ngủ đất v,0
nước chxh chủ_nghĩa hưng_yên,2
nếu bác về việt nam tôi sẽ rất vui,0
vụ nổi_tiếng nhất là vụ em bé napalm . nguồn tin của mỹ nói làm do phi_công iệt nam cộng_hòa là .,2
vậy trước h là con bóng long xiên ? ?,2
"dạng như giờ tao báo tao đéo trả cho có thôi . . đó , dân đen tụi bây làmcc gì được tụi tao v",2
mày biết củ cặc không v,1
trước_kia anh tôi ngoan_ngoãn không chửi bậy,0
"giết quách được phát ra từ miệng 1 người đại_diện cho pháp_luật vn , hỏi đạo_đức , trách_nhiệm của ông ở đâu ? hay ông là loài đv máu lạnh ?",2
bao_nhiêu cái tý trôi qua rồi . mà vẫn không thấy đâu . quá buồn,0
tử_hình còn j nữa,0
"trái_cây thì à nghĩ chú_mày không dám nuốt vì sợ độc , 2tr usd thì chú_mày nuốt , khôn như chú xom à đầy",2
chi 3 có lồng đâu mà chùi,2
cứ tưởng thế_là ngầu,1
mời dì hai ca_sỹ tuấn phong đi anh_chị,0
"em no dang . do choi vl bi quen tren xe , moi người thong cam di_tim",0
ai ngủ rồi bẩn_thỉu tay lên thầy xem nào,0
"trần lâm_vậy bác_sĩ bên đó ngu quá , biết đang dịch vậy_mà vẫn cầm ống hút đi lấy máu 😌",2
thanh vân linh marrie làm tí không các bạn . lou lắm không xem phim rạp,0
hãy bắt thằng hô_hào chống tham_nhũng đầu_tiên . .,0
mình lỡ rồi giờ bỏ sao được 😞,0
cụ này vừa bị lẫn vừa bị hoang_tưởng rồi . .,2
"hằng du_mục trang_điểm_nhìn còn đỡ , lúc mặt mộc kiểu đơ đơ như kiểu tiêm fiter y đúc silicon",1
bao_giờ bọn chó nó chết cùng thì mới không an_toàn,1
"vừa nhận hàng từ anh shipper , tối cho thằng chồng dùng thử xem thế_nào",0
ân phan bún riêu,0
yêu chị quá,0
"công_an còn gọi là g , i , a , n , g h , ồ c , ó h luôn , ọ , c . tiền công_an còn nhiều đánh_bạc thổi mái hết thì tìm dân c ư ớ p",2
cln lồn này xàm l ồ n,1
chửi chết con_mẹ mấy thằng ngu đi 😂,2
"du na chet bat thuong o trai tam giam , chu vo fai o benh vien deo dau ma tôi bay dao boi , soi moc , xoay sau vao lam cc j z",2
chẳng bảo sao việt nam gần đây ung_thư càng tăng,1
sợ vl lun 🥲,0
chó con mịe nàyy,1
"duy khương bên nó ai bị hoặc nghi bị thì tự cách_ly tự điểu trị nhé , nó còn không cho xét_nghiệm cơ , chỉ khi nào bạn chết thì nó mới khám_nghiệm để kết_luận có do virus hay không , ở ngoài đường mà đeo khẩu_trang bọn anh nó còn đấm vào mặt cho chứ ở đó mà điều_trị",0
bầu_cử qh mà cứ đạt 100 phiếu bầu thì chỉ có_thể là gian_dối !,2
"thật mà toàn bash k , h , ù , n , g bash đ i ê n",1
vàng_ngọc cl đừng có xạo l nha condi mất_dạy,2
"có hết thì vẫn làm tbt , ở việt_nam làm gì gạch quyền bầu_cử , hình_thức thôi luôn",2
em đi viện bảo_tàng ở vĩnh long thấy ông này trong hình sao giống thầy quá không biết có quan_hệ gì không ạ 😂 😂,0
qua page comcom xem dân việt nam cu ng co nhiê u thă ng ngu tương_tư đo,2
"ảng cộng_sản hay iệt nam cộng hòa thì cũng là người việt , mỹ đã kích_động chia_rẽ thành_công trong quá_khứ , thời_bình rồi mình tìm về với nhao đi chủ_nghĩa dân_tộc mới là trên_hết",0
ui giồi chửi kinh quá,1
người bị tổn_thương lại muốn tổn_thương người khác,0
anh làm nhà em lo lắm rồi đấy ngày_mai coi sao đièu chỉnh cho rf bắn ổn_định lại đi à_ơi,0
mấy cái thứ bắt_chước trộm hình của người khác như mày muôn_đời nát . kinh_tởm . người_ta đăng từ hôm_qua thì mày ăn_cắp hình rồi comment lại câu view hả mày ? tưởng vậy hay_ho nhưng không ai ngu như mày để mày qua_mặt đâu .,2
"ô có tiên_tri khi nào hết dịch corona , và khi nào ông chết không ? hay chỉ nói_xàm và xạo",2
nhưng cái thứ dóc láo dù đem cả gia_tài không bk có hay_là sạo cũng méo có ai chứng đức cko đâu,2
cô ba vàng_ngọc nghe mắt cười vl đồ thứ nước rửa cầu_tiêu mà tưởng mình là sân siêu bột kết . nói_chuyện đéo biết nhục tí nào ? cô ba vàng_mã hahahaha,2
chỗ tao làm nhiều đứa đái xong ta nói nước_đái nó vương rất ra thành bồn mà kiểu giống như là nó đái xong nó đứng vẩy vẩy từ con cu ra cho sạch con cu nó vậy đó . còn bồn_cầu dính nước_đái vàng_khè thì nó đéo quan_tâm đâu đm mỗi lần tao vô tao thấy vậy là tao muốn tụi nó thành bê đê hết đi chuyển giới hết mẹ dùm tao để đi đái ngồi . con_người chứ có phải con chó đâu,2
chi nay thi rat dep nhung phien co dung chuoi nua de minh gay nghiep do cô,0
xa o lô n ma_y bu lồn nhiê u qua nên nga o ha thă ng cho,2
lệ thủy khác gì sơn nhà đâu chứ v,0
"ông_già tham mồm lồn . . tay một cái , rất một cái thật",1
abe tính cả rồi đánh vcsa xong bán suất trả nợ cho sena,0
nguyễn hoàng sâm lồnn sâm,2
ánh_sáng của đảng mày giết sẽ quá,2
tao coi con quỷ mặt rỗ trần đoàn mà tao tức lồng_ngực tao à,2
nể mấy đứa thật bình_luận kêu ghép ghép ghép cl nekk chứ ghép,1
"đồng_hóa từ từ , ai cũng nhìn ra , trừ 3 triệu con bò v cơ_mà ai cũng sợ bóc lịch nên thôi cam_chịu vậy v",2
con đàn_bà lèo lon,2
"tạm đình_chỉ , chờ cấp phép rồi xey dựng lủ ngu ạ . với lại có 1 số hạng_mục xây_dựng ngoài thiết_kế . thằng chó nào mạnh_miệng bảo dừng xây_dựng luôn ko ? ?",2
chỉ cần kí 1 cái là được cả trăm tỉ mà éo phải đi tù thì tội j không làm một à bụng bự cho biết,2
chang_chang 🥥 🥥,0
bỏ măy con điếm đấy đi là thông_minh đấy,1
thầy thì kinh rồi ráng làm giáo_án popy sách phép là ok,0
nè ní . m sai m cố_chấp jo m xl à . đào đất ngủ đi r nhận sự tha_thứ,2
"ngoài xây hẳn resort 4 sao trong vườn quốc_gia mới bị phát_giác không giấy_phép . 8b lê trực , đền tổ cũng lạ",0
á long vlin thật thật lun nguyễn bọn vô_ý_thức,2
tài của các vị lãnh_đạo là có thật ! hiện_tại đối_tác_chiến_lược toàn_diện với vl cả 5 cường_quốc_hội_đồng bảo_an liên_hợp quốc !,0
đây có_lẽ là cách_mạng của con cẩu mang tên gờ zờ v,2
vậy giờ nói sao để nó đền_bù đây ? nói bao nhiu lâu rồi ?,0
hút sữa còn hơn hút thuốc,0
thật_ra bình cư u_hỏa china là dùng để xịt mấy thằng hu t thuốc_lá trên xe . vừa tắt thuốc vừa chống hôi xe nữa . đmcs,2
tứ sơn ạ quản_trị,0
anh độ dễ như phò ấy 3,2
cho đi cách_ly 14 năm cho nhớ . sống thua cả con vàng,1
đất_nước còn nghèo mà sĩ . ngồi trên đấy mà ra luật sao thấu được lòng dân . cần xem sét lại và thảm khảo ý_kiến trước khi quyết_định,0
nguyễn tiến tiến cay tới đầu_thai nhé,1
líp nào của nó moi người bấm vào lá cờ cho youtube phá tài_khoản của nó đi,0
nhìn khó_chịu vch .,1
phan linh nó họ bùi ý_thức như đầu buooi là đúng r,1
"việt_nam đang lèo_lái cho_qua trận dịch nầy ! mong người việt bốn_phương tám hướng đừng chia_rẽ , đấu_đá nhau ! cùng nhau xây_dựng giàu_mạnh ?",0
hoàng thu hà táo_quân năm nay có idol của công_an luôn,0
chỉ có là các chị bên mẽo có cái lồn . chị 3 đéo có . chị thua người_ta cái đó đấy tên nhạc bất_quần .,2
béo vừa thôi béo quá khác gì cái máy lu đường không 🙂,0
vitamin nhung cđ m chứ ai nữa 😁 😁,1
phu c ca i cm ma_y,1
nể mấy đứa bình_luận kêu ghép ghép ghép cl nekk chứ ghép,2
t vẫn nge nhạc khánh_phương,0
. giống thực_sự 😗,0
"đừng nghe những gì cộng_sản nhìn , hãy nói những gì cộng_sản làm",2
chiện là bạn bị mất 400 đồng thế_nào vì thằng quản_trị xl,2
à si nhìn lùn lùn đứng lắm trong khung gỗ nhìn cừi vl 😆,2
thì sirô mồm cường to khéo ăn_vạ toàn các bố giang_hồ mõm lắm,1
"chết mẹ đi cho đỡ chật đất , ngu",1
đặng tiến hoàng sếpp,0
"việt nam mượn hình_ảnh của giới nghệ_sĩ trên vl để dân hq và tg biết nhiều hơn về việt nam đấy , không đơn_thuần và đơn_giản như b . ọ . n k . o n . ã . o kia nghĩ đâu .",1
mày biết tại_sao không thằng ngu vì đứng đấy ngăn_ngừa phòng_chống hiệu_quả nhất cái loại ngu_dốt như mày nên học lại đi đã không hiểu ý người khác đã vào bình_luận người_ta chửi cho nhục mặt lắm thân còn tao chưa nói gì là văn_hoá hay không văn_hoá tao đang muốn nói ý_thức của các ông say rượu khi tham_gia giao_thông,1
quản_trị m éo làm được cái chi mà tối_ngày đi vạch lá tìm sâu mà nói ! có tài thì bỏ face và làm j đó thực_tế đi .,2
thằng chủ_tịch thị_trấn lớn phết nhể !,1
t_động đến gia_phả nhà mày à . t đang nói công_chúa fifa quá kìa . hay ông nó là nội m,1
hha,0
người mặc sáng_láng mà ăn_nói không có giáo_dục than mình toàn là đồ sài do gia không mà keu người_ta lại làm thẩm_mỹ ê quá trời rồi ngồi đó kêu từ ngươ i đến làm,0
"do bạn ngu thôi , tôi đi 2 lần là được",1
mai england đã nói đúng lại nói to 😅,0
"công_khai tên công_ty r tẩy_chay luôn , xem còn quen_thói sếp được nữa không",0
má chúng_mày có tiền mua vé không ma lo cho việt nam ! 😂 🤪,0
nghe thuyết_phục nhưng lại rất thuyết_phục,0
diệu linh cái thứ nuloo,2
không ai . dem . ba . nay . di_benh . vien . de ba khung . z . ai . chieu noi . troi,2
cang ngay cang thay trang nham that,0
khi bạn muốn mặc quần nhưng không kéo được khoá 🤣 🤣,0
e đâu biết chị minh hiếu là ai đâu . . sao m xạo lồn quá vậy cđl,2
thân hoài thương ? ? hay thì like đéo hay chả nhẽ không được dlike ? lạ lồn thế ? sinh ra nút dlike làm cc gì ? hát như cc thì chả dlike,1
rick kid v,0
shark bình bố lùa gà chứ hay_ho gì,1
"kệ đi , sống_chết có số",0
vẫn đéo hiểu 2 câu liên_quan cười gì đến nhau,1
dạo này vào đồn công_an về hay bị trúng_gió thế . . ! !,1
ở việt nam cn đang lm kiểu 887 ngày lễ trong các cty đây này,2
roi tieu dan den việt nam kho nua,0
ai ngu thì uống rồi có ngày thấy cái j đó là_lạ rồi lại 7 năm,0
nhưng lượt xem như_vậy cũng nhiều rồi,0
con mèo nhà mình thì có sở_thích khác các bác ạ 😗,0
hải_yến đ care bình_luận làm gì ? ? ô ai hỏi m à ?,2
"hởi toàn_thể 90 trịu dân việt_nam chúng_ta hãy truy_tìm kẻ khốn_nạn này . đây là tiền thúê của chúg ta góp vào phục_vụ đất_nước , sao chúng trộm làm của riêng ? đậu móa anh chịu hết nổi rồi",2
bị tai_nạn giao_thông trong đồn c . a chứ .,1
"cách_ly vẫn tranh_thủ tạo chút scandal câu like , đánh_bóng tên_tuổi , xuất_viện đăng_đàn xin_lỗi ! sợ thật_sự cái anh tiệp này 🙏",2
hat hay wua,0
oki yêu thầy,0
hủy thằng bố mày ý ngu,2
"có một sự tồn_tại của đàn bò mang tên cực_kỳ thuyết_phục , có sở_thích là nhai đi nhai_lại , mục_đích của chúng trên hành_tinh này vẫn chưa có lời_giải_đáp , theo như các nhà động_vật_học cho biết loài bò này có lối sống hoang_dâm trụy lạc , có_thể động_dục bất_cứ lúc_nào , con_số của loài này đang được gia_tăng đáng_kể vâng và hiện_tại đám bò lạc chạy sang tận đây rồi",1
💣,0
mày có lo chống lũ không hay ngoác mồm ra kêu_vậy ?,1
biệt_danh mặt lồn,1
đồ khùng . . coi_chừng con_cháu ông pà của pà . . ở địa_ngục chờ pà . . đi coi_chừng xe pắt chó pắt,2
chén mẻ chứ chén kiểu mẹ gì,1
"quá hay . phải lý triệt_để , kẻo nó giả_mạo sĩ_quan cướp_giật , tiệm vàng , ngân_hàng , cướp xe . .",0
tào_lao là quá giỏi,1
"hải_yến không thích nhìn , đéo ai bắt xem",2
thầy ba cũng có 1 captain,0
địt_mẹ m,2
từ khi con rùa chết ! ghế này khó ong nào ngòi yên ! !,0
"hazardous là cấp cực_kỳ nguy_hiểm , thằng giáo toang nguyễn khắc ngọc đâu , vô sủa mấy câu tao coi",1
đức_hạnh bài viết có nói rõ_ràng là bệnh_viện bên đó nó bắt tự các ly tại nhà và không xeta nghiệm mà .,0
nghe giọng mà n ng hết_sức,1
bê cười chạy xung_quanh .,1
thầy xạo cười . 🙂,1
"ụ ẹ đá đá rớt cái dt cái khỏi côi phố bô sa giờ nha bác dần 😂 😂 ta cười rụn rún móa lầy_lội , múa quyền như mấy ông_già tập dưỡng_sinh ngoài công_viên 😂 😂",0
cái môi của bad này không biết dùng từ nào để tả . chỉnh_sửa nhìn ghê_vl,2
"bố xem nuôi chồng tùng đi nhé , đến 18 con hỏi cưới luôn ạ 😞",0
stop làm gì thì làm nha lôi vl nhà t vào đừng m,1
"mẽo làm_ăn chán thật ! mấy chục đứa cùng ngồi nghe , mà sao chỉ có một cái máy phiên_dịch duy_nhất vậy ?",0
"bảo_quản không đúng quy_trình , còn đi kiện họ . phạt cho thấy mẹ ra . thử_hỏi mua nước về , để trong khó nhiệt dô quá cao , độ_ẩm quá lớn thì hỏi chất_lượng nào chiệu nổi . thông_minh tý đi bà_con ơi",2
anh ba reaction bài của cô mina đi,0
"muốn mua cho chồng uống mà cũng thấy tội mình quá , không đi nổi luôn quá",0
bay đến đít rồi mà h vẫn la_liếm ở đây,1
trong một diễn_biến khác . lại có cờ mẫu quốc phấp_phới đâu_đây,2
"kk , tôi cười vào mặt mấy thằng vl khóc khi anh_chị_em chết",2
xấu vlol,2
"ủa nó tưởng đăng facebook là ghê_gớm hả ta , đăng lên cho ngta chửi thêm à . đề_nghị mọi người unfollow face nó để nó đăng lên rồi tự thủ_dâm lấy .",2
nay con dien nang qua luôn,1
thế này thì bọn sán dây tuyên_giáo rả rời tay_chân cả lủ,2
đcmm quản_trị,2
chuỵ ba lắm lồn xạo,1
thay im me mom_di,1
mai ngọc ò,0
cứ tính ngìn tỷ đcm sợ thật,1
sai chính_tả kìa 3 3,0
cố lên các bạn ơi,0
"lũ bất_tài , vô_dụng , học_hành không lo , lo ăn_chơi , lười_biếng xong đổ cho xã_hội đổ_nát , nhà_nước vô_dụng . . xin_lỗi chứ một chục cái nước mĩ cũng chả gánh nổi đám phá của tụi mày đâu",2
nhin mặt nó là biết thuộc dạng quá tiểu_nhân rồi,1
14 10 thần_quyền môn súng bắn không trúng nha mạ ngừ,1
đéo biết game phải để giải_trí không nữa 😂 😂,1
nghe nói tết đến,0
tất_cả cũng chỉ vì con mụ này ra . . thể_chế pháp_luật lỏng_lẻo chưa đủ răn_đe cứ có tiền là chạy_án 1 con_người reo rắt cái chết cho hàng triệu người,2
nay làm thợ sửa xe ô_tô đồ 🙄 té cái đùng 😌 😌,0
huyền khánh phùng ơ chị mặt nhiều lớp thế 😂,2
cực_kì thuyết_phục ! .,0
động đến công_chúa fifa là dở_r,1
tất_cả là từ ý_thức như đb của mấy người này mà ra thôi .,1
đm dư_luận viên bơi hết vào đây,2
liên_quan gì mỹ bảo_vệ vn ? ? câu_chuyện đó phải nói là mỹ bảo_vệ ba_que nhen không,2
lại mọc thêm 1 trang của viẹt tân ag . đcm bọn chó_đẻ,2
"anh giỏi à có đầu_óc chó kiếm tiền giỏi ra sao tôi không cần biết nhưng tôi thấy ý_thức à thua cả học_sinh lớp 5 . nói ý_thức kém thì thấy không đúng cho lắm , phải nói à không có ý_thức mới đúng .",2
"già đầu rồi ! mà suy_nghĩ cũng chỉ đến thế này thôi , chẳng_trách mãi mà không phụt quốc được ! !",1
"như con ặ . c . luôn c ,",1
chắc lại trốn stream hôm_nay rồi v,0
mi rose đâu cũng gặp thiệt luôn,0
diễm_phúc nhìn tay quen_nhe,0
"nhìn trần dần răng , tóc , mặt_mũi đang phong_độ ri không biết có đợi đến 2022 về lấy lại nhà được không đây ?",0
sợ quá abe ơi,0
linh lốc cái mỏ như cái lồn,2
chị ba mặc có phúc_hậu bởi_vậy mới giàu cảm_phục chị ba,0
mỗi câu nói một câu ditme tưởng thế_là hay tưởng thế_là ngầu 😌 khẩu nghiệp rất l,1
"500 triệu usd hàng ngàn tháng lương công_nhân , cty mang_tiếng xấu , mất việc_làm , lơi nhuận , hồ_sơ vết nhơ có sẳn . vậy cái giá của họ trả nhìu hơn 500 triêu usd",1
"bay len ma bay den 46lan ah dit cai , lắm cu may",1
top 3,0
co không ma noi vay e . xao vua thoi . chan e con dinh phen vang khe kia ma bay dac no . e ve_que e ma no . cho moi người 100 usd ha . may ngay nay tiem ban giay tien vang bac ngji het roi e . bot no nha,1
"bố thằng quản_trị ngu . thế có cậu du_học_sinh việt chết ở nhật . gia_đình cũng chạy_vạy khắp nơi đóng đủ tiền để mang xác về thì sao ? đăng bài nên lắc não trước nhé , hở tý là bỉ bôi",1
già đầu mà non quá,1
mình đang tìm một con bò đặc_điểm nhận_dạng nó kêu cực_kì thuyết_phục nha có_hậu_tạ,2
anh trung trộm vé_số,1
dd,0
"vợ to lam , , của_chìm , ăn 4doi không hết , đời con đời cháu , đời chất , đời chút đời chít , vàng là chuyện nhỏ",2
chỉ có ở cao bằng,0
trâ n dâ n che m gio . nghe o kiê t xa c không co tiê n đê la m răng ga y me no hê t rô i ma co n ngô i chem gio,1
ở việt nam người_ta kêu bóng khùng,2
"cả cái thằng máu lồn quản_trị nữa , dạo này cứ đăng mấy cái nhảm lồn , đ thích mua hộp cơm 200.00 thì vè nhà cắm con_mẹ m cơm mà ăn , đi xăm xoi cái lồn ý à",2
du ma_may nha . luôn may ve day tao dap ma may không ra,1
có thẻ rút kinh_nghiệm mà lo gì,0
mà tôi thấy dĩa cơm này 200k cũng hợp_lý vì bình_thường ăn cơm hải_sản giá 70k chỉ toàn thấy tôm và mực cắt hạt lựu còn cơm tầm 1 chén . đằng này nhìn dĩa cơm toàn mực tôm to mà giá người_ta niêm_yết sẵn do không xem chứ có phải ngầm ngầm chém như tô bún riêu đâu mà nói,0
xao lon qua,2
rất có tâm và có tầm mới nói được những lời như_vậy . .,0
"con , này , ăn , cuc , cả , thoi , giới",1
nguễn trường vcl intro,1
đình quang dã_man rồi,0
"nếu là dòng chính hãng của các thương_hiệu như dior , chanel thì thông_thường có in sx tại pháp hay mỹ này kia . . chứ dòng sing cũng có_thể là hàng fake 1 đó nha kaka 😌",0
"nên làm , hạn_chế tình_trạng lệch_lạc trong giới_tính , sinh ra một_số_thành_phần đực không ra đực mà cái cũng chẳng ra cái",2
đua top ghê quá,0
trần thị nhung con_người chứ có phải con c đâu mà suốt ngày nghỉ . hn bị tuần sau còn chỗ cắp sách đi hc nữa là phải mk . nằm_mơ đi e,1
"kha c sa n không co kha c thi tra lương vơ mô m ak , co kha ch sa n pha i đo ng cư a_vi không tra nô i tiê n lương cho nv rô i .",0
cón mẹ may không day được may à ma không co van hoa à,1
cô minh hiếu vui_tính ghê,0
lính thế_hệ 79 80 lắm đất_nước quá nghèo . nên thì vói linh bầy giờ so quá .,0
dung la con linh dien dien vua thoi chang qua nhắn_tin goi de choc my dien thoi con_người nhu linh dien thi ai them,2
giật cho mất mẹ cả cái mụn ruồi,0
"ây za , cẩn_thận không lại bóc 7 quyển !",0
tự nhận mình là thằng mặt heo,1
chuẩn_bị đấu_tố kiểu búa liềm,2
còn cái video lời hứa này thì sao thầy ?,0
anh_em nói xem nên băm th này như thế_nào,0
ừ chắc dây heng 😂 😂,0
đĩ mẹ nhà nó 🙂,2
có cái áo sọc mặc hoài vậy thầy,0
cũng vũ có tiền thì thằng đéo nào hoàng đẹp 🙂,1
loại nghiện game săm trổ không có tương_lai đâu nha,1
việt nam phải có quá cái riêng_biệt cái tự_chủ độc_lập toàn đi sau làm sau,2
"còn thằng già sepp blatter chế_nhạo anh bẩy sao tụi nó không phạt , đúng là lũ râu_con",1
thích nhất câu quân cốt tinh không cốt đông của bộ_trưởng .,0
cứ 5 gạch 2,0
kể_ra ví mặt con này với con linh_cẩu ăn xác thối ở châu phi cũng là xúc_phạm linh_cẩu . nhưng thấy nó cũng giống thật . tên em là linh_cẩu không phải cá_lóc nha,2
"di_bai quyen qua chuan , hao kingfu",0
"chuyện những con_heo , chỉ lừa được những con bò ! !",1
"nhật cũng đéo phải thằng vừa gì đâu , với mấy thằng đức nữa , thử khủng_hoảng chính_trị quân_phiệt nhật nó lên xem nó có san bằng cái châu á không",2
su a hay lă m quản_trị,1
"ăn_thua gì , ăn_mừng đón con khỉ nói tiếng hoa cũng chết vài triệu mạng rồi .",2
chúng_nó cấu_kết với nhau để khép tội cho hdhải bằng mọi thủ_đoạn ! bọn chó đấy còn dã_man tàn_nhẫn như thằng hung_thủ kia và vẫn đang nhởn_nhơ ngoài vòng pháp_luật ! đáng sợ,2
😂 😂 🙏,0
"htrc t với thg bạn đi uống trà đá về qua , chụp cái ảnh r về , đ bấm chuông hay làm ầm_ĩ , thế tôi hỏi như tôi thì làm_phiền chỗ đéo nào",0
trẻ trâu việt nam lúc này,2
dat linh kiet ngan nam van hien không chon dung người chon sai hoac nham cung bi doi chung no tat kia dat thanh ma lắm bao không chu tich thanh pho ha noi roi,0
anh_minh chậm cái địt bầm m,2
địt_mẹ tụi trung_quốc,2
3k bởi nói ngu bây không nhận,1
đi vài bữa rã_họng rồi lại lết về thôi mà . loại mất dậy . .,1
chụt chụt thông kiểu đéo gì toang thật_sự r,1
"tầm này mới nói thì còn đéo gì nữa , bọn nó bây_giờ đã chết trên sông hương hết rồi . số còn lại may_mắn sống_sót thì đến chiều nay bị đẳng_thức và tích_phân đè chết . đm idol",2
"bọn này về phải cho nó ở 1 khu tách_biệt quản_thúc cẩn_thận mới yên_tâm , còn lơ_là với bọn này là rất nguy_hiểm trong xã_hội ta",0
thu uyên vì tiền . khoảng thời_gian cách_ly có_thể kiếm ra biết_bao_nhiêu tiền . có gì mà khó hiểu,0
"nó đang tự chửi nó , lấy chồng còn sinh con ủa mà nó đẻ được không ta ? vì nó là quỷ rồi ! . . bọn bay thua con chó là con_người thô_tục từ_thiện áp_phe còn phước không ?",2
chả_bù cho k atm tí nào 😩,2
chỉ có kẻ ngu_dốt mới nói những điều ngớ_ngẩn,1
phong_cách lợn viên đây .,1
lủ vl ảng cộng_sản cũng là một bịnh thần_kinh ác_hiểm cho dân_tộc việt nam !,2
cười đào t đọc xong maii iar,1
cán_bộ giờ có nữa ai nghe quá bác nói còn đâu,1
"nhà nói_dóc , nhà ảo_tưởng chứ biết con_mẹ gì 😘 tiên_tri 😄 🤣 😂 😂 😃 😂 😭 😢 thật mà",1
thằng búa liềm nào mà không như thế này,2
lê trần vũ bảo cay gì thế ? rối_loạn nhận_thức à đáng thương hơn đáng trách 👌,1
hồng ân hơn trăm củ làm đám_ma xong còn dư nhiu ta,0
nó có lây qua đường đt không,0
an di_sai ở điểm gì v,0
thật là rất cười à_ơi,1
chửi chó không mọc được ngà trong khi mình mọc cu v,1
bệnh_hoạn v lin,1
tuổi đó mà làm lãnh_đạo ở việt nam thì chắc_chắn là rau_sạch của sếp . . 😂,1
"xích cổ cách_ly ngoài luôn rừng cho hợp với không_khí nó cần , thag mặt lồn",1
"nhiều khi khiển_trách các bạn nam củng khó lắm các bác ơi ! vì dù gì thì bóng đa nam no có sưc hút hơn nử , các bán thấy các giải bóng lớn nhất thế_giới hay các giải bóng các cbl nổi_tiếng trên thế_giới củng chỉ là nam chứ nử thì chưa được quan_tâm lắm ! nó không phải trọng nam khinh nử mà nó tuỳ sức hút của khán_giả thôi các bác ạh",0
mặt dầy như đít trâu,1
dạy bơi cho cá . bơi thì đương_nhiên nó bơi được vì nó là cá . làm_sao cho nó sống được mới là điều người dân đang quan_tâm .,1
"hanh viet ở nhà giúp mẹ giúp cha , ở đây soi soi mã cha chúng_mày",1
địt_mẹ thua cái thể_loại này,2
ơ luôn đ m sao lại có cờ tàu không h ự à thế kia,1
mấy bà bê đê_khỏe khoang khoác_lác,1
không nghi hau qua ve_sao luon ne . . chui cho suong mieng di_roi hau qua se ap den chi ne . .,2
"kô ai muốn phải cách_ly , nhưng vì sk cộng_đồng cũng như sk chính mình hãy cố_gắng lên bạn , bạn càng nói thì cái não của bạn sẽ bé đi nhiều . chúc bạn sau 14 ngày âm_tính với corona .",2
"ok thầy , thầy sela",0
đọc chêt cười,0
gai tre,0
nguyễn quốc an thứ học_trò lồn,1
dạo này nhìn chú em đẹp troai hơn đó . . 😁,0
ông mõm ít thôi,1
chu cà_mo cho cà mu_hahaha,0
tao nhắc lại đéo có nước nào quân_đội giỏi như nước tao địt_mẹ cấm cãi nha mấy con bò 🤣 🤣 . doanh_trại trốn phía sau mặt_tiền thì phải cho thuê để kinh_doanh tụi mày thấy nó tài chưa 😯 😯,1
"thấy chán quản_trị page này kiến_thức thì nông cản nhìn gì cũng auto sủa , cái cái thì tiêu_cực , nói_chung là dốt còn nát",1
va o đâ y đang phu c vu tư nhiên no sơ thâ y chym thi . .,0
dân đánh trộm đi tù oan quá tự_tử .,2
không nhầm thì đây là ảnh bên nước_ngoài báo thanh_niên hay tuổi_trẻ j đó đăng năm_ngoái mà,0
"vậy là công_bằng cho 2 vợ_chồng , nếu không như_vậy lại bảo thằng chồng ăn 1 mình",0
ngô hiếu giờ bình_luận ảnh này là bị ban chết me đấy ông ạ v,1
bavi,0
thôn . . làm ! cán_bộ thôn . . làm !,1
vậy là đã bắt_đầu lời kêu_gọi toàn_quốc kháng_chiến của phúc nghẹo,1
tức diêng là tôi không bị di_chùng oy,0
"chúng_mày làm_nên cái mịa gì nên mới bảo không có vô dụngncar lũ , hiếp_đáp dân lành là zõi",2
chất à_ơi,0
"nay chị đẹp giữ thần , làm_mai minh lực cho em đi chị đẹp . cười",0
nguyễn hoàng sâm cười sâm nôn_link,2
chào chi chỉ đẹp quá,0
nổ địa_chỉ đi để em đăng_kí slot mà biết_đâu vào đó lại kiếm được người_yêu một công đôi việc luôn tử_vong,0
"td điên , vhl láu_cá câu view . dù vậy mùa dịch ở nhà coi cũng đỡ buồn . hi_hi",2
"dịch_bệnh không đáng sợ bằng ý_thức , đạo_đức của một_số người 😟",0
nói rất đúng . . nhưng mỗi người có một_số_phận . . con quan thì lại làm quan . . con sải ở chùa vẫn quét lá đa thôi bạn . . ai cũng muốn cầu tiến chứ không ai muốn dậm chân tại chỗ đâu . . hii,0
trung_văn,0
"thua cai nay nhug hon cai khac , tham nhung , quan lieu , yêu sach , hiep dap dan th nha nuoc việt nam lun so 1 . .",2
bản_chất thật của bọn cơm sườn ngày_càng được công_khai lộ_liễu không còn dấu diếm như thời_gian trước .,2
nhà giàu đúng là có gu ăn_mặc khác hẳn,0
tưởng à lên_tiếng gì chứ . hoá_ra giữ thể_diện à . đúng là người hay nói triết_lí thì sống như . . vẫn phải nói là dạo này à lọt top show chart chỉ sau 20 du_khách hàn quốc thôi ạ,2
trần thị ngọc anh nếu ngược_lại thì sao con mặt lòn . nếu nó biết bị bệnh rồi đi hiến thì sao . 😊,2
"cái đmn chứ cá chết nửa tháng rồi mới xét_nghiệm , bưng_bít hết",1
chưa bở phiếu mà đã cơ_cấu 4 chức_vụ chủ_chốt rồi thì bỏ_phiếu làm gì nhỉ ? ?,2
kk . . iu nhau là phải có đụ . .,1
tuyệt_vời quá cô ơi,0
tào_lao tung tầm_bậy tin,0
25 05 phút anh_em chia_sẻ mạnh_tay tới tập cận bình nhé ! trời sinh ra tập tấc nhiêng sao lại sinh ra tiger ?,1
minh khánh đr bạn bài này t nghe hơi ngứa xíu,1
"dạo này bệnh lợn tả châu phi tạm yên ! ! bây_giờ lại bắt_đầu bệnh bò điên hoang_tưởng , rối_loạn phân_liệt ông giáo ạh ! thế có nguy không chứ",1
không hỉu lắm,0
trần thanh khi nào mà m nhắn qua cho t câu đuỹ lone khốn_nạn ghê là t hiểu r đó,2
đcm nó . nhà có cái bóng đèn giờ làm thế đéo nào ? không lẻ nhà có cái phòng lắp 50 bóng đèn cho oách à,1
bóng già đeo vàng giả sửa như chó,1
loại này chỉ có đút cu vào mồm,2
tổ_chức đám_tang . toang rồi .,1
đã gọi toàn cá_mập thì miễn có sự tử_tế . là lũ săn cá con 😂,1
ngô tuấn phục cái máu lồn,2
trinh ở ngoài đéo ai thèm ngó đâu anh cứ an_tâm ở đấy,1
cho,1
bà bị nhiễm là đúng thôi chẳng có gì là_lạ đất_nước bà là thánh_sống nên coi_thường đại_dịch mà cả thế_giới đang lao_đao chống_trả . kỳ_thị khi đeo khẩu_trang xem như một bệnh cúm bình_thường_khi nào chết mới trắng_mắt ra đúng là nước đến trôn l . . mới nhảy,2
nguyễn trương luân cung kiera ăn nữa không mọi người,0
rất hư trúc nhưng lại mộ dung phục !,0
"những lúc như thế này , chỉ cần một nụ cười toả sáng .",0
mới bắt đâu cuộc_chiến ở nước_ngoài mà tong luôn nước lộ ra nhiều con_cháu của lê chiêu thống và trần ích tắc . . thật,0
thề chứ ăn_mặc như đái tật_thế,1
hoag sa truog sa la kua trug quoc rui ma,2
địt_mẹ mất cái xe thì chúng_tôi đang vl điều_tra và giải_quyết . bán hàng rong thì giải_quyết ngay lập_tức không được để vấn_nạn này xảy ra . nực_cười vl,1
tây nó tưởng điên trốn trại,2
khải quân trẻ trâu vcl,1
thằng ngu người này ai đi làm mà chả đóng thuế . doanh_nghiệp lớn kiếm nhiều lợi_nhuận thì đóng thuế nhiều . thế theo mày đóng thuế_nhìu là muốn làm gì thì làm àh .,2
"bẩn bựa thật , pts chắc luôn !",0
lê hải long không phân_biệt được gia_súc và vật nui hả bạn . có đi học không bạn ?,2
"đơn_vị là nhà , cán_bộ cộng_sản đều là anh_em quá",0
muon tan 1 phat vao mat,1
"ông can đang bận bảo_vệ bọn ngu nhưng ra vẽ gánh team , và đứng trong bệ đá cổ nhưng vẫn cần sự cover từ đồng_đội tránh bị dive bệ đá",2
mày thấy đạn bắc kỳ chưa,0
nghe có vẻ không hợp_lý nhưng lại rất thuyết_phục,0
năng sinh_tồn ngáo đá hả bạn có làm j bạn chưa mà chửi người_ta,1
em cầm cái này phang vào sự chu_đáo của anh ba,2
phạm phúc bình_luận dạo lên fan cứng thì kinh dồi,0
"dương trungđđức t chong xáng mà , có ai như m đâu",0
chồng ơi ai cho anh đẹp_trai z 😭 😭,0
quan_trọng là dân đéo tin vào chúng_mày nữa chứ không phải là sợ chúng_mày lạm_quyền trưng_dụng,2
thuy anh vusami anh nhớ nhá các chị,0
phượng vô_danh chuẩn bạn,0
xuân thái xuân bảo ben đăng mạnh nguyễn phan huy nam 02,0
"ông im mẹ mồm đi , xl quen mồm",2
cũng như gala táo_quân cuối năm của ta thôi,0
nhờ nó tố_cáo mà khỏi ai thắc_mắc thằng nào là thằng mặt heo 😃 😃,2
địt_mẹ tao buồn vl luôn ý,1
"nhà_báo bbc cố_ý khiêu_khích để bị bắt , để làm màu , để dư_luận quan_tâm . tin bbc ở việt nam bây_giờ chả có thật tý gram nào .",0
cha khùng này vẫn còn tự nhận mình là tiên_tri vũ_trụ à,1
ba nay mat dai qua lon roi an noi tuc tiu hay_ho gi,1
đụ má luôn tụi dư_luận viên vào chống_chế nha hôn !,2
hay quá aba ơi thưởng cho cái thơm má nè,0
chị ba đẹp gái có hai hòn_dái hai bên lắm,1
chị đẹp gái quá c oi,0
đã si đa còn xông_pha hiến máu . giờ ms thấm,0
mẹ con á bạn,0
hanh viet mày được lên top,0
các bác cứ đợi mà nhận hậu_quả,1
chuyện vậy_mà cũng nghĩ ra được hay thiệt,0
nói thế đụng cha m bác em nha ! ở xứ đông lào bác em luôn đi đầu khi có tiệc_tùng đó . chớ khi ra_quân là bác trốn mẹ trong hang_pa c bo . cải ca ch ruộng đâ t là bác có bí_danh cb là chó bò giết ngươ i rồi đổ tội cho người khác .,2
trịnh nam long bị ngu à ? quốc_tịch việt nam thì vẫn là người việt nam đi định_cư nước nào kệ cha ngta ? việt nam chưa cấm thì ông bớt lên_tiếng hộ cái lo chuyện bao đồng . thứ ích_kỷ cùng là người việt_nam mà ganh nạnh,2
hồ nguyễn quốc phú sủa ít thôi,2
người dân thật yêu nước thì có thừa . nhưng p h á h o ạ i đất_nước toàn đảng_viên ưu_tú của đảng,2
ditme nẫu ruộtt,1
mặt quần biết k . h . ù . n . g,1
nghĩ mà chán . . ! !,1
kiều trung_kiên chất 🤣,0
hóng phim ra rạp,0
đm v t . h . o . i n . a . t,2
giày hiệu made mixi,0
ác_mộng của cuộc_đời là cà vào mấy con chửi thâm . nó chửi không ngóc đầu lên được khóc mẹ mất,1
ông_già nhà thằng tùng đi đâu r để tk con ở nhà chơi một_mình z v,0
"ui nói gì thằng quỵt gạo của đông lào , chí phèo thế_giới chứ có cái vẹo",1
thế_mà chúng_nó giật tít cộng gộp lại . tít lẽ_ra phải là muốn giết người ? hãy làm công_an,1
ngon phết các bác ạ 💁 😂,0
"gạch hết thì vẫn làm tbt , ở việt_nam làm gì có quyền bầu_cử , hình_thức thôi",2
vâng à rất thượng_đẳng,2
chuẩn_bị gọi người xiên rồi,0
chỉ có là các chị bên mẽo có cái lồn . chị 3 đéo có . chị thua người_ta cái đó đấy tên nhạc bất_quần .,1
"lâu_nay để_ý . . bãi cức , cống , rác_thải quá các loại đều có dấu răng của thằng quản_trị hết . . báo ngta đăng h nó copy rồi sủa vài tiếng ẳng ẳng cứ như mình là thánh biết hết rồi . .",1
bị mất chút_đỉnh bị xin tiền thôi chứ mất hết sao được,0
thảm thiệt !,1
"official nói không lại rooid phán là chó hùa . t chúng_tao đang nói đây đéo phải hàng real . bớt xl lại . đéo có fan của ai đây hết . bán vậy rồi nghiệp quật . thử nghỉ cha_mẹ bây uống thuốc chống đột_quỵ . . mà trúng thuốc giả rồi không có tác_dụng rồi sao . đéo biết suy nghỉ . ừ hàng giả nói giả . rẻ cũng chạy . bày_đặt real , hàng pháp . . xạo l",1
gì trần chực bú cu tiệp hay hải_văn,1
"tổng_bí nói 1 đằng , thằng thủ t thật thì làm 1 nẻo , chán",2
miệng đời ai nói kệ họ . chửi chi cho mất phước báo và mang nghiệp vào thân . kiếp này cô giàu_sang phú qúy . ắp kiếp trước cô biết tu,0
nếu bảo chủ_tịch mặt như l . . thì ? ?,1
"nghi nguyen bên đó phải tốt hơn việt nam thì mới sang đó sống chứ bạn ,",0
cô lên em la m to rô i xem lu c vê hưu e co như ng j xung_quanh,0
covid 19 là cái gương chiếu yêu hay gì á biết_bao_nhiêu bộ_mặt ngu_dốt lòi ra,1
"huỵch_toẹt ra chúng_nó các đảng_viên thường hô_hào sống và làm_việc theo gương của hồ_quang tức hồ chí minh kể_cả chúng_nó có ấu dâm như tên nguyễn khắc thủy , nguyễn hữu linh . . , nếu đảng búa liềm phúc kiến xử chúng_nó tức_là khác_nào tự tát vào mặt bác của chúng_nó làm lộ ra các huyền_thoại của bác ngày_xưa .",2
t bán sáp gôm với dầu_gội nhé,0
phước lớn lắm gặp con yến giang k . h . ù . n . g đ . i . ê . n giờ gặp thêm nhà đài hãm nữa t sắp thành thầy_tu rồi 😌,1
em vừa_mới mua 1 hộp xong,0
người bắc kỳ họ có khái_niệm . hy_sinh đời bố củng_cố đời con . đụng đến chén cơm nhà nó mà . cầu_mong sao nó đi sớm hơn .,2
"loại này về thì khinh như mẻ , ở bên kia nó chửi và kích_động dân mình dữ lắm , không đáng được coi_trọng",0
địa_chỉ ông ơi qua bấm chuông rồi chạy,0
chập_chững mà nổi_tiếng và có nhiều người xem live hơn mày,0
dương thái phước ba gà not ba,2
tuyet bui thi sợ qá c nhỉ .,0
sao không cho nó ra đảo cắm cờ chủ_quyền nhỉ,1
"đức_hạnh tìm_hiểu kĩ đi rồi nói , ai sinh_sống ở nc ngoài ngta đi dự sự_kiện nhé . không biết thì đừng nói mà đã nói ra rồi tìm_hiểu cho kĩ 🙂",0
kệ cha chúng_mày mọi việc đã có đẻng và đám bò đỏ óc chó bò nó lo .,2
kiệt phạm abe giữ vd không che rồi,0
con nhung,0
người nhục phải là bọn chúng và bạn chứ tại_sao lại là chúng_tôi ? chúng_tôi mua 1 vỉ trứng hay cái kẹo cũng phải bỏ ống cho các bạn 10 trong khi các bạn nhận tiền mà_lại không làm_việc đàng_hoàng còn quay lại hăm_doạ bắt_bớ chúng_tôi thì hay_ho chỗ nào,2
game cu lon nay,1
em thích nhất đoạn đầu 😊,0
"ngu một_cách vi diệu luôn . thật_sự bất_ngờ vì có người n g u như_vậy có_thể tồn_tại , không chỉ 1 mà nhiều",1
cô bà vàng_ngọc cho con xin thẻ cào viettel 500k gửi về qua,0
"coi cai miêng con nho linh loc , giong nhu cai l bi sung kia , co minh hiêu chui cho no chú đi",1
dancer chiếm hết chỗ rồi chỗ đâu kây atm ngồi đờn 😢,0
vu nhat doan huynh ong quản_trị viet stt chuan qua,0
thua coan bò mỗi sợi dây là thatt,1
tp hcm thi nhật ha nội thi trung quoc,0
trọng lú,0
không cần phải ngại đâu . . idol làm không sao . . e làm thì cùng lắm là bị đánh bờm đầu thôi . . ổn mà . . đừng lo nhé 🤣 🤣,0
có mùi việt tân,0
nguyễn quang_huy thăng l nào chế cái này,2
chị 3 chửi thật hay,0
"62 bạn cười việc bạn , mình scandal việc mình , có liên_quan đâu",1
tụi bay giảm bớt tào_lao đi,1
thầy còn chưa có tiền mua quần_áo mới nha mấy đứa,0
"vâng ! báo từ tháng 12 năm_ngoái mà_lại chê trình_độ của người nhậm_chức năm nay , rất bướm quá",2
sống chậm thôi mọi người ơi,0
đéo ai bắt xem ? ?,1
lò của cụ t đã bị đập bỏ .,1
nguyễn văn huân hay hò không ?,0
nguyen van_giang thắng tới nơi sủa bậy,2
trần dần là cộng_sản nằm_vùng đả_đảo đả_đảo trần dần haha 😂 😂,2
trend này việt nam có lâu lắm r mà 🤣 🤣,0
mày lúc đó oai lắm mà,1
lại cực phẩm của abe,0
chuẩn_mực vozer,0
nghe nói anh tôi đag cà_khịa,0
tuổi lồn sánh_vai,1
hãy sủa theo cách của bạn !,1
chúng_mày làm gì có văn_hóa mà lập ra_bộ văn_hóa,2
dắt như dắt mấy con bò 😌 thật,2
"chị pa còn trinh có cây đinh chính giữa , chị pa đẹp gái có 2 hòn_dái 2 bên",1
mấy thằg não cức,2
oke thầy,0
nhờ thầy đấy thank thầy thầy sena 3,0
hát như cái đách lồn dị đó abe,2
"không hiểu tại_sao , nhìn cái bánh sinh_nhật tuổi 30 mà khóc",0
cười chay nước_mắt . mà thương em nhiều lắm,0
nhục_nhã quá nếu trong_sạch thì không để phương hằng trì trích,1
cô ơi cô có dòng_họ với hồ xuân hương không cô cô nói gì 1 tỉ không bằng vải chùi âm_đạo của cô hả 😂 vậy trước_tiên thì cô thay lại cái áo của mình đi nghe cô 😂 dù sang cở nào thì cái áo là nó làm mất hình_tượng hết đó cô ơi 😂 . .,2
ngô hiếu à độ bảo đừng đăng mấy ảnh cu tùng kèm dòng chữ tự ghi vào,0
con_trai cưng của độ thích cắn kẹo_hương cam 😂,0
xạo cười quá má ơi,1
hán hoá từ từ,1
linh vật v,0
"dm . t mới bị con go go nó chạy sau nó đớp bạn ak , gửi cho nó pit mà",1
nhìn tóc là biết anh,0
nghe mùi cay_😗 cay,1
đù_mẹ .,1
du ma tu thg cho giu xe den thg suc vat chuyen hanh ly,1
mai anh tuân sủa cmm à,2
tình_hình tham_nhũng đang ổn_định 3,0
thế_mà chúng_nó còn định xây cái 11 ngàn tỉ để chưng bày mả bố nó chắc,1
"cho chừa cái tội tài lanh , dmcs",2
long nguyen nhin giong tuong,0
người_ta gọi đó la xây đường theo định_hướng xa hội chủ_nghĩa,2
ảnh_hưởng cái cc gì . địt_mẹ chúng_nó bán cmnr,2
"dịp mẹ tôi bây đi lũ phản_động hại dân , hại nước . trò củ cứ đêm ra diễn hoài , hết trò rồi hả . để cho dân được sống yên với , người trong một nước mà cứ muốn làm hại nhau .",2
mong_muốn vũ hoàng lân trần dần hoàng d . hùng mẹ . nấm bên đó sớm về việt nam người việt thương_nhớ khúc ruột ngàn dặm,0
giau qua sau không gang may lanh ma sai quat ha chi,0
"bd my lùn , my meo",0
chuoi ma ca i mă t hiê n ma đe_p ga i qua chi ơi,0
"tâm_thần có thần_linh hướng_dẫn , dám làm . chết nhát thì làm chó đi , làm nô_lệ đi . ông trời đang rây , lựa lộc ai là con ông trời tài_đức văn_võ từ_bi bác_ái ra lảnh đạo quốc_gia . ai làm được ? tôi và anh_chị . hãy hanh động . toàn người việt_nam nhìn chon lựa đủ tiêu_chuẩn ra làm tổng_thống thay_đổi chế_độ csvn .",2
do mặt khánh chi đơ hay sao mà mình nhìn thấy mặt có vẻ khó_chịu vậy ạ ?,0
trần thị ngọc anh t chỉ nói không biết thực_hư thế_nào thì đừng cào phím . còn t bình_luận cho vui thôi . động gì đến mồ_mả nhà bạn đâu mà dựng lông lên thế .,1
móc lên ngửi đấy mà . bẩn_thỉu vcl 🤣 🤣,1
lâu_lâu đói lại phải vẽ để đút mồm chứ,1
lão tập qua đây chả ai quan_tâm . dân còn biểu_tình phản_đối,2
"nếu đây là thày giáo thật thì có_lẽ cần phải đi khám bác_sĩ , đầu_óc chó ông này đang có vấn_đề .",1
những thằng ngu hay bảo người khác ngu mà không biết nhìn lại mình,2
thằng già kia đứng cười chứ,2
d m thắm ơi cho em vào lại không sợ chó đi em sai rồi . hôm sau em không giám chúc_mừng năm mới nữa huhu,1
không phải chê_trách chứ giờ mình biết văn_hoá lùn là như thế_nào r .,0
cả là rủa tiền cho tội_phạm lừa_đảo nhé chuẩn nhà,0
"tao thấy mày giống sát chết đang ngồi quán , con quỷ ơi",1
sợ nó nói với đám bạn của nó và mình trở_thành trò_hề cho chúng_nó,0
mỹ mời qua gì nhìn thấy cảnh_sát việt nam giỏi quá chuyện gì cũng làm được nhất là cảnh_sát giao_thông còn cảnh_sát mỹ không tài bằng,2
"đang thanh_trừng để người mỹ thuần_chủng . ra đường luôn vẫn mang giấy đầy_đủ , cẩn_thận không thừa .",2
chúng m thử kéo_chuột ghìm tâm với cái biểu_cảm như à tao xem . hộ cái,0
họp thò thụt,1
phương minn ngộ_nghĩnh nhỉ lạ lone nhỉ ? rõ_ràng cố_tình tạo scandal để bán hàng online mà làm như hay lắm . sống bẩn_thỉu v ai mua đồ cho trời .,2
giờ đue nhận_thức lắm nhìn mới ra bản_chất của vịt cọng hành,2
triều_tiên có cha con họ kim họ việt sắp có cha con triều tô,2
đến con trâu qua ngòi_bút của họ nó cũng biết thù giặc mỹ cơ_mà ! hay anh tám bbq là nhân_vật hư_cấu đến giờ vẫn lắm người hoài_nghi ! . . à còn diệt chủng mà mấy triệu tín_đồ vẫn tin là doanh_nhân hay danh_nhân gì mới hay ! . . nói họ là bậc thầy quả không ngoa !,2
giống quá bị hút xì_ke say thuốc_vậy,1
hằng nguyễn đi qua cug nhiễm . sợ,0
nóng như thế này cho ông_già đi du_lịch vòng_quanh tủ_lạnh là hợp_lý nhất sói said,0
má nó mới chết mà nó tạo nghiệp ghê thiệt .,2
hát hay không m . n 😂,0
chỉ là chuyển từ không công_khai thành_công_khai thôi v,0
thằng công_an chắc học võ_công của võ đang ấy mà,1
chúc_mừng các em chuẩn_bị vào đại_học nhé . mà thời_gian nghỉ các em ăn_chơi cho đã vào nhé và chuẩn_bị tinh_thần vào đại_học nha .,0
à lại cười cả buổi stream đó,0
hiếu bến tre 2 tk trẻ trâu có khác hơ ?,1
mồm loz adm ns ngu bm .,1
vcl cười,1
đăng thảo gỡ_gạc lại phim trước không ta,0
hn thu nguyên hoặc cho nó xuống đất ngủ thử cho quen hơi đất,1
"bài phát_biểu rất hay và trọng_lượng mong các quốc_gia bị ức_hiếp đoàn_kết có tiếng nói_chung , cùng nhau hành_động để khô không bị bắt nạc .",0
"đi xe vin đã thể_hiện lòng yêu nước rồi , người_nhà cả bầu hay không không . . ? !",0
đ t mẹ thiên_đường quản_trị nhỉ vl,1
giống bị hút xì_ke say thuốc_vậy,1
isis,0
mưa_gió tối đến chỉ muốn xem stream,0
a . . a . . a . . cái thằng mất_dạy nào định tập_tành làm sâu_mọt của dân đây v,1
tôi thâ y mâ y ông chô ng cô ng chă ng ông na o co n ti nh ta o . hâm hê t không giô ng con gia p_na o hê t,2
"bọn nó chọn tôm_hùm , cá_mú khơi . . nó đéo chọn cá gần bờ",1
bê lon chạy xung_quanh,0
trang tran hien teo chỉ ở nhà học và ngụ thui,0
có_thể bạn chưa biết .,0
"không phải lổi của csvn tàn_ác mà chính người việt nam tự nhận mình và thích_thú mình là con thú , lại khoái mình là dân nô_lệ . ai thích mình là con ông trời , giơ tay lên . thấy lắm không , im_re",2
hoàng đức ngọc joke cái lồn chứ joke,1
lợn trưởng tộc luôn béo ú . . hàng_xóm nhà nó . . cũng có một con . . 😅,2
đm thằng thớt page này đúng là thánh tổ lái kiểu đéo gì nó cũng quay đc . phi tên_lửa bằng mõm ít thui không đang lái trên đường bom nổ chết mẹ mày đấy .,2
khoe xe à,0
xao cười ma noi không so meo mieng nhi,1
sống nhanh lên các bé ạ,0
một con bò vừa bình_luận,2
vũ_khí là gián_điệp hủy_diệt,0
"không có nga và trung , mỹ sẽ hành xử như hitle , pinoche và thâu_tóm cả thế_giới",0
40 40 11h80 thần_đồng toán_học cao bằng độ tày 🤣,0
bạn hãy đầu tên thành thật hiệp đổi chó,1
bị ngáo cứt lợn 🐷,1
78tr chứ 7 đến 8 triệu j anh tôi chỉ được_cái nói_phét thôi,0
nguyễn hoàng sơn việt bị khịa kìa bạn,0
vụ gì thì kệ mẹ đi cứ lôi ra mà bới_móc ? ?,1
tức xanh người,0
tao mà là thằng quang hải thì thằng ad . .,0
em cũng thích chị vl luôn 3,0
phát_biểu khẽ thôi lại bị đầu_độc bây_giờ,0
"không phải không làm gì mà nhiều bình_luận như vậy nó bị loãng bình_luận với nhảm bình_luận rất l ra ấy , có_thể 1,2 cái bình_luận thì vui chứ spam thì quạo rất l ra",1
trung khó_chịu,0
ông bố tôi còn trẻ_con lắm anh_em thông_cảm,0
tôi thách bố của tổng_thống pháp dám nói_xấu về tổng_bí_thư tô lâm chứ nói gì mấy tờ báo chính_thống của pháp ? họa chăng chỉ có mấy bài chống cộng mà thôi !,0
cấm chat tập_thể khóa mấy cái mỏ lại hết 🤐,2
"em ở bàn dưới cr e ở bàn trên , cũng do khoảng_cách",0
lớn mấy tuổi_đầu rồi nói cho như thằng không não ? ? vẫn cố làm_trò ngu_si của mình để câu view ? ? não cá_vàng éo hiểu sao được lm youtuber bệnh_hoạn vcl chửi cho càng bị bệnh nặng,2
cutee zcll,0
sam bé bố mày đéo có tư_cách ở đây ! bố chửi thẳng cái thằng mặt lìn như mày đấy ! tay nhanh hơn não,1
nguyệt_quế nghỉ tiếp r,0
iran cứ sinh_tố bơ là đái ra quần ngay . bị bắt bài rồi,0
lừa_dối khách_hàng,1
"con này với thằng don nguyễn dv hài chưa bị bắt nữa hả ? tụi nó kết_hợp với nhau bán hàng giả làm lũng_đoạn thị_trường , lừa_đảo người tiêu_dùng . làm mất uy_tín nhà_nước vn . đề_nghị công_an vào_cuộc bắt hết bọn này . ai đồng_ý thì hãy cùng nhau lên_tiếng . bọn này là bọn lừa_đảo là tội_phạm kinh_tế",2
câm mồm không thằng mặt lồn này,1
cùng tâm_trạng,0
thoại trần chính tã ? ? chó chê mèo lắm lông . . gạch đá đủ xây nhà chưa bạn,2
1 lu ăn cươ p .,2
chị có chim không . . sao nhìn gớm gớm . .,1
còn lại một éo thì bị câm nên đứa lắm trả_lời được 😁,1
muon tan 1 phat vao mat,1
thang khung,2
bạn chả có tí hành_kinh nào văn_hoá cả,2
tết chú độ cứ lì_xì mỗi cháu 1 tờ,0
toang lắm rồi,0
"đéo ai thèm làm , vì họ biết khả_năng của họ đến đâu",1
"khùng quá thì đi chết sớm cho đỡ mang khẩu nghiê p mẹ ơi , già sắp chết không lo_nghĩ ngơi cho khỏe , suô t ngày lên xàm lồn cho chúng ghe_t",1
chi hiê u chi đâ t nhiê u qua cho em xinh mô t ca i nên nha đi chi em nghe o lă m chi ơi,0
"một lũ v . ô h . ọ . c ở cùng một khu , bảo sao xã_hội nhiều đứa quá hư_hỏng_vậy",1
lào thì làm được éo gì .,0
2 mẹ con de thương quá,0
ba dẻo vàng j den thui vay vàng mien à,1
không thích làm công_chúa,0
và đm chúng_nó sáng_chế toàn nông_dân,1
trước khi cắm lên đầu em 4 cái sừng nó cũng bảo y_như_thế,0
ngu na noi tren troi duoi dat không,1
ở trời âu nó không chữa cho_nên về vn . sau có thành_tài thì cũng về việt nam đóng_góp cho nước_nhà nhé các thánh,0
sam bé bố mày đéo có tư_cách ở đây ! bố chửi thẳng cái thằng mặt lìn như mày đấy ! tay nhanh hơn não,1
bây_giờ nó đang h . i . ế . p d . â . m tinh_thần của taoo,1
"xích cổ cách_ly ngoài rừng cho hợp với không_khí nó cần , thag mặt lồn",1
việt nam sang giúp cuba đi dễ lắm giữ cnxh thiên_đường chứ để họ bỏ thiền đường theo tư_bản giãy_chết này thì khổ,0
"đm ! thắm ơi ! lâu lắm rồi không chửi bậy trên fb , cơ_mà đang cú quá , đéo biết giải_toả ở đâu cả , viết ké ở đây nhé ! cái đcm nhà m nữa ! add bố m , bố accept xong lại chặn bố à ? đcm ! hãm lồn thế ? bố đéo rảnh để quan_tâm chúng m ăn_uống ngủ nghỉ chơi_bời thế_nào đâu ! ranh_con đầu bà cmay ! chỗ cm rảnh háng vào làm mấy cái_trò ăn cc như thế à ? cái đm !",1
nghe có vẻ vô_lý nhưng cực_kỳ thuyết_phục v,0
"tôi thấy phản_động ở khắp nơi mà nhiều nhất là mấy thằng bán_nước , hút máu dân đen . cứ sủa ra là luật , bọn chó",2
toàn đám điên_rồ rồi trong số mấy thành_phần này thế_nào có ngày con cc già nó lôi dòng_họ ra nó chửi cho nhục 🙀,1
một thời nông_nổi 🤣,0
trần bình an thật hả ? ?,0
"mồ tổ cha mày . đăng mà cũng lược bỏ đi chi_tiết cty hổ trợ 1thùng number one , bình đựng nước_đá . nhưng anh này . . tham thêm 1chút là đòi 10 thùng number one . đừg ngu mà tỏ nguy_hiểm_nha quản_trị",2
không có cha bao_bọc lên mới lọt đội_hình ngoo wc 3 lần,1
cảm_ơn anh,0
thả tim cho sự cống_hiến của ngài,0
nó yếu rồi,0
con_trai cưng của độ thích cắn kẹo_hương cam 😂,1
phạm trần nhật hạ ủa nói đúng mà có gì sai đéo ? đã vượt qua st đâu mà đạt kỉ_lục mọi thể_loại ? 💁,1
con sờ ầu ói dòi oi chấp làm gì con âm_binh_khí đụ tụ hình rạch trời rơi xuống kia hả bạn tôi ơi,2
ám_ảnh vl,1
đang định nhác bomman đâu à mà thôi,0
kk xem clip cuoi nhieu ne minh hieu oi hay qua hieu nay dep qua . cuoi muon dau bubg minh hieu noi chui nghe da lo tai luon,0
quản_trị nói chiện như cc ngta phò thì đã sao ngta có trộm_cướp gì nhà m chưa hả con chó quản_trị ? ? m đã xác_định được nghề_nghiệp của ta chưa mà chửi chửi thì chửi cho đúng chư đừng thấy sao,2
hoài nhân phan anh tôi gắt_thế,0
ngôn_ngữ chửi là một thí_dụ . hãy bỏ_qua sự thô_tục của lời_văn .,0
quản_trị óc chó chó,2
o doi la vay luc người_ta ha minh van con thi chuoi người_ta cang ngay cang manh bay gio no tuc roi no quay lai no can cang nhieu hon xua nghe cho da tai nhaoi người that la mat the dien cua người việt nam bo tay ban thieu,1
hi chắc tụi bay cũng chung bọn với nhóm xộn lào đó rồi,2
mong mọi người bình_an,0
trâ n dâ n che m gio . nghe o kiê t xa c không co tiê n đê la m răng ga y me no hê t rô i ma co n ngô i chem gio,2
chửi cho cả vòng họ noi ngoại nó suốt đời ngóc đầu dậy không nổi luôn cô,2
con này nó dập dá nhiều quá lắm dầu nó não quá,1
hanh viet bài thơ cực_kì thuyết_phục,0
cho xin địa_chỉ . . tao gửi ít đồ cho thần_tượng của tao . . nhà mầy chỗ nào cờ hó,2
chi chui hay qua chi oi chui may dua ma_an ngang noi ngươ c an cua than ban thanh,0
kk con này bị cô ba vàng_mã đào hết mớ rồi kk . bị sập bẫy của bà tam cung chén mũ rồi kk,2
đức thịnh ui e mà thương à,0
"kệ mẹ lồi báo , bé này dễ_thương .",2
trường tiến chắc thấy nhung bị chửi nhiều quá đâm_ra tuân_thủ bạn ạ . với cả chắc cũng sợ chết,0
đố bể chỉ vì mỡt con vi rút tên nhung cồ lẽn việt nam ỏi,2
anh châu đẹp_trai quá à ahihi có nhu_cầu chơi gay không anh,0
"chuẩn luôn , không thích theo_dõi facebook thì bỏ theo_dõi đi . theo_dõi người_ta mà không chấp_nhận những gì người_ta đăng_vậy hoá là sống giả_tạo ah .",0
chào em ! hôm_nay em đẹp lắm luôn . bọn chị ủng_hộ em ! em hãy dùng văn_hóa chửi chửi đau chửi đớn con chó linh em nhé . chào em .,1
"người_ta da mặt_dày , mỡ nhìu đi xe_hơi máy_lạnh kiếng cách_nhiệt",0
"tôi thấy lãnh_đạo việt nam nên câm mẹ nó mồm đi cho xong , đã lỡ tham_nhũng rồi thì ở nhà luôn đi , mỗi tháng chuyển tiền cho nó , khỏi làm . . đó là cách tốt nhất để nhân_dân ấm_no",2
nghĩ đến lúc anh không còn stream nữa thì buồn nhỉ,0
trọc_phú và dân đen luôn nghĩ khác làm và nha,0
nghe có vẻ vô_sinh nhưng rất dễ có_thai,0
lê thảo_nào em với thi đi nhớ hú anh nhé . anh đi theo quay clip chứ không có tham_gia .,0
hàn quốc thuợng đẳng lắm mọi người đừng lo cho hàn_quốc nha,2
tính nguyễn trend nè cô ơi,0
lmao,0
chửi chó không mọc được ngà trong khi mình mọc cu v,1
tuấn bảo coi_thường thầy quá rồi,0
ông bỏ_bê mẹ con tôi hơi bị lâu r đấy . tùng sói said,0
"mua_bán vàng , lớn nhất nhì việt_nam . mà làm_ăn chán dậy",0
chào_mừng danh_hài 3 về việt_nam nha,0
nơi tập_kích của lắm hàng tàu . ai mà biết cung,1
con mèo kêu meo meo,0
chỉ sợ những người dùng não để trồng cây,1
ý bạn này có phải là người khác nỗ_lực để xắm oto cho bạn ngồi tránh mưa phải không ! ? 😅,0
thế k icm không phải là con_trai rồi mà là cây anh thế mới,2
100 like rồi đập đi,0
đúng rồi đéo thể tin được . đáng_lẽ phải cào_bằng ra mới đúng . thật không_thể tin nổi . phải cào_bằng ra mới được,1
nhắn_tin lý trend nha bạn iuu,0
không_thể tưởng_tượng nổi . . bọn chúng ăn bất_chấp thủ_đoạn,2
võ minh hiếu xin video bạn ơi,0
cho em hỏi chị 3 báo nhiều tuổi vậy ? sao nhìn chị đẹp quá vậy . không ninh bo nha . kg xin tiền à nha,0
đừng nói là biển tới tháng rồi nha ? 😂,0
hi bức_xúc quá không chịu được phải chửi cho hả hơi,1
hóa ra khoe tièn khoe vàng . . ha . . vàng da vàng mă t nay vàng_mã vây kín . nghèo mãi khi no com cho là giàu tôi nghiep quá,0
lê_kiều sương lê diễm tơia bình thuận r chế ơi 😰 😰,0
đến nơi chưa anh ?,0
chi ba bi ngao đa ha chi 3,1
nhạc gì hay_vậy,0
"phạm tuong không có cái gì cũng tự_dưng lôi anh tao vào , cái thứ dòng đỗn lì , không khịa anh tao thì m bị ngứa_tay à 🙃",2
"hazardous khắc cấp cực_kỳ nguy_hiểm , thằng giáo toang nguyễn là ngọc đâu , vô quá sủa mấy câu tao coi",1
"uh , dung roi , du ma no nua di_quản_trị",1
3 que còn j nữa,0
người_ta có ngu_ngơ người_ta mới đi hỏi . chứ nó khôn như ông quản_trị hỏi làm đéo gì cho nó mang_tiếng . thánh chửi thành thánh soi . cũng móc từ tokyo baito mà ra . ở sâu_xa người việt_nam vẫn thích coi móc người vn . nói đi cũng phải nói lại . đứa thì có chút lòng tham . đứa,0
hau nguyen con cặc v,1
tươ ng thă m ba n page ? ?,0
chuẩn không cần phải chỉnh bạn ơi,0
chơi facebook đi con cho đê người dân thâ y bản mă t thâ t cu a ma_y thă ng cho,1
"bê đe không thăng nao xâu ma_sao lôn như thăng cho bê đê nay , đu me tôi ngay lưa đao ngưoi , đu me đa kiêp nay lam bê đê rôi không biêt tu thân kiep sao lam suc vât bê đê nưa cho no chêt me no",1
không ưa gì thằng tàu nhưng đọc được bài này phải công_nhận nói rất đúng .,0
vâng . thằng cc nào cũng ngồi ngoài phán như_thánh chờ xong rồi ms vào . chả biết cái đéo j . ng ta làm gì chúng_mày biết chắc . biết_bao_nhiêu vụ ngăn_chặn được không đưa ra người_ta báo_cáo cho chúng_mày à,2
bài này như lồn,2
không biết có ai nghèo ở việt nam nhận được số tiền tỷ tỷ tỷ của nó chưa . kể tài_sản của người khác rồi xạo lozz của mk . bóng này là bóng bẩn_thỉu bóng dũa nail chứ có cl gì .,1
trúc loan bị ngu à ? nghe nhạc 2 thằng mà éo hiểu vấn_đề,2
trần dần sợ chết nên hồi hướng,0
luật của việt_nam dành cho người nghèo thôi,2
thằng quản_trị chắc mới bú đá xong,1
"thầy lồn được cái sủa dơ , yêu thầy 3",2
khánh sky chẳng nhẽ tao lại nói_thẳng ra là thằng cạn tàu gáo máng không icm ?,1
mều siu nhơn khanhly pham c trang mua tạm cái bút ntkia bù cho c ly đi,0
trần duật toang thật r,0
có jk hay không đăng hoài,0
ủa rồi ai muốn yêu mình cả đời dị ! chồng tương_lai ơi anh lên_tiếng đi,0
trúc loan nhạc thằng không đệm nó khác_biệt cha_nội,0
anh vừa nói cc gì vậy abe d ? ?,2
"vấn_đề sang đấy làm được cơm_cháo gì hay lại ăn_bám trợ_cấp , làm nail với culi như cái đám đu càng thọt mà ra_rả kêu gửi tiền về nước nghe to_tát quá cười",2
hoặc là lập_trường lợi_ích lêninist bất_chấp cấu_trúc hệ_thống chiều sâu làm nền_tảng chung .,0
u chi ba co cười luôn . vu na y ngô a nghen,1
trông đẹp thế_mà không mang ra thử . . bỏ đó phơi nắng à . .,0
kết_quả của việc cải_cách của mày đây mặt thằng lờ,1
êh . . thằng đó nó dịu_dàng vậy nó phẫu_thuật xong tôi bede cái chuyển_tiếp thành moi đợt nữa hay gì,1
kỳ này mỗi lãnh_đạo chắc_chắn có máy_bay riêng tha_hồ mà đi !,2
"hazardous là cấp cực_kỳ nguy_hiểm , thằng giáo toang nguyễn khắc ngọc đâu , vô sủa mấy câu tao coi",2
trần thị nhung con_người chứ có phải con c đâu mà suốt ngày nghỉ . hn bị tuần sau còn phải cắp sách đi hc nữa là chỗ mk . nằm_mơ đi e,1
cười vô mặt_mày một cái . . cặn_bã ạ . . hãy tự biến mất luôn đi,2
mình nhớ con sam là lưng nó trơn bóng luôn không có lông thì phải,0
chịu thầy đcm,1
3 pro player phải gánh 1 con gà 100kg,2
à méo nên về nước thì mới đúng,2
bait à,0
"gạt vô má nhà_báo thì tự kiểm_điểm , nhà_báo bị ăn gạt thì phạt 10 mấy chai . cái xã_hội j_vậy ?",0
hóng abe react,0
"nó đi ngu thật , không biết nó học bằng ở đâu mà cả khúc cua nguy_hiểm như thế_mà còn lấn làn vượt được , loại này không gây tai_nạn trước rồi cũng sẽ có sau",1
cái đó là thiếu nha bạn còn cái loại đi bắt_bẻ như bạn mà cũng bắt_bẻ ngu như bò ? chính tã là chính gì ?,1
như quỳnh_kiều trinh tết nay tôi không dề được ràu 🤧 🤧,0
tắc đường xuống đi bộ,0
cái lồn má,1
tú ông ngu suẩn nhìn mặt và thái_độ sặc_mùi âm_hộ,2
đề_nghị anh tiệp câm mồm laii,2
chịu lun anh ạ,0
hỏi thui mừ,0
"bố trẻ cứ tưởng như ở luôn việt_nam , qu",0
cười con ! vl điênn,1
ý tao . là . bài báo kia kìa,0
có bán gấu bông thứ vậy không thầy ?,0
"nhok lầy cái tài_khoản thì clone , avatar thì đéo dám để ảnh thật v gáy cũng kinh đấy ! thằng trẻ_con vô văn_hoá !",1
"đ t con_mẹ . đang ăn cơm nghe đến đoạn bôi c mũi , c mèo đức phan ạ",1
phò cũng là 1 nghề chân_chính đấy đm thằng quản_trị,1
có não thì nên sử_dụng chứ cứ để nó đóng thành bê_tông thì lại phí 😒,1
cả đám nó nhoi nhoi như con dòi trụng nước soi,1
"bây_giờ mà mưa một cái thì tha_hồ ngồi nhom nhem có lũ chết thèm , trong này ấm_cúng có gái có rượu , chúng_mày ngoài đó có thèm ko . lêu lêu",0
hải_yến mày mới điên con rảnh đấy . chưa xem đã bảo cảm_thấy chán là hết phần thiên_hạ lắm,1
nghe mắc i quá abee,1
khi dân ta ảo_tưởng 3,2
cô minh hiếu dthuong quá,0
không em thich toc nay,0
đm may tien cho qa mỹ ma giut no cô minh hiếu 100 may truc triệu,2
lũ sinh_vật nào đây,2
"nghe_đâu mỗi năm mất gần hơn 900 tỷ để duy_trì cái xác ấy sống mãi trong sự_nghiệp cướp_bóc của chúng_nó . kinh , xác cha già chúng_nó mà chúng_nó cũng không tha , xơi luôn . bao_nhiêu năm rồi nhỉ ? !",2
quá khốn_nạn cho nền công_lý tại vn .,2
trần sang bẩn cả fan cứng,2
"quản_trị thông_minh vl , chỉ_số tia cực_tím cao là do bức_xạ mặt_trời , nếu mức_độ tăng thì do thằng nào xả thải nhà_kính , khí cfc nhiều chứ liên_quan dew gì đến chính_quyền mà chưỡi ? ? v",1
cả 2 cũng chỉ ngu như nhau thoii khỏi so_sánh,1
địt_mẹ m,1
bích trâm làm thì tập_trung làm đừng nhớ những buổi vui_đùa chị_em nha chị uyên thảo,0
lời thơ của bác là lời hịch kêu_gọi đồng_bào ta ra_sức chiến_đấu giành lại vl độc_lập tự_do,0
triệu_hồi phúc nghẹo . . trọng lú,2
trung quốc mẹ nói thì trung quốc đi bày_đặt china chi nủng . đang nói tiếng việt hay tiếng anh,1
thằng chó,1
vũ_trụ tiên_tri trần đần đại ngu .,1
"đó là tư_tưởng của những phe_cánh hồi thế_kỷ 20 . nếu bây_giờ không thích sao thân nga , trung . sao lại lắm cho tàu trung đi qua eo_biển",0
"hay lắm bạn ơi , lần sau cứ thế phát_huy đỡ khổ mấy anh cộng_sản",0
ngứa bà cẹt ghê_😌,1
shop pe đi cùng độ phùng,0
chị nầy là giàu thật . còn thần bóng râu đó nó sạo lồn mà . chị đừng chưỡi ba mẹ nó . e thấy tội cha_mẹ nó chi ơi . chưỡi nó đi .,2
tt7 susan 0175,0
uon mien nuoc chuoi tiep cười vui,0
nguyễn xuân nhật like lại avt hộ,0
trường giang không cố_ý nhưng chị n vô_ý ích_kỷ gây hậu_quả nghiêm_trọng là điều không_thể phủ_nhận rồi bạn . mình cũng mong chị ấy mau khỏe và chịu trách_nhiệm cho hành_vi của mình,2
vì nước vì dân . chung tay dập dịch,0
nguyễn thanh_tú chăm học vào,0
nguễn trường intro vcl,1
đến con chó nó còn có ý cầu tiến chán lãnh đạovn,2
nấu nổi canh chua như cái bả lồn vậy ai dám ăn . tao nói hả cái mặt của mày nhìn như trái hủ qua,1
con sô cô la này đáng sợ quá,0
có khi nào đây cũng là cơ hôi làm_giàu cho mấy ông mấy bà tay to,2
hình_như sam đuôi nhọn còn so thì đuôi như đôi đũa đúg không ta . từg ăn sam rồi và cũg từg thấy con_so . đuôi tụi nó khác nhau .,1
em tú yêu anh ba nhé,0
hoàng_tử của chị ơi vv,0
chào anh gil xô,0
"bồ t , t có_thể ăn_hiếp , nhưng đừng hòng đứa nào chạm đến hả 🫣",1
huỳnh dương bài này riêng t thấy tệ vl chứ kp như bạn nói,0
địt cụ bọn này không con zề để bàn nữa rồi,1
"cái tầm của tbt phải thế , quảng_cáo trên phải là báo nước_ngoài . tuy_nhiên bác tbt cũng_nên căn_dặn tay_chân thuộc_hạ lần sau làm cho kín_kẽ vào",2
các a c e dư_luận viên cùng toàn_thể gia_quyến đã sáng_mắt ra chưa ? ?,0
"lũ chó , bán_nước hại dân",2
bay chiem chi co cang mat o vay,0
đụ con đĩ mẹ chúng m đừng có nhai đi nhai_lại được k ? con_người chứ có phải con trâu con bò đâu mà có cái câu nhai mãi mà chả có cái ý_nghĩa con cặc gì cả,2
pho ruồi bâu,0
kiểu này chất hơn à_ơi,0
bên không có quyền tự_do mẽo mẽo ơi,1
hát dỡ mà quá hát hoài đuỹ khùng vàbg mã,1
"bác ơi về rừng đi , đó mới là chỗ của bác",1
"họ nhận lương từ chính_quyền , chính_quyền làm sai , mọi người hảy chửi chính_quyền , bộ_đội họ không có lỗi , họ đáng được nhiều xem_trọng hơn thế , còn về mc phan anh , mình không làm được như à ấy luôn nên không bình_luận",2
"tụi tao là bò đỏ còn tụi bây là chó vàng nhé . chó vàng lết thử về việt nam đi , bò đỏ tụi tao húc cho lòi ruột .",2
"bà nầy nói_chuyện không có văn_hoá , biết không luôn xấu_hổ",1
dù em chỉ có một cái bánh_mì,0
đúng nghĩa bóp dái cả team thầy đánh như thế_nào lủng hết rồi .,2
phán câu nghe mắc địt rất loz,1
ồ . vậy cái vụ vinashin toàn mấy bạn ngu nhỉ 😁 ? ôg giỏi thật,1
mày điên à ? ?,1
nó đéo làm như_vậy thì gọi đéo gì là dư_luận viên ?,1
tổ_sư mấy đứa thích thể_hiện nè,0
"thảo lê lỡ mấy người trong khoang thg gia ấy lây cho n17 thì sao , t21 chẳng_hạn . ai biết ai lây cho ai .",0
tôi là đệ nhất quốc_sư hoa kì trần dần là cố dấn tối_cao của tổng_thống đô nan trum hiện_tại là quốc_trưởng của chánh_phủ lâm_thời việt nam cộng_hòa trân_trọng kính chào các dị_đồng_bào trong nước,0
phước lớn lắm gặp con yến giang k . h . ù . n . g đ . i . ê . n luôn giờ gặp thêm nhà đài hãm nữa t sắp thành thầy_tu rồi 😌,1
duoc vl anh ui .,0
"đu kpop thấy con y ghẻ nó đã như qq rồi bây h đu lingorm thấy ch3 còn k . h . ố . n n . ạ . n hơn y ghẻ nữa , địt_mẹ cty choá má qua h_tức không chịu thật nổi",1
ba hưng tối hôm đó,0
muôsn quá nhìn lại kéo khoá dùm quá,1
ồ . vậy cái vụ vinashin toàn mấy ôg ngu nhỉ 😁 ? bạn giỏi thật,1
thế_là bạn nằm yên cho nó hiếp_dâm à . v,1
nó nói e xin_lỗi công đồng tha_thứ cho nó từ đây e lên mạng e không dám nói_tục nữa mà giờ nó chửi hơn lúc trước nữa đề_nghị tống về việt nam đi,0
lũ có đỏ trong bình_luận không quá bò giáo_dục .,2
vẽ con gà d,0
phạm ngọc tâm im_đii,0
hèn_chi n cùng_đường ép dân đến lại,0
"thật gánh nặng đè thật lên vai , , ra_sức phạt ngày tết cũng 0 nghỉ thời bác trọng còn dễ_thở 1 chút 😔",1
ông_già lấy tiền sữa của tôi đi mua giải rồi anh_em ạ sói said .,0
trống_rỗng quá,0
ếch xanh bút này chym bé lắm không mua,0
chả hiểu cái mẹ gì luôn,1
không liên_quan nhưng mọi người bỏ 2s vào like avt e với ạ,0
chào em ! hôm_nay em đẹp lắm luôn . bọn chị ủng_hộ em ! em hãy dùng văn_hóa chửi chửi đau chửi đớn con chó linh em nhé . chào em .,1
"đẹp_trai , tài_năng , tư_duy đỉnh_cao , kĩ_năng cá_nhân tốt , tư_chất lãnh_đạo là những gì mà levi có chứ không phải như_ai kia",0
chí nhân đuỹ moẹ,2
"thời_đại h làm j còn giang_hồ . toàn tụi lưu_manh , chó sai cho công_an . vì đồng_bạc bán rẽ lương_tâm . dùng từ giang_hồ thì xa_xỉ quá .",2
lại ns ý đây mà,0
"sinh_viên đh sư_phạm và phụ_huynh nên bãi công tẩy_chay mụ đi nô , hán luôn gian mang chức hiệu_trưởng này hồng_hán .",1
tiếng việt nói lắm mấy câu thông_thường cũng cầm giấy,1
"bắn giải không được nhiều tiền nên bây_giờ anh tôi phải làm quảng_cáo nhiều như thế này đây , cũng chỉ vì mua sữa cho tùng sói",0
chịu á,0
cộng_sản bắt_cóc đánh người của mẽo bây h bị mẽo phạt lại về bắt dân nộp thay ạ,2
", mà toàn bash k , h thật ù , n , g bash đ i ê n",1
"hướng_dẫn con_mẹ gì , giống như hút thuốc_lá thế thôi .",1
tưởng khỉ vl 🐒 muốn chịt lúc_nào cũng được chứ hè với đông cũng chịt chịt đụ đụ với nhau đúng khung giờ bố đi nhậu,1
31 công_an 16c trị khỏi trước đó 15 công_an đang điều_trị trong đó có 8 15 công_an nước_ngoài,0
ba gia nay không duoc binh thuong . . hah hah . . chac bi dut may day . .,2
kiểu lươn_khươn cao_lãnh 🤣,1
chi ba va ng ngo c xa m lô ng vl kakaka đo em,1
nguyễn trọng thái đợi cái lồn thêm 3 chữ địt chị mày nữa nhé 😂,2
ở xứ xở thiên_đường phải z chứ,0
vụ nạo_vét kênh mương ở nông_thôn nữa nè ! 1km kênh người dân thuê nạo_vét kênh tấm 100tr . nhà_nước làm 1tỷ .,2
đem lại tiếng cười . . ? ? toàn post bài hãm lồn mới đáng cười,1
đcm chúng_nó bán hết rồi còn đâu mà của mình,1
việt nam có đinỏ phiếu đi nửa cái phiếu đó cũng đem chuồi đ í t không có,2
trông thầy giống bê đê vcl,1
đùa bố à,0
"cái gian_hàng trong tổ_hợp nhà_ga chứ đéo phải cả nhà_ga nhá v ngu vừa thôi , ngu hết cả phần thiên_hạ",1
cả nước được vầy thì . . không còn đam_mê cuộc_sống ở việt nam !,0
đụ_mẹ ai biểu việt nam nằm ở hạ_nguồn nó thượng_nguồn nó chặn cái là lõ luôn .,2
"phố xx ở lê_thánh tôn_chỉ nhận khách nhật hàn , chê khoai đông lào . 🥹",2
rất mong đến ngày ấy . . .,0
thằng này bị cả hội eva bốc scandal mà địt_mẹ thằng add còn cố đéo chịu hiểu mà đăng lên,1
bh van con nghe nỗi nhớ đóng_băng chứ đùa,0
xưa có thái thú tô có nay định thái thú thật tô lâm .,2
. điên có gan nói mà không có gan mở bình_luận cho người_ta con bình_luận,1
vẫn thua sky,0
"bài nào cũng điệu nhạc như_vậy , chả có gì mởi mẻ v",0
"hiệp đinh v m không biết đọc à , hãy viết trước khi đọc kĩ nha thằng óc chó cứt , mắt chưa rà hết chữ mà tay nhanh hơn não , mối nguy_hiểm của xã_hội",2
chị hạ_linh sau khi xem bản edit này 😂 😂,0
idol vca nugu bạn xui lắm hả ?,1
"chúng quay nhằm mục_đích mọi và chống_phá cứ xích cổ bọn chúng lại , không để chúng gây_rối và làm_loạn xh . . bôi_nhọ người",0
con này chắc không được di_học,2
thanh hải có lên tạ hiện quẩy không đấy,0
giật đ trượt phát nào đến từ vị_trí của độ tày,1
già đầu mà non quá,1
fan minh hiếu,0
giống nhau thế . có họ_hàng gì không vậy ?,0
đình quang xạo l z pa,2
nguyễn châu gia_bảo giờ có cho vé free tôi củng méo đi đâu hết tụi này bị điên hay gì á chứ người thường ai mà ngu động_trời như_vậy .,1
lúc chưa đánh được người_ta thì mặt đỏ như vang đánh người_ta rồi thì lại_mặt vàng như nghệ thằng này phải nhốt nó cần thận và thật lâu vào đừng để nó sổng chuồng ra ngoài đường nhé nó mà ra đường thì nó gặp ai cũng cắn hết đấy nó đang bệnh giại mà,0
con chó điên,2
thang nay oc no co van de rui ? du me o do ma no nhu thuoc no ! di_lua loc la gioi ! may dung dai chu co ngoi dai dau,2
"hợp_lý vl à_ơi , ngta nói ước_mơ không đánh thuế , nhưng đéo đủ tiền đóng thuế thì mơ mơ cc",1
lên đi cái bạn ơii,0
đm luôn . tao là công_an thì tao có quyền nhé . đm quản_trị phản_cmn động,1
nguyễn hương giang không phải là chậm mà là mình không thích vả_lại mình cx không chụp ảnh,0
nhiều người theo_đuổi hay không nó không quan_trọng . quan_trọng nhất vẫn là cái tình_cảm nó dành cho bạn thuii . vì không chỉ riêng gì con_gái mà con_trai vẫnn có người theo_đuổi mà . đừnng để lệch sóng nhau là được .,0
"doanh_nghiệp và dân phần ưu_ái luôn là bên dn , họ chi mạnh , có thế_lực , nhiều khi là sân sau của quan_chức , dân muốn tìm đồng_minh thì cạch chính_quyền ra , tránh xa con dao 2 lưỡi . dân luôn là kẻ thấp cổ bé họng , mà chính_quyền là luật , luật là chính_quyền . bàn_tay luôn có 2 mặt",1
mai thu hoàng huhu mạnh mé lên nào,0
giọng thế này đừng nên thử với nhạc dance,0
chậm thôi các ông . .,0
mắt thấy tai_nghe . . con di_chùng nói tiếng việt_v,0
đm chơi gì ác zay,1
phương thảo gkee,0
de nhi nha nuoc tim cach tran tri,0
biết_bao nhiu mới vào được . . không ăn hối_lộ thì ăn cức à . . khj nào mới hồi vốn chứ . . người_ta là dân làm_ăn mà . .,1
con vl quỷ cái,1
cmm_dụng tới cô minh hiếu tao kéo anh_em tao đập chết mẹ mài đó,1
"kinh_tế thị_trường là kinh_tế của tư_bản , kinh_tế xã_hội chủ_nghĩa_là nước cu ba và triều_tiên đang sử_dụng kinh_tế xã_hội chủ_nghĩa , cu ba và triều_tiên nghèo là phát_triển theo kinh_tế xã_hội chủ_nghĩa mới nghèo , không phải do cấm_vận đâu",0
sao cờ cho nó ra đảo cắm không chủ_quyền nhỉ,1
dấu_hiệu một ngày quên chưa uống thuốc 😀,1
bu ng như con heo vâ y ma ba i đă t ba n thuô c gia m cân . uô ng đi rô i chê t .,2
phố bolsa là nơi bịa_đặt đồn tin thất_thiệt lại có những người phét_lác như trần dần thế_mà vẫn có những người tin đúng là ngưu tầm mưu mã tầm mã,2
tiền . . trong dân còn . . rất nhiều ? ? à . . bắt_đầu . . hiểu ra chút rồi nha ! !,1
"tiêu_thụ bia nhiều nhất , trẻ trâu nhiều nhất",1
cuộc_đời có lúc lên với xuống chó mà anh năm nay không được thì năm sau có j mà căng,0
"ninh trần đi đâu cu g gă p ,",0
đây là quần què à,1
ở nhà với à chip già,0
chung may lam on doc ki di . nuoc thai da_qua su ly moi duoc chpo phep . vl bao chi,0
chửi ngu,2
"giờ đi xklđ cũng phải đóng bhxh nha , đảng ta tốt_bụng lắm , lo cả cho lao_động ở nước_ngoài , đcm v",2
"dương trần cm thế_thì tiền thuốc_men lại đổ xuống sông xuống bể , lại còn tặng thêm tin cho lũ phản_động xuyên_tạc",1
đúng quá là bọn côn_đồ chứ cảnh_sát gì lũ này,1
truong anh nghĩ_lại vụ đó thấy tội bác lái container rất đéo làm sai cũng bị phạt chỉ có_thể là việt nam phiên_tòa như show hài,2
hồi giáo còn tốt hơn hồ_giáo quá,2
dư_luận viên ngu cười lại còn lắm đứa hùa theo thể_hiện đầu_óc chó đúng là cặn_bã . lại còn lắm thằng bảo việt tân tài_trợ phan anh nữa chứ .,2
cả một lũ sâu_bọ . c . h . ó c . h . ế . t,2
nguyễn trọng hiệp oder được đôi này giờ chắc cũng phải vài nghìn đô 🙁,0
"thằng bytedance dẹp là phải , thằng này lẳng_lặng cài vào mà không biết cách cũng khó trục quỷ cho nó ra hỏi hệ_thống windows ! nó từng làm chậm con máy yếu_xìu lắm của tôi .",1
bớt đeo vang lai đi,0
chi ba co căt cho gi khoe_khoang sao lôn,2
các em bình_tĩnh,0
"có vụ 3,4 đứa học_sinh nữ nó đấm nhau ấy 😢 đưa vụ ấy lên đòi lại công_bằng cho em nó lắm",0
lại thế cường xu may_mắn của bạn đẹp thế . nhắn_tin mình với .,0
bố m đéo sợ ok,1
"quá hay . phải sĩ_quan triệt_để , kẻo nó giả_mạo lý cướp_giật , tiệm vàng , ngân_hàng , cướp xe . .",0
"ta thì nghĩ thằng này là người của tàu cộng , được cử qua đây để làm dư lợn viên , mục_đích là làm ảnh_hưởng ngôn_luận có lợi cho mẫu quốc . vì xưa_nay t đều biết rằng cộng_sản mạnh nhất ở điểm là tạo ngôn_luận ảnh_hưởng mọi người . từ đó nó sẽ đủ tư_cách đi tạo thế , và nói rằng những thằng có suy_nghĩ khác nó tức_là khác với mọi người vì suy_nghĩ của nó là của mọi người , tức_là đi ngược với dư_luận , tức_là phản_động",2
thanhhuy nguyen_kém,0
địt_mẹ thang ban ! cho tau ma quen vl sao duoc ! nuoc,2
"hành_kinh việt nam đi , chung lòng cứu_quốc . .",2
i love du chu cà_mo . cô ba trả tiền cho cô hiếu đi,0
hoàng_yến học ls mới biết,0
ba_que có một đệ nhất quốc_sư như_vầy làm_sao mà không hẹn nhau tấc nhiêng là đến mùa chuối sẽ cùng nhau về phụt cuốc ! ?,2
"cướp đêm là giặc , cướp ngày là quan . 24 7 lúc_nào cũng phải nơm_nớp . than_ôi cái đất_nước hạnh_phúc",2
diện trần khó thương nhiều vào để đất_nước nó lớn_mạnh trở_lại rồi lại đi cướp nước ngủ còn sủa,1
"nguyễn việt_nam , ủa cứt 🐕 🦺 vàng 👈 mới biết đó nghen . chửi thề",1
2 con đien . .,1
vừa ra đường lỡ bẩn_thỉu tay như_vậy thì bị đấm 😢,0
cứ ngỡ đâu sẽ lặng ai_ngờ tăng như giá khẩu_trang,0
bhxh ! để lấy tiền bù thâm_hụt ngân_sách thôi chứ không phải vì công_nhân ! đóng cho cố vào không biết có lãnh được không nữa đóng,2
trường,0
còn mình thì giám_đốc bắt nhân_viên đi cách_li thay còn sếp vẫn nhong_nhong 😪,0
con di,1
"cái này người_ta gọi là thật , sao y bản chánh ý_chí , tư_tưởng nông_cạn là vậy đó .",0
chưa vợ chưa người_yêu uống vào không biết có động_dục không nhỉ 🤨,1
nghe mùi đa_cấp khắm vcl chưa là j trong cái xã_hội này đâu bớt dạy_đời đi mấy người đi xe_máy mày còn chưa biết họ có bao_nhiêu mét đất ở cầu giấy đâu,1
sao lại có những người khốn_khổ tại luôn thiên_đường này chứ .,1
"quản_trị phân_tích chuẩn , tư_duy thứ 2 thích làm bố_mẹ thiên_hạ , biển xanh ở việt nam ra đường dân nể lắm , dạt ra mà nhường đường , có phạm_luật gt cũng chả ai dám thổi phạt , csgt nào mắt có kèm_nhèm trót thổi xuống cũng cười là xong",2
m làm cc j mà đăg cái bài ngu vậy ad ? cho chúg vào chửi ngược ? à ?,1
sao còn tồn_tại con_người này hả trèn,1
thầy xạo cười . 🙂,2
nhìn thầy có khác gì th nghiện không,2
nhật tùng r xong sản sủa,2
like cũng được fan cứng 😂,0
công_an xã là nơi nhiều cái chết bí_ẩn nhất,2
quật chết mẹ nó luôn đee,2
chửi thằng nguyễn sin đi chị thằng này ác lắm . hình_như mũi chị hiếu hơi lệch á .,2
pham ngoc ninh cho mẹ m vào tù cho nhanh,2
cái thứ hèn với giặc mà ác với dân,1
anh trung cô_hồn,2
giày shop pe trăm rưỡi v,0
hoá_ra không phải mỗi mình có mái chó gặm 🥵,0
phải bớt bao_nhiêu thùng sữa cho tùng vậy anh,0
lúc tối xem live sợ vai lon,1
mày mà biết thật cc gì mà tiên_tri,1
sao chị đẹp quá vay,0
"chỉ nể lão hiệp ở chỗ , voz áp_dụng anm nhưng lão vẫn anti bò đỏ . 1 47er bên voz sang đây cho hay . 😁",1
co thă ng thông tha o 29 thư tiê ng la m chu ti ch pă c po,2
cho lên top nào tộc nhà ta ơi 33,0
thì chỉ có_thể bên phía gia_đình bé kia nói sao cho bớt tội thôi chứ sao bây_giờ chuyện đâu ai muốn . phải chi lúc chở quấn lại chắc tôn không to nên không quấn lại đc thì cũng không tới nỗi . chỉ khổ là đi chở thuê mà bị như vậy haizz,0
cuối_cùng cũng chỉ là kiếm chứ gì,0
một nơi đáng sống nhất ở đất_nước thiên_đường nọ,0
cô đẹp quá 😍,0
chửi sướng mồm thì thôii,0
mấy thằg ó . c c vl . h . ó,2
chi ba oi chi giau qua e dan kho e dan thieu no 20tr chi cho e muon được không chi,0
ngưng ngược_đãi vacxin ha,0
"xích cổ cách_ly ngoài rừng cho hợp với không_khí nó cần , thag mặt lồn",2
buồn . . ngủ . .,0
"nhìn thấy cái mặt sao mà ngố thế không biết , giáo_chủ ali lâm . . bò . . dát vàng . . dẻo nóng . .",2
v mấy thằng này bệnh thật vậy_mà cũng nói được !,2
"độc_tài thì muốn nhốt hay thả thì họ tùy_tiện , bởi nó là cá_mè một lứa mà ,",2
ngọc hoàng lại đi rừng à,1
ung ho cuoc song chung ta khoe manh noi không với ban,0
"bỏ_tù hết những cán_bộ lợi_dụng chức_quyền tham_ô , chiếm_đoạt tiền nhân_dân .",0
đỗ hồng_nhung thực_sự xem để giết thời_gian thì oke . còn nội_dung và diễn_xuất thì 4 10,0
mot nha khon_nan nuoc,2
nguyễn bá quang giống mấy con bò cứ tưởng thế_là hay_là hài_hước .,2
đang còn tính dạy tiếng hán cho các cháu nó kia kìa 3,0
l . ồ . n đâu có . cái gì cũng có nhưng thiếu cái l . ồ . n,2
anh_em có kiếp này không có kiếp sau anh_em ạ,0
mặt như v sao dám khẩu nghiệp nữa,0
"tao đéo cần tăng lương . . tao cần chúng_mày đưa giá_trị đồng_tiền về như cái thời một lít xăng chỉ phải trả 16 ngàn , đi đổi đô thì chỉ cần 15 ngàn . tăng cho 8 rồi đủ thứ tăng theo . . định tiếp_tục huyễn_hoặc bằng cách tăng thu_nhập đầu người để làm éo gì ? ?",1
ba_que thật cần công_an quản này chặt ! vl,1
địt_mẹ ho chi minh,2
nhìn bản_mặt lũ cc con mà mắc ói,1
nhị thắng hay lắm,0
bọn eu nó đag di_tưng bước 1 đó . . k hề đơn_giản,0
"uh , lắm dung roi , du ma no nua di_quản_trị",1
xót_xa cho gđ liệt_sĩ .,0
bị vl tuẫn_táng,0
"tôn_trọng nó cho nó ăn_hiếp , chiếm hết khu_vực rồi nó qua quậy bên mỹ ah .",0
nguyễn nam chửi tụi nó làm gì ôn ơi súc_vật mà có hiểu tiếng người đâu,2
trượt 1 cái xác_định,0
nha ba nay o gan kho dan no banh xac,1
le mynhut thứ 5 tuần sau đó chế,0
khịa rất l,1
nghiệp nặng quá,0
bạn không hiểu vấn_đề,0
"mãi yêu cô , chúc cô nổi_tiếng quài quài nhaa",0
"nguyễn hữu minh mua đôi này hàng fake đủ mua bitis real cmnr , chất_lượng ăn_đứt con hàng dởm này",1
mày bảo ông quan nào vận_động được số tiền như thế thật đi . ngu mà còn diễn,1
khau nghiep,1
hoàng ngọc huyền cha mạ ơi,0
sao lại để thông_tin thế này . ? ăn ninh mạng đâu mất rồi . chưa bao_giờ lãnh_đạo bị bôi_nhọ thế này,0
dân được bàu lđ . được biết_đâu mật toàn . mật,2
"bọn đấy nó ngụy_biện mà , muốn trị nó thì phải nhắm vào điểm yếu và tập_trung vào đó . vd nó bảo đi biểu_tình là được cho tiền mới đi thì đạp lại bằng những thằng đàn_áp bắt_bớ mới là bọn được trả tiền để làm_việc đó . còn bảo làm được gì cho đất_nước chưa mà nói này nói kìa thì đạp lại bằng mỗi lần đi ỉa dội nước là đã góp_phần xây_dựng đất_nước rồi và cũng góp_phần trả lương cho nó .",1
đức nguyên phạm nỗ_lực thôi 😉 😉,0
hệ_lụy của việc phát_triển đô_thị nhanh hơn tốc_độ phát_triển dân_trí,2
dou ma_thầy,2
tv gì vậy nhỉ . cùng hình_ảnh khác tên thôi .,0
sao không họp từ sáng đi mà_lại họp chiều vậy . bộ muốn họp chiều để được nghĩ sớm hé,0
giong công_an lozz thật trong lang_fo,1
đụ me ngu còn ghi xàm . nó lấp đất đầy cái đồng tháp mười chứ làm_thinh cái c .,1
đéo phải trình_bày,1
người tâm_lý vl hung_hăng bất_ổn cho ra đường khác_nào thả chó dại chưa rọ_mõm ra cổng đâu .,0
cho fan cứng đi anhh,0
"những thằng nói đạo_lí , thường sống như l",1
đùa nó rời khỏi eu chứ có phải nó bê cái nước nó ra khỏi châu âu đi sang châu khác không mà cứ cãi thế nhỉ ngu đ chịu được,1
cũng muốn mang_tiếng dân làm việt lắm mà hôk được,2
minh quân djt,1
thằng này là thằng điên chứ gì nữa,2
diệu thuu ảnh này giống vl,0
báo_chí gì mà nói sạo lộ_liễu . nản,2
cảm_giác chênh_vênh 😔,0
cuối năm 2017 mà bây_giờ đã lọt cuối 2019 . bọn ngu_dốt này con ốc làm chưa được nhưng thích chém gió,2
nước mỹ đã bỏ_rơi chúng_ta câu này nghe có_vẻ phủ phàng nhỉ .,1
nguyễn vỹ 🙃 🙃,0
nhuận_điền e lấy ảnh trên mạng thôi 😄,0
đcm bẩn_thỉu vl,1
cộng_sản như bầy sư_tử săn mồi ! gặp phải thứ gì chúng cũng muốn cướp hết và bất_chấp tất_cả . trừ khi người bị cướp đủ năng_lực chống_trả thì chúng mới dừng . bản_chất của lũ cộng_sản là cướp và cướp .,2
"t coi t_tức ghê , t làm_biếng coi hết ghê",0
phạm cường buồn,0
nước_hoa đểu lấy đâu ra xịn hot_girl méo gì nhìn xấu vcl thề lắm,1
ủa ngộ gê hen 😄,0
xau cai mieng nhu cai lon người_ta cco thang,1
thời_gian vàng_bạc 😑 😑,0
cứ phải quét sạch thử bẩn trên không_gian mạng là cách tốt nhất cho 1 thể vl hệ trẻ có 1 môi_trường sống tốt_đẹp,1
sa_béo nhìn ngấy vl,1
"ngày_xưa , với chỉ nước iệt nam cộng hòa nhỏ_bé , mà đã ngự trên ngai vàng rồi , vậy_mà khi thống_nhất sợ từ này lắm đất_nước gần nữa thế_kỷ , với sự lãnh_đạo tài_tình , sáng_suốt , đào nam lấp bắc của đảng , vịt lam mới mon_men bò lết lên tới nơi . vịt lam vô_địch .",2
cảnh_sát giao_thông . nổi_tiếng_thế_giới luôn việt_nam,2
áo sơ_mi trắng cùng bộ tóc át rô làm_nên thương_hiệu !,0
"thảo đào văn nghèo nó đéo bỏ là tốt rồi ,",1
trần dần đã đạt cảnh_giới cao nhất của thần_quyền là . . thần_kinh,2
thỉnh_thoảng lại có địt con_mẹ nghe hay rất lon,1
moi chui nua ha ? ? con nay chac tam than không on chua gi,0
ninh trần idol của em cũng from mixi with love à v,0
máu cộng_sản ăn vào người rùi nên vậy .,2
chơi đớ quá liều hả bà 🤔,1
miê ng con na y co n thu i hơn ca i hâ m câ u,1
29 40 con kì_thị lgbt,2
cô 3 vàng_ngọc number 1,0
chống tham_nhũng ở viêtnam như kiểu con mèo ăn miếng mỡ thì bắt được còn còn cọp ăn con hươu thì đeoa bắt được,2
sợ giặc giận mà lị,0
chị tốt mà_khẩu nghiệp thì cũng như_không,0
thật chán với chế_độ quản_lý dân_sinh,1
"tình_báo kinh thật , toàn thịt mấy ông trực_tiếp ra_lệnh chiến , quan_chức cấp cao iran chắc bị mua_chuộc quá nửa rồi",0
trúc loan bị ngu à ? nghe nhạc 2 thằng mà éo hiểu vấn_đề,1
hiếp_dâm không kìm_nén được cảm_xúc . buôn_bán chất ma_tuý công_việc giúp_đỡ xã_hội giảm tệ_nạn cờ_bạc . chứa gái mại_dâm lớp thể_dục nhịp_điệu cho nam_giới . trộm_cắp cầm nhầm . .,0
con_mẹ mày trốn học thầy tao qua đây khịa cái gì đây 😁 😁,2
thương con cho ma pha i mang ca i mă t cu a ma_y qua,1
bản tin rau_muống cho hay tham_nhũng đã được chặn không cho dân phát_hiện nữa 😌 😌,2
khánh vy hình_như m tag lộn người ó 🙂,0
bạn bị phạt khi chê lãnh_đạo kênh_kiệu ngu cùi bắp . . không phải vì bạn xúc_phạm họ mà vì bạn đã lộ bí_mật quốc_gia .,2
đây la đa n ông hay đa n ba v ?,0
là sinh_vật hay người ?,1
top1 kicm . công_an sĩ hát trên giọng hát của người khác 😂 😂,2
"trung dông nó không hien nhu việt nam đâu , không_khéo giống như cuba",0
tao vừa thấy thằng lâm thồn sủa mà sao xóa bình_luận nhanh_thế,1
được đey 🤪,0
cô nói_chuyện thiệt_thà dễ_thương quá à,0
mấy chị này hồi xưa làm trong hội bánh trán 😂 😂,0
"hoàng đàm linh thế e hỏi là vd là bạn c bị chửi c có rút kinh_nghiệm không ạ hay_là c cũng muốn nghe chửi tiếp , ngta ý_thức tốt từ trước đến nay rồi nhé ạ .",0
nguyễn trọng hiệp,0
việc nhẹ lương cao mình xin nhường cho những người thất_nghiệp,0
500tr và 2 năm tù mới vừa_lòng tao . ct đa_cấp lừa_đảo dạy làm_giàu kk,2
ms cộng_sản quá 3 thui,2
"sẽ có 1 ngày những người ủng_hộ tự_do , chống độc_tài sẽ bị đám cầu_thủ đỏ chửi_bới , tục_tằn không khác gì đám bò đỏ chửi",2
mai nam hải thôi ra ngoài làm gì anh ở nhà phô diên kỹ_năng cho mọi người xem chứ,0
"có ai tự_nhiên lên phường , rồi đi tự_tử trên ấy không ? giờ thằng nào con nào , muốn tự tự thì cứ_việc lên phường cho nó gọn . đỡ bị mất tài_sản , với lại người_nhà cũng dễ tìm nhá . chứ đừng có ra cầu rồi nhảy nghe hôn .",0
đéo thấy thằng nào bị tử_hình . . vì các nghìn_tỷ được bỏ_túi đều . . bọn này ăn nghìn tỷ chỗ này . . bọn kia ăn nghìn tỷ chỗ khác . . 1 thằng chết là chết cả lũ,2
chửi hay bên nước_ngoài thì đổi avata làm như quan_tâm lắm trong nước không nói toàn thứ ngu nhà dại ngoài đường,1
ý_thức còn ít hơn cả số tiền trong túi t,1
tiền đâu mua thầy ơi áo đắt rất đái,0
chào độ của 2020 nhá,0
hải phòng không thích lòng_vòng,0
hưng tee,0
"đúng là tuổi_trẻ chưa trải qua sự_đời , sói said",0
tây nó tưởng điên trốn trại,2
sao nó sống tới tận giờ được nhỉ,1
ủa r không chữa được thì dùng 106 triệu mua đồ cúng mỗi năm à,0
"rồi , rớt cái lòn luôn",1
chỉ có những người ăn_theo chứ nhân_dân ai cũng ngán_ngẩm,1
nó đi chủ_yếu kiếm miếng bò dát vàng ai dè công cóc lêu lêu,2
con ruồi đàn_bà đây à,2
việt nam giờ luật vl con_mẹ nó rừng hết rồi ! !,1
thế số thằng nhật hàn muốn ở lại việt nam nhiều hơn hay số thằng việt plus trốn sang nước nó nhiều hơn ?,1
trần thị ngọc ngân nó đánh con mày thì sao .,1
người việt mà đéo được về việt . đâm_đầu chết mẹ đi cho mấy mà vừa_lòng .,2
công_nhận . nhịn nhẫn_nhục luôn . tức ! nghỉ_việc,0
xin vi deo với ong,0
đây là bạn thân của vũ ngừoi tiệp mọi khắc ạ . nên ý_thức nó cũng y_vậy,1
lôm giống miện trâu,1
ơ_kìa liên_quân,0
2tr bộ tóc địt_mẹ làm từ 10h sáng đến 6h tối 🙂,1
kiếp này coi như bỏ,0
khẩu nghiệp chêt mẹ may đó trời qua báo may đó hồi xưa may chửi nhiều người . bây giơ trời qua bao may_đo minh hiếu may gu rang chiu kk,1
người dan ba dai loan dau co hoi han gi . vua dut nghiep phan to quoc . xong lai_di_khau chien tren mang xa hoi . tinh nao tat nay . dung rac cua xa hoi . nhin cai mo chui cua co ta nhu cai dit vit . qua ghe tom người dan ba dai loan . dung nen lay quoc tich việt nam nua .,1
lại là con mặt lồn nhung rồi,1
minh doan cái mô pk mới ăn nghe cha,0
draagon tyni cười,0
cận cl ! dân nghèo_rớt ra xây cái nhà_ga 900mil usd . . 2,1
ming quânn từ trúc bạch đến cầu giấy có xa ko . nguy_hiểm quá v,0
con . phãn đông nam giám v việt có không,0
không_chừng các đồng_chí mua phẩm màu về rải ấy,0
lữ_văn thánh ông trẩu vl,2
xin nhẹ nha_thầy,0
kiểm_tra ê . ! mày có tham_nhũng không ?,0
cái tập_đoàn dacosan rước giặc đây mà,1
tào hưng thích thì chơi không thích thì chơi 🤣 🤣,0
chị 3 có khuôn_mặt của anh ba_khía,0
trung mậu tuất,0
lâm_ly rồi cũng sẽ dẫn đến bi_đát vl thôi .,2
quang chivas thằng mồm lồn . mặc váy vl .,2
yêu cô minh hiếu,0
haru san cẩn_thận nhé,0
đặng thiên_nga chị ơi 🤣 🤣,0
hồ nguyễn quốc phú thôi thôi chú câm mẹ cái mồm hộ tôi,2
thường mấy cái thứ duyệt_binh càng mạnh_mẽ thì ra trận nó trốn mẹ hết . 🤣 🤣,1
thái lan đúng vl là cái gì cũng dám làm . còn hơn biến căng hàn xẻng 55,2
nguyễn thị lệ chi gửi ảnh nhanh để mìn còn đú trend,0
thôi xong ăn cười rồi,1
con này hổn như gấu có gì mà ngưỡng_mộ,1
"cái này đúng mà , việt nam ! m có câu 1 người làm quan cả họ được nhờ mà ! nhưng cái com mẹ quan bjo muốn nó khôn phải lấy bác hồ ra vả vào mặt nó mới khôn lên được không cả bố lẫn con đều ngu như nhau cả thôi",2
của không có bàn_thờ tại thằng hồ chí minh nên tụi chó_săn không cắp giấp lắm phép .,2
dê thương thâ c sư,0
theo khía_cạnh mình thì mình nhận_xét bài này như lồn nhé không hay bằng mấy bài trước 😁,1
"sao , tình_hình ấu dâm bên mẽo , giang_hồ tẩn đa_nguyên mễ bên không thấy cập_nhật ? vừa_rồi nông_dân eu xịt cớt vô nghị_viện cũng im_re",0
"anh ơi theo e nghĩ là đâu phải có 1 mình à phải xét_nghiệm ? cũng giống như đi bệnh_viện vậy , phải chờ tới lượt chứ nhỉ ? làm như có mình anh v mà đòi cái gì cũng nhanh . mệt lon quá",2
rõ_ràng rành_mạch biểu_cảm tốt_giọng có cảm_xúc xuất_sắc 10 về chỗ,0
"vũ thanh huyền mày điên à , bà này đi công_tác .",1
"tình_hình dịch như bh , cta nên thả anh bảnh để à nhảy đuổi viruss với thả luôn à huấn để à lm công_tác tuyên_truyền 😞",0
con_mẹ mày con linh cá_lóc,2
có được nghỉ học không,0
anh đéo phải trình_bày,2
mới chơi đá xong viết bài à ?,1
trung gà may là hoãn chứ không lại thêm 1 lần đau . 😁,0
cái thằng minh râu dâm_dục chuyên ấu dâm các em thiếu_nhi còn làm được cha già vĩ_đại của mấy em bò đỏ thì nói chi đến mấy thằng bị tâm_thần .,2
bả chửi người_ta mà cái mặt bả hớn_hở làm như zui lắm 🙄 🙄 nghiệp quật là có thật,2
ai như con nhung háng rộng kia,1
"chưa có kết_quả bọn không hiểu gì_phát_ngôn ngông_cuồng , giờ có kết_quả quả rồi sao bọn nó câm hay trốn đâu hết rồi",2
đả đả0 c h ế đ ộ cộng_sản,2
"vấn_đề tức nhiên , tức nhiên vấn_đề , nghĩa_là là vấn_đề tức nhiên ! hiểu chưa , hiểu chưa , hiểu chưa tức nhiên .",0
hồ khang đmm như luôn ý_kiến của m . l ý .,1
"sao vlog sang quá mà , ý_thức củ loz vayy ?",2
"cán_bộ không sao , đang mô_phỏng cho mọi người thấy thôi hiểu chửa",0
mong cqcn luôn vào_cuộc xử thật nặng hai tên này để rang de người khác,0
thế đấy đcm,1
mồm con linh không khác gì như cái lồn trâu 😄 😄,2
cái tập_đoàn dacosan rước giặc đây mà,2
ai chả hướng về đất_nước nhưng không thôi tư_tưởng cộng_sản theo,2
cha khùng này vẫn còn tự nhận mình là tiên_tri vũ_trụ à,2
và mê chim mê dzú đặc_biệt ít quan_tâm chính_trị vận_mệnh quốc_gia,1
ngô phước minh mặt thầy tựa tựa binz sao sao ấy có nào như tao không ?,0
"tại kỉ năng xạo loz của thầy tăng lên , nên học_sinh chăm_chỉ hơn á thầy 😁",2
"không_lẽ giờ bác mới biết à , chưa nói đến chi_phí cao hơn tin chất_lượng lắm thấp_kém . không , bác đi hỏi dân xem đúng không",0
"ô_nhiễm là do không rửa đường nhé , có khi nào ô_nhiễm môi_trường do dân thủ_đô đi ngủ không rửa chân_không các bác nhỉ",2
"trời_ơi chứ cái hình thằng này có mặc quần cũng là do ai tạo , do vl suy_đoán thôi chứ có phải thiệt đâu . ở_truồng hay không còn chưa biết chứ dựa vô ba cái chi_tiết mờ căm kêu nó có mặc quần t cũng không tin",1
nó chụp ảnh chỉnh_sửa quá mất mẹ_vẻ đẹp_trai của thầy rồi,0
"đúng là nhiều lúc trong cộng_sản cần có chỗ để xả , vì ngoài đời không_thể chửi đc . cam ơn ý tương hay vl . địt_mẹ quản_trị chửi cho vui",0
hay anh oi,0
bắn làn tốc_độ,0
còng đầu nhe,0
cai nay dong nao mot chut,0
mấy cái người mà kỳ_thị lgbt thì quá là lạc_hậu . chết 100 kiếp cũng chưa hết mù nữa,2
chị ba có cái loz bằng cổ_tay !,2
tuổi_thơ dữ_dội của một đứa con_gái là suốt ngày đi đá bóng với bọn con_trai,0
nghĩa_là vào đây thì cần lồn gì phải nói_chuyện lịch_sự hả add ? ?,1
ý_thức như đb,1
3k đẹp_đẽ quá mà chuyện cá_nhân của nó với thk nào đó mà đi xiên xỏ đá xéo minh hiếu . trong khi minh hiếu chả có khái_niệm gì nghĩ đến tên con trần đoàn nữa . chả biết gì tự_nhiên bị chửi già đầu không biết dạy fan . chấm_hỏi luôn . bị chửi đáng,2
62 đói hàng ngis thì nói mẹ ra đi còn lòng_vòng 💀 🙏,1
tham_nhũng kỳ_diệu 3,1
đỉ . . giả_tạo . . xạo lồn,2
"face chỉ dành cho người nói_chuyện với nhau , sủa bị block là đúng rồi thắc_mắc gì ? muốn tham_gia thì đi học tiếng người đi ha cháu ngoan bh !",2
giữa tháng 5 trời đông_lạnh_giá lạnh này là lạnh của nước_đá lạnh này là lạnh o ngoài da lạnh của chị 3 vàng_ngọc chưa trả tiền ngủ trên ni băng mà lăng qua lộn lại sao em nhớ đến tiền của chị ba sao chị đi xa mà giật_nợ ở quê nhà chị đứng là con gà công_nghiệp nhe chị 3,0
tàu đầu 500 thùng cho cu chạy tới đâu rồi,0
bóng bẩn_thỉu bóng bẩn bóng thúi,2
đây nè tâm_linh không đùa được đâu,0
"hư quá cơ , ôi 99 quê tôi",0
địt_mẹ,1
cho em hỏi cô chuyển giới chưa ạ,0
phạm xuân huy bé sa phiên_bản độ tày à,0
huỳnh chí tính clmm chổng mông lên,2
chán thực_sự,0
"cố_vấn kinh_tế của thủ_tướng việt_nam nhìn mặt kinh bỏ_mẹ luôn , nhìn như mấy thằng xì_ke hay lảng_vảng chỗ ngoài đường gần khu tao ở",2
coi lúc đầu vui lúc sao ngge cô kể chuyện buồn quá thw cô quá,0
"nghĩ_lại pháp , mỹ còn cuối đầu chịu_thua cộng_sản thì có là cái đinh gì mà xàm xí hả . nó lui tan dần_dần đi vào zi vãng rồi biến mất vào cõi hư_vô mờ_nhạt kk",0
minh hiếu nói_chuyện duyên_dáng quá,0
thằng bình lùn hốc hết r . nên cố ngụy_biện thôi . ra báo_công_an . cho nó lòi ra,1
dư_luận viên dư_luận viên dư_luận viên 1 ổ kinh_tởm thối_tha hèn_hạ địt_mẹ nó khoá bình_luận không thì zô chửi cm nó r,1
con na y sao ma mâ_t da y qua,2
không_thể tưởng_tượng nỗi . nộp thuế nuôi ai đây ? lúc_nào cũng chê lương thấp .,1
mẹ làm ảnh_hưởng bon tao vl,1
khịa nhau cái lồn . bố mày còn đéo có yz700 fake mà đeo đây ! có giày đeo là ngon rồi đm,1
thôi anh im mẹ mồm đi . mặt như cc mà ý_thức như bờ phẹc,1
đeo hieu kieu gi,1
khá bẩn,1
áo với quần này đẹp hơn nè thầy ơi,0
"hậu_quả cuộc nhồi_sọ kinh_khủng lắm , sẽ có những thành_phần bay vào đây cắn quản_trị đấy , mình cũng đã bị nhồi như thế và cũng may gia_đình mình là miền nam rặt nên mình dễ_dàng thoát ra được nên mình hiểu . khi mà các tổ_chức có chung mục_đích không_thể liên_kết với nhau thì còn lâu lắm mới tìm lại được nền cộng_hoà ngày ấy",2
vl fake,1
vcl tự_nhiên chửi người khác ngu rồi đem trường_hợp ngu của nó ra ví_dụ ! đụ_mẹ thằng lỏng bao dành hết phần ngu người khác ! não teo rồi hoá chó à,1
nhàn lê nghe nhiều lần là nghiện bài này giai_điệu lạ với vui_tai_nghe nhiều mới cảm được khác hẳn với các bài trước của jack mà,0
tao địt cần biết thằng lồn nào nghe máy trộm,2
không_trách hôm mồng 9 10 thủ_tướng về chỉ_đạo chống lụt ở trung_giã hà_nội điện_thoại không được thủ_tướng bực_bội quát thằng thanh đâu rồi,0
không bẩn_thỉu không phải cộng_sản mà .,2
có giỏi thì ông quản_trị đứng lên để chứng_tỏ mình không hèn đi v,0
đoàn quang_vinh địt_mẹ quảng_cáo,0
"đương_nhiên tại vì nó là nc phát_triển , những mầm bệnh của thuốc nó có_thể chữa được triệt_để , và gần như mầm bệnh này ở môi_trường sạch như nc nó gần như là không tồn_tại nên nó có_thể sử_dụng những loại vắcxin khác không cần có độc_tính mạnh như quinvaxem cò",0
con nay da vo mat no cho đa,2
"bảo ninh tội ít , bọn tung_hô , đưa vào vl sách giáo_khoa mới tội nhiều . nên khởi_tố vụ án .",0
thành học oke chiều xuống,0
vì mèo tôm em có_thể lăn_lóc bò trườn để được xem,0
bị tam than_my co giam dinh than kinh ong nay chua ?,1
túng sói bố_mẹ tôi ngày_xưa chụp hình vẫn không quên quảng_cáo thương_hiệu các ông ạ,0
xem từ_thiện cho thầy . .,0
có ai có facebook đứa em xinh đôi của anh ba cho mình xin với,0
đúng là chó làm người phải chịu . . haizz,1
bị chịch,1
"hung nguyen không , chỉ có cờ vàng choá cứt thôi 😌",1
rambo vẫn phải tự ngã xe mới chịu được . sang cả thái lan tấu hài,1
nếu cái cột điện nó có chân . . 🤪,1
khi đất_nước tiến được đến dân_chủ tôi nghĩ nên làm riêng một phần nghĩa_địa để trôn riêng những người cộng_sản không nên để mộ họ chung với chúng_ta được để cho thế_hệ sau biết những phần mộ trong nghĩa_địa của người theo cộng_sản là quỷ đội_lốt người có tội đồ lớn với dân_tộc,2
xin phép moi người cho tôi chũi con chó 1 cái v,2
con điên xóm đao,2
à lại làm e xao_xuyến rồi,0
quản_trị rất bắt kịp phong_trào v,0
mua son về cho cô pandathai đi thầy,0
ổg kia giốg quang ngọc trinh vll à ưi,0
"ơ , vnexpress cũng tương cho 1 bài à . ô_nhiễm là ô_nhiễm thế_nào , đồ phản_động , đất_nước yên bình . môi_trường sạch đẹp nhé 😂 😜",2
"thằng vô_danh tiểu tốt này chấp nó làm gì , cho vài tệ nói cái đéo gì nó cũng nói , có khi bảo nó chửi bố nó nó cũng chửi . kệ nó đi ! bao_giờ là quan_chức hẵng hay !",1
các bác để em,0
nhìn quả đầu của cháu tùng em lại nghĩ đến đấng chip giây dì 🤣,1
đọc đâu cũng thấy lầm_than,0
láo_nháo,0
nhìn nó mất đập cho một trận mở mồm ra là cái lũ,1
ngu còn sủa cho lớn . . lúc đầu cũng mê việt_kiều,2
ai giàu 3 họ . . nhìn tởm,1
làm thêm 4 quá cái lễ diểu bình nữa cho hoành_tráng,1
con đường luôn nghèo_khổ đang từ từ đến chừng nào bác 2 còn huynh đệ c an của bác ấy còn làm_việc với cách để làm_giàu cho bọn tử_vi đạo,1
đéo cho thì nói ki_bo cho rồi thì soi này soi nọ . thế mày muốn chúng_nó sống sao . miệng chó không mọc được ngày với cứt j củng phun ra được,1
vaicalon,1
mía . . nó tức á . chời . .,1
2thag ôn_con đến cửa_hàng xe_hơi đòi mua siêu xe .,2
ông_tổ hài bolsa .,0
toàn ngu_muội . đi ra đó mà đánh đi .,1
t xem từ tuần trước mà cũng không hiểu là cái quần gì ! tưởng đang mặc dở cái quần thì chạy đi show 🤣 🤣,0
cặn bọn bả xã_hội,2
"ngưu chó ngưu , chó tầm tầm .",1
đối_thoại với người không ta trò_hề tramp đấy ai mà thèm tin lùi thì xấu_hổ chắc liền tung tín vịt vl ấy tên đây ôn_hòa,0
ơ tưởng duyên_dáng chứ,0
linh lóc nó ở đài_loan mà em lên sg tìm nó là sao ? .,0
hòn ngọc viễn đông óc chó chó ạ 3,1
đúng nghĩa bóp dái cả team thầy đánh như thế_nào lủng hết rồi .,0
hoàng lệ phát_biểu ngu quá ! xây_dựng thì không có thấy toàn kiểu chia rẻ ! vớ_vẩn,2
dân indo nghe lại vài lần đi bro,0
đã cố_gắng sống nhanh,0
có tiền vay không đi_giải_phẫu cho thành con_gái đi ròi nc . . ngừoi đàn_bà có cây thật cà_rem 9 giữa . kk,1
tôi hết_sức quan_ngại về chn này . . dm . . tôi ngày cứ quan_ngại,1
"cuộc_sống nó là thế . mình thích họ , họ thích đứa nhà giàu và đéo quan_tâm đến mình",0
"đây đích_thị là chính_sách ngu dân mà . . bắt_chước các nước tiên_tiến trên thế_giới thì không bắt_chước , muốn đua_đòi theo các nước kém phát_triển",2
cocc không_thể bằng cc,2
gửi fan mỗi đứa 1 ngàn đô có luôn hả chị chị chịu_chơi quá hà,0
huyền khánh phùng chả vờ chả vịt,0
bo n ta u cho má,2
chuong trinh xam,2
hix nét mặt hơi dữ lúc nheo mắt môi rõ nét quá nhìn không được đẹp ạ môi trên đầy sẽ đẹp hơn,0
đầu_tư 16ty đô sau thấy nhân_công toàn_bộ_đội vậy trời,1
thành_đạt hn rồi á,0
rất thuyết_phục 😂 😂,0
hẳn là qua thái ăn mì tôm,0
nhận lương cao mà củng chẳng làm_nên trò_trống gì ! ! toàn p . h . n h . o . ạ . i và t . h . a . m á . h . ũ . n . g,2
cháu của diêm vương,0
"cắn không đúng định_hướng , ko đủ số_lượng là nó đuổi chứ không phải lấy 3 củ của nó mà dễ đâu mấy ông phản_động ơi",2
ý_thức như l dị đó,1
để em mặc quần xong đi mua đồ mới liền nè thầy,0
"bán hàng vậy_mà cũng có người mua , vì đẹp bất_chấp nhục . con này về miền bắc việt nam được đón_tiếp nồng_hậu lắm đây .",2
bà chị tao để quên tiền ở quán bị giấu đi . địt_mẹ ra báo_công_an nó đòi cưa đôi vcl,2
"lâu_nay để_ý . . bãi cức , cống , rác_thải các loại đều có dấu răng của thằng quản_trị hết . . báo ngta đăng h nó copy rồi sủa vài tiếng ẳng ẳng cứ như mình là thánh biết hết rồi . .",1
lương_tâm liệu có còn không khi mọi thứ phải quy_định ra bằng tiền,0
mình nghĩ với khả_năng sấy à 6x toẹt vời của mình thì đó sẽ là thứ vũ_khí lợi_hại cho các team khác khi đối_đầu với rì phưn à độ said,0
kim phượng thế con ngu ở hà_nội p nó cũng nhảy bông nhông khắp nơi đó p,1
thằng nào làm_sao cho nó đi tù qúa là bất_công !,0
nhà tạo_mẫu tóc độ mixi,0
nguyễn vũ thu phương châu minh nhi uyen làm đi kiếm tiền mua goods,0
music bạn nói dị là bạn xạo lồn,2
lúp lúp như chó .,1
ai như con nhung háng rộng kia,2
an noi mat dai,1
"auto mua , comment có_thể mua được mà , nếu chốt đơn là thật đi , nhưng sau không nhắn_tin cho shop thì cũng đâu bán . . kakaa",0
chi 3 la so 1,0
lấy c . o . n q . u . ỷ đội nốt người ghe thật,1
"an_ninh và tình_báo việt nam nên tiêu_diệt tên trần dần này , tên điên_khùng .",2
gia_bảo ci l,1
nói nhảm . nhà_tù chỉ dành cho bọn nghèo hoặc ngu thôi . chứ nó tiền thì có mà ở .,1
"tôi vẫn không tin bọn dư_luận viên ngu học , cho tới khi đọc 1 top comment v . gặp người có kiến_thức phản_biện lại thì cụp đuôi ngay , chả biết ghi gì ngoài những câu chửi tục vô_nghĩa . 3",2
"thớt óc chó chó , dư lợn viên ăn_cám heo , con bò đỏ ngu_si . . thằng đàn_ông rẻ_tiền mất_dạy . . 1 con_người khốn_nạn . .",2
ok được thích phong_cách này,0
nhìn đẹp sang cha nh,0
ở việt nam là ra cailozcatkhong roii đó,1
đinh ngọc anh mình thấy đẹp là được bạn ơi không qtrong người khác thấy ntnao,0
"không thấy cộng_sản đâu hết , thấy có 3 con chó . có ai giống mình không ?",2
mc đang vắng kevin thì lại dời,0
nhìn như 1 đống thịt ngồn_ngộn,1
"chất_lượng các bài viết càng ngày_càng tệ , nội_dung bài viết chỉ mang tính hậm_hực , trẻ trâu . nói_chung càng ngày_càng tệ .",1
danh nguyen thể_chế chính_trị khác hẳn tư_tưởng xã_hội nhé . con cờ hó china liên_quan cmn gì ?,1
cô minh hiếu mà hết thời là mày cũng hết đường làm_ăn luôn nha con bóng đồng tháp bán dồ giả,1
khánh sky chẳng nhẽ tao lại nói_thẳng ra là thằng cạn tàu gáo máng không icm ?,1
sao chi dep qua vay,0
phước ngọc nguyễn đcm,1
tụi học_trò vô văn_hóa,1
"ủa chị xài cái gì vậy chị , chị có cái miệng không chứ chị có đéo gì mà ở gần kho đạn_vậy",2
nên anh chuyển sang bản lite,0
nhìn iphone nhưng rất độ phùng !,0
giống 18 thế võ bác hồ quá ta .,0
gia cát bị đồng_bóng à,1
"việt tân cái cc , nó là cái đéo gì , mày luôn cũng biết đéo gì mà sủa nhăng sủa cuội nói tao làm cho nó",1
anh chảnh chó thì cho anh chết mịa anh đi . nhìn mặt anh như l,2
no ca khi a cu ki a,0
"tâm nguyễn_phát_ngôn đúng chất não cứt . người việt mà đéo về việt thì ông muốn họ sang trung_quốc à ? giàu thì cũng tiền họ làm ra , có xin nhà ông đéo đâu ? họ về đéo ảnh_hưởng đến đất_nước là được . ý_kiến cái đéo gì .",2
hằng bắp à để hai ba hôm nữa à mới lên xem,0
đình l xạo quang z lắm pa,1
phạm thu trang nguyễn minh phượng hay_là trang lòn nhỉ 🙂,2
"khinh ng , khẩu nghiệp , sân si , có ngày tr cho bà ăn_xin đấy nha , hok có đất mà chôn thân đấy",2
ăn_mặc còn thua người ăn_xin,1
sạo cười hổng có gì vui nên chúng_ta đừng nên sạo cười 😂,1
oke à ưii,0
so dien thoai con ne 01265675201,0
còn samsung thì đòi đem 700 kỹ_sư nó qua mà không muốn bị cách_ly suy_nghĩ óc chó chó vẫn tồn lại ở người hàn,2
"dương trần cm thế_thì tiền thuốc_men lại đổ xuống sông xuống bể , lại còn tặng thêm tin cho lũ phản_động xuyên_tạc",2
trần dần bệnh tâm_thần chuyện có nói không chuyện không nói có làm cho cả cộng_đồng người việt ở mỹ quá bức_xúc truyền_thông pho bolsa tv giống trần dần bịa_đặt chuyện có nói không chuyện không nói có,2
"bọn đấy nó ngụy_biện mà , muốn trị nó thì phải nhắm vào điểm yếu và tập_trung vào đó . vd nó bảo đi biểu_tình là được cho tiền mới đi thì đạp lại bằng những thằng đàn_áp bắt_bớ mới là bọn được trả tiền để làm_việc đó . còn bảo làm được gì cho đất_nước chưa mà nói này nói kìa thì đạp lại bằng mỗi lần thật đi ỉa dội nước là đã góp_phần xây_dựng đất_nước rồi và cũng góp_phần trả lương cho nó .",1
ở mỹ ns cái lồn gì không được,2
"độ múa dẻo quá , về với đội của khánh sky đi",0
cấm chat tập_thể khóa mấy cái mỏ lại hết 🤐,2
"lâm quốc_huy đại_học là oke ông , còn cấp 3 thì coi_chừng thầy cô nứng",2
hàm ông này là ông nào mà bodoi_vậy,2
m tính chơi bê đê à,2
sói sẽ bán bộ pc nếu live trym đủ 100k view nhé,0
thùy trang đel hiểu sao có người khen hay,1
trung now never diee,0
"ăn_thua gì , ăn_mừng đón con khỉ nói tiếng hoa cũng chết vài triệu luôn mạng rồi .",2
on,0
thông đít hàng ngày,1
"hot_girl ống tinh đi , nghe vui_tai hơn",1
cần lắm tiếng_nói của 1 dâm_loạn_viên,1
ông giám_đốc này chắc là sản_phẩm của cắt đôi bcs,2
😎,0
đéo trình_bày gì hết,1
đã tăng 2 đến 7 thì dân lợi cái lồn mẹ chúng_nó à,2
sang việt nam chơi nước khoái test nghìn lần không lên,1
vấn_đề nó là ở cái chế_độ thôi .,2
"sau khi xem xong clip của chị minh hiếu , theo suy_nghĩ của tôi , những người chuyển giới nói_riêng và những người trong cộng_đồng lgbt , họ rất giỏi và rất có nghị_lực để vươn lên , và họ chứng_tỏ cho mọi người biết rằng họ không phải là những người sống không có_ích cho xã_hội , điển_hình ở đây là hương_giang , lâm khánh chi , và mới_đây là chị minh hiếu . tôi xin chúc cho các chị luôn_luôn được sức_khỏe dồi_dào , hạnh_phúc , và thật nhiều niềm vui trong cuộc_sống .",0
con đỉ chó xl này nó ở việt nam thật nó chết me lien,1
"tổng_kết biến căng này . các chị_em kêu_gào và mong_muốn người_yêu cũ phải lo cho em trọn đời nếu không là đạo_đức chúng_mày có vấn_đề , chửi_rủa . . 🤣 🤣",1
trần dần có chết có liên quang gì thế_giới vũ hoàng lân phỏng_vấn tào_lao,2
paula lưu cua đéo phải động_vật à bạn ei 😀 ? ?,1
"chuyện đéo đâu xa về đạo_đức mấy thằng chó công_an giao_thông sáng nãy e đi tiễn mấy thằng bạn đi lính . . bọn giao_thông đi dẹp đường nó cầm gậy sắt vừa vụt vừa chửi dân như con bố mày đập chết cụ mày giờ , địt cụ mày mình đéo ngờ luôn đấy",2
no đây ca c ba c a,0
"nhị thắng ông à chốt hạ câu lên top luôn , vãi cả nồi 😂",1
vậy chả lẽ 16 người bị nhiễm từ trước lên cùng chiếc máy_bay việt nam 0054 đó à ?,0
hh h_ké,0
tất_cả là diễn hài vì ngồi_xổm trên pháp_luật .,1
"đang vi_phạm thì im_re , xong_xuôi rồi thì mới rà_soát , sau đó thay_đổi pháp_lý để chính_thức công_nhận vi_phạm , hỏi sao không xử_lý kịp_thời thì nhân được câu trả_lời là không hay_biết , lực_lượng mỏng , cần thời_gian kiểm",1
cái beat quen quen các ông ạ . nếu tôi không lầm thì nó giống như beat của young bạn trong show the money mùa 6 thì phải,0
mai mình lại phải lên cầu giấy hít dịch,0
xã_hội quá thối_nát,2
không đồng_tình với tội_ác này của ông đinh_la thăng . ông phải trả lại tiền cho dân việt_nam . công_bố rõ_ràng trên cộng_đồng mạng cho người dân biết,2
"may thsng noi doc , cong san gioi lam không can may thsng vo dung 3 que dau .",2
quần sịn nhưng tư_cách đéo xịn,1
loại này thả nó và khu bảo_tồn thiên_nhiên cho về với giống loài của nó chứ người luôn việt nam ta có loài giống cùng vời hắn được đâu 🙂,1
minh_nguyệt,0
kon mẹ nó riết tụi công_an này nó điên rồi,2
thanh trẻ trâu luôn đm,1
côn_đồ cục_súc vô nhân_tính đề nghi vn . nhà_nước việt nam ban thưởng .,2
con quỷ cái,1
nghe nhiu lần đi bạn,0
nhìn nhà tiên_tri ơi trụ trần dần giống con luôn chó quá trời luôn ta vủ .,1
đãng và nhà_nước cùng tập đòn vtv khẳng_định nước đó không có ruồi nhé . nên tin vào đãng chứ . đm bọn cầm_quyền .,2
bùi đức hậuhậu nếu nó cười vào mặt bạn thì chứng_tỏ bạn không phải là j của ngta thì vl dell gì phải sợ chỉ là thích sai người thôi,1
rồi sau đó chết bảo tại số,1
abe đẹp_trai,0
chi oi . dung chuoi nui . minh niem phat di_chi . gio chi giau roi . minh tu thien de danh kiep sao nge chi .,0
le quang nhanh vào bờ,0
thằng này y_hệt anh tao chúng_mày ạ . . t fan mũi 20 năm rồi . . cũng xém nhìn nhầm,0
đúng là cháu cô,0
ngôn_ngữ chửi là một thí_dụ . thô_tục bỏ_qua sự hãy của lời_văn .,0
địt_mẹ anh xấu vl . mé,1
yến hà hình cánh hoa nha_😂,0
hóng dư_luận viên vào liếm,2
"đây là doanh_nghiệp đề_nghị nhé , chứ chính_quyền chưa đề_nghị đâu",0
tập cặn_bã,1
bước thứ 100 là ik xuống với các cụ luôn,1
ông thầy này muốn ngủ gầm cầu lắm rồy nè ! !,0
có quá nhiều áp_lực trong cuộc_sống . . mỗi lúc áp_lực hay buồn_phiền nhiều lúc mình củng có suy_nghĩ như_vậy,0
theo tôi ghi sự_thật vẫn là sự_thật,0
khả_năng thằng quản_trị chỉ có thế . thông_cảm,2
cái lồn gì vậy abe !,1
bóng đời,0
dân lưu_vong vào sủa đi kìa,2
xin video,0
cái,0
cô hiếu nói_chuyện thiệt tình quá thấy thương ghê .,0
đây không phải giấy phạt vi_phạm giao_thông nhé .,0
cho phép cái đéo gì mà cá sống ở tầng nước sâu cũng chết . đm,1
"thằng ngu lồn quản_trị này google không tính phí đâu , xem_lại không_phận là cái gì đi",2
"xóa_bài là đúng thôi , ko thì các ông lãnh_đạo bị lôi cái đuôi ra , có quỹ xóa_đói giảm nghèo có mà",2
đảng và chính_phủ việt nam quyết_chiến_thắng quết thằng,0
bexuammailonto,2
ít_nhất ngta cũng làm từ_thiện đâu có như cái thứ của m con linh cá_lóc . không đóng_góp mà còn chửi việt nam nhận_xét,2
tuổi này chỉ bọn đa_cấp nói mới nghe thôi,1
1 câu thôi là quản_trị ngu như con chó chống_phá nửa_mùa xàm le xàm lông xàm lá,1
thằng này bị cả hội eva bốc scandal mà địt_mẹ thằng add còn cố đéo chịu hiểu mà đăng lên,2
"nhìn bác tôi chợt nhớ tới những tượng_đài nghìn tỉ đồng , cụ hồ ơi sao cụ không sống mãi để lãnh_đạo . thối_nát thối_nát .",2
nguyễn đào nguyên báo thanh_niên đây bác,0
thằng mặt l này đi trên đường tưởng thần_kinh đấy,2
ông_già cứ đưa mình ra kiếm tiền,0
", . .",0
giang_hồ ngậm buồi chứ đéo yêu nhé ông sói,1
ở nhà nó lụi vô đại cười rớt nước_mắt,1
thế clg đây v,1
lan bông khủng_khiếp quá,0
vật_vờ vốn đã là thật con zombie nó rồi,2
sale cc à thầy 😆 😆,1
gia cát ba là e cứ tưởng tế công phiên_bản bóng chứ,2
"đĩ mẹ nhung , lựa đi em",1
"làm tiền cứ có , chỉ có bọn không có tiền làm mới ý_kiến lọ chai",1
địt_mẹ cứ đi vay oda của trung_quốc với nhật về xay dựng rồi lại phải thuê nhà_thầu với thiết_bị nước nó . nghe các thầy bảo hoàn_thành 2 3 công_trình nó đã lấy lại mẹ hết vốn oda nó bỏ ra còn lại sau_này dân lại lai lưng ra làm trả cho chúng_nó với trả cả phần mấy thằng bụng bà đẻ nước ta,2
toang x2,1
"thế mới thấy ở dưới thôn_xóm đã ăn lai 1.0 rùi , càng lên cao thì càng tăng theo cấp số_nhân_thế_nào đây từ thôn , phường , chi_hội , hội , quận , tỉnh_thành , trung_ương . . ôi_thôi nó thối đến fat tởm thật .",2
đúng ván bài lật ngửa lun đó bạn 😂 😂,0
đức thịnh 🙆 🙆 😂 😂,0
người_ta bị lường gạt 1tỷ mấy còn êm_ru mà đằng này hơn trăm triệu thôi mà la ừ xùm hà,0
ghép như này ác quá không thầy,0
yêu em yêu đến vô_cùng,0
chi 3 va ng ngo c như con heo nọc nha_e,2
"đéo mẹ , mc phan anh có quá nhận lương từ dân tụi tao ko , hết_lòng giờ người vùng lũ , còn tụi mày có đứng ra kêu_gọi và hết_lòng lo cho dân không hay chỉ là kêu_gọi xong đem cúng mồ mã ông_bà nhà tụi bây , đm cứ tưởng dân vì ngu lắm ấy .",1
thằng điên văn vở câu like rẻ_tiền cút,2
dư_luận viên dân lưu_vong đâu ?,2
cả lũ u_mê,1
việt nam hiện có rất nhiều chiên da quân_sự và địa_chánh_trị . còn chiên da kinh_tế tài_chính thì phải cả chục nhưng toàn hiến_kế lừa_đảo .,1
khiep qua ! ! vo van hoa ! ! dien .,1
người việt mà đéo được lắm về việt . đâm_đầu chết mẹ đi cho mà mấy vừa_lòng .,2
má lên clip rồi . mà đéo hiểu có ai giúp cho những người này hay không . mặt rõ_ràng ra rồi . mà cũng chẳng đéo quan_tâm,1
"tự kiểm_điểm , có cái éo đó cứ làm hoài",1
hài tết sớm hả,1
dm . . assmin . . mặt thộn . . sao mài thích hơ cứt tìm giun thế thằng mặt thộn lắm . . bới hơ hơ . .,1
"không có nga và trung , mỹ sẽ hành xử như hitle , pinoche và thâu_tóm cả thế_giới",0
"lớn vậy đi fan cu tùng sói , rất thật , thương_yêu nó được rồi , già đâu fan đứa cháu rất lờ",1
cứ 5 gạch 2,0
"2 con y chang , đặc_điểm nhận dang , nếu chỉ có 1 con bò riêng_lẻ thì là con_so , còn 1 con bám trên con còn lại để di_chuyển thì là con sam",0
"hơ hơ , ms c . an huyện mà bày_đặt lên_giọng . xin_lỗi cô ba vàng_mã c . an tỉnh nhà con còn chưa coi vào mắt huốn j c . an huyện . chú con là đại_biểu quốc_hội tỉnh mà còn ch dám lên_giọng . nổ quá . đr , ở mĩ có bom nguyên_tử hk nổ ms là_lạ",1
bệnh_nhân nhận máu be like,0
khói địt_mẹ giốg rất loz khác mỗi cái mặt,1
bui không ngoc ccj,1
bớt gáy lại nha_abe,2
mọi người cố lên và bỏ cmn điện_thoại để lo ôn bài cho tốt đi 3 ôm điện_thoại và nghe thật nhiều lời chúc cũng không_thể_nào học giỏi hơn ôn bài đâuu 33 3,0
một lũ quan_liêu tiên_sư bố chúng_nó,2
anh phuong trinh kệ mẹ nhà tôi cười,1
khỏi ăn 2 con,0
cú có gai anh ư,0
vl sam,1
chỗ nào cầu giấy vậy bạn,0
địt_mẹ pr game nào để t_còn chốn,1
mình nhận bán sản_phẩm trong hình nhé,0
giống người không,1
hoàng_yến nó có kêu bạn thử đâu v,0
"rfa ơi yên_tâm retbul với dư_luận viên sứ tôi làm mạnh mấy vụ này lắm chất họ đang tự_hào , ngạo ngể xíu thôi sẽ làm vaipro cái vụ này bay giờ nhé",0
cười lại ba_que xỏ_lá,2
khắc lắm tiệp thì lấy việt tiệp khoá mõm lại,1
đăng_ký ở đâu ạ,0
sim số đẹp nhắn_tin e nhá,0
chất quá à ạ,0
cayy,0
nha co mâ y không ca mă m đê lâu nên chă c cu ng đu khă m vơ i tri nh cu a thă m . . chi nh thư c câ n chi ch đư a quản_trị na y va tă ng no lô ca mang chư i thuê cho xư ng vơ i nghê v,2
cụ cái luôn địt chán mày,1
cực_kì nể phục !,0
hanh viet quá là chí_lí anh ơii,0
cô này có quá_cảnh ở sân_bay inchen hq rồi mới qua sân_bay quatar mà_lại không thành_thật khai_báo 1 tuần trước hq thành ổ dịch mà cô vẫn không khai_báo thì ra vô_ý_thức không chừa một độ tuổi nào cả hi_vọng nhà_nước share thông_tin để né,2
clm thầy,2
"le viet anh nếu nhà t có người bị thì sẽ xung_phong đi cách_ly chứ không để lâu ngày đâu mà bị lm sao cả , chỉ có mấy loại cm trốn cách_ly không chữa kịp mới chết thôi , loại như cm thì cộng_đồng chết sớm không lại lây ra nên",1
quan_trọng đúng ổng luôn giàu ổng mặc cc gì cũng là 🙂,1
ahihi đồ ngốk 😂 😂,1
vẫn đứng hình mất mấy giây mới hoàn_hồn lại !,1
về việt nam ăn mau cười à .,1
"trump đã tiếp_nhận thông_tin , và cấm_vận hàng của việt_nam vì chơi và mua hàng trung quốc 🤣",1
"đang thanh_trừng để người mỹ thuần_chủng . ra đường vẫn mang giấy đầy_đủ thật , cẩn_thận không thừa .",2
thanh trẻ trâu đm,1
bọn bò đỏ ngu hết thuốc chữa ! gdp của vl phải 15 năm nữa mới bằng thái lan !,2
xấu quá,0
con nay không co an hoc nen moi co hanh dong nhu the . de người_ta chua minh không nhuc à,2
tấu hài cực mạnh từ abe,0
vler . cái bọn . mà này không làm cái này thì tụi nó cũng kiếm_ăn bằng cái khác thôi .,1
"vô_địch rồi , thấy thương các cô gái , nước ta vẫn còn rất nhiều người đang nỗ_lực cống_hiến cho tổ_quốc nhưng đâu_đó những đứa vẫn đang vì lợi_ích bản_thân và gia_đình nó mà bất_chấp hậu_quả tàn_phá tham_nhũng hạch_sách , nhưng nó vẫn đang sung_sướng ăn trên đầu trên mồ_hôi nước_mắt người dân",0
ở đây toàn chó hùa với ahbp ko . . sao không giỏi ra đứng trước mặt tụi nó mà chửi đi . . núp lùm rồi chửi . . éo biết nhục !,2
vũ thanh huyền ngta cũng đâu muốn đâu bạn,0
sao lại để thông_tin thế này quá . đâu ăn ninh mạng ? mất rồi . chưa bao_giờ lãnh_đạo bị bôi_nhọ thế này,0
mai loan của mày tất,0
td nguyễn trong khi cô trong clip chỉ đi con xe_hơi 600 mấy chục triệu và là 1 trong những thành_viên đa_cấp chứ không giàu cái cm j,1
"nói tóm_lại là thời_gian này à chung đang bị ngáo đá nên toàn nói lung_tung , hầu_như phát_biểu không có chuẩn_mực thương cho dân thủ_đô có người đứng đầu vô liêm_sỉ . . tốt nhất cho à í vào trại cai tiền thôi kk",2
trung_thu,0
địt_mẹ quản_trị,1
mọi con đường búa liềm đều dẫn tới tham_nhũng,2
lon ma m nka,1
"chỉ nể lão hiệp ở chỗ , voz áp_dụng anm nhưng lão vẫn anti bò đỏ . 1 47er bên voz sang đây cho hay . 😁",1
phát_hiện rồi tag cán_bộ vô được không dọ,0
xuân hoan m làm như có mình ên mặt m xài ròi . mình ên mày khen nhưng nhìu người thấy đéo tốt thì người_ta nói mất cl gì căng,2
hâm_mộ quả page này v . đã chửi hay lại còn vẽ đẹp . phát_huy nhé quản_trị oii,0
buồn nhỉ,0
tao vừa thấy thằng lâm thồn sủa mà sao xóa bình_luận nhanh_thế,2
cầm gậy lên là làm công_an_sĩ,1
video hay quá,0
chị ba còn trinh có cây đinh chính giữa,2
1 câu thôi là quản_trị ngu như con chó chống_phá nửa_mùa xàm le xàm lông xàm lá,1
bà giàu sao bà gạt người_ta,0
khon nan lu tham nhung,2
như quỳnh bệnh từ trong cái nhân_cách rồi pạn 🤷,2
ủa xem kết_quả ga ở đâu vậy ank em ? !,0
thôi ồn im mẹ mồm đi 😆 😆,0
địt_mẹ linkk,1
may giau qua ha sao may duoc tien cua chi minh hieu 😡 😠 😈 sao may mat day qua da may,1
các bác sống chậm thôi ạ,0
xin chúc_mừng vl với đbc thoát khỏi nanh_vuốt s mặc_dù tôi không biết ông là ai ? xin chúc_mừng !,2
ong tien tri oi ong coi thu co con cat cua tôi mot ngay nung may lan,0
gu thời_trang gạ địt à 😀,1
ma_no,1
ôi 1 thằng bede,1
chị ơi . chị đẹp quá,0
sao không phải là con gà đầu lân ?,0
"nam bắc gì , cứ nói tới người việt là không chỉ thế_giới mà chính đồng_bào ta cũng nổi hết da_gà ! từ xấu_hổ đâu đủ để diễn_tả ! đã có hiện_tượng lãng xa đồng_hương và không nhận mình là người việt trong giao_tiếp xã_hội khi đi nước_ngoài ! dính nhiễm loại virus này là hết thuốc chữa ! than_ôi !",2
mong trum vại phá hết chế_độ s trên thế_giới,2
cách phân_biệt thằng ngu ba gà và ba vi thì đúng hơn đó thầy,1
"bệnh_viện anh như cc . đã có triệu_chứng rõ_ràng , khai cả tiền_sử tiếp_xúc vẫn không cho xét_nghiệm mà yêu_cầu cách_ly tại nhà 😔 ông bố điều mb bế về việt nam chữa là hợp_lý",1
dân cứ yên_tâm ngập tới đầu_gối là có phao cứu_sinh nhé,0
d đức d hiểu nhìn cái hình là cừ ỉa,1
một thanh_niên rảnh cười cho hay . đcm nhà mày nó có tiền nó có của nó muốn làm_sao nó làm nó không bỏ ra 500tr nó quyên_góp nó kêu_gọi quyên_góp thì lấy cười đâu ra người quyên_góp thiết_nghĩ mày kêu go i quyên_góp thì chắc được đồng cười nào mà phán loại mày nổi_tiếng như nó chắc j đã cho dân được đồng cười nào . nên đã không có cho thì đừng đáp cứt hội_đồng rảnh cười,2
ở mỹ xạo lồn là bóng tâm_thần,2
đình quang xấu như anh thì em cũng muốn 😌 😌,0
bà này nhiều tiền quá đâm_ra điên cmnr,1
quản_trị là con thắm nhé,0
facebook tăng thôi thôi giờ chuyển sang instagram hay làm vài ních nữa rồi bán lại 🤣 🤣,0
dũng trần người việt sang mỹ xong bay dìa cái thành người thứ 34,2
mot nha nuoc khon_nan,2
thầy lồn,2
quá chậm 🙂,0
l ũ á c q u_ỷ t à n á c v ớ i d â n,2
chàng phù_thủy_😁,0
địt_mẹ cho ban nuoc thật thang tau ma quen sao duoc ! !,2
"lão già này đã mở được mắt rôi à , năm 2022 , đầu về bờ quoay đúng là đồ dở hết đường đi . võ ông đánh gà không tụt lông . lắm",1
như thế này thì đỡ làm_sao được,0
đu xe như khỉ ấy,0
"đm , đéo hiểu sao cái đầu của nó lại nói ra được những lời đó , so_sánh nó với con chó thì nhục con chó qá",1
"an noi nhu cuc , mat nhu thu vat",1
phước hữu anh thì double ngon dồii,0
co lon dau ma chui lon mieng thang be de thui .,2
mày có loz hả,2
con . phãn đông có giám v việt nam không,0
tự post tự vả .,0
chào e người là điếc thì quan_hệ thi ch chơi kk cười,1
kk con này bị cô ba vàng_mã đào hết mớ rồi kk . bị sập bẫy của bà tam cung chén mũ rồi kk,1
võ cẩm loan não ngắn_vậy . có mắt như mù . .,1
ok thầy ơi,0
. . làm_ơn đừng làm cho dân nhờ . . quá có ai coi bòng đá đau !,0
"dume . đầu_óc chó đ gì cứ như gói trà túi lọc ấy , tinh_tuý thì thoát hết ra ngoài , cặn_bã thì ở lại",2
các bạn xem tin_tức nên chọn_lọc kỹ . đừng thấy topic rồi bay vào chém gió . xem_ngày đăng tin . còn bác thăng cũng chỉ là con_người không phải là thần_thánh nên không 1 lúc mà giải_quyết hết được mọi sự_vụ . page này dạo này post bài mang tính khiêu_khích quá !,0
"nghĩ ở nhà nhưng vẫn on máy lên mà làm_việc phát_triển bán hàng . . , chỉ khâu sản_xuất thì vẫn làm thôi",0
thế_mà giam một người hđh 18 năm không đủ bằng_chứng ngược_đời 😭 😡,0
xaolol riết quen cô ba ơi,1
giống con cặc 🤣 🤣,1
ông nào khai_giảng không chụp ảnh điểm_danh cái,0
địt_mẹ con bóng luôn muộn_màng nhìn gốm vcl,1
cảnh dác cao_độ luận_điệu xiên tạc thế_lực thù_địch,0
việt nam giờ luật con_mẹ nó rừng hết rồi ! !,2
trần dần được kết_nạp khi nào vậy,0
thu tuyền phan hợp nhóm lại các cậu ơi,0
đã tẩy_chay nó từ lâu . . quân khốn_nạn,2
trần thanh khi nào mà m nhắn qua cho t câu đuỹ lone khốn_nạn ghê là t hiểu r đó,1
chán anh vl,1
"chắc lão đại_biểu này ít đọc báo nên hơi bị mù thông_tin , bây_giờ ra đường gặp trẻ trâu thì bị đấm lúc_nào éo biết nhé",1
chơi đớ quá liều hả bà 🤔 vl,1
cmm_dụng tới cô minh hiếu tao kéo anh_em tao đập chết mẹ mài đó,1
"chuyên_gia kinh_tế , bà phạm chi lan nói nè , cho_nên chúng_ta hiểu rằng vingroup và các tỷ_phú bất_động_sản khác giàu lên chỉ nhờ mối quan_hệ và bắt_tay với quan_chức nhà_nước mà thôi",1
đi đâu cũng thấy mấy ông thuyết_phục v,0
liệt_dương luôn thì còn làm_ăn được gì nữa,0
sếp nhà ngta,0
"sống như chó , nhà nhưng thích tuyên_truyền .",2
ngày_càng tinh_vi,0
đm thầy 🙂,1
cần alo bốc lịch 🤣,0
như theo niềm tin của người nam bộ á có con chó vào nhà niềm lành,0
84 tham_nhũng,1
hà_nội đang bị chúng xẻ thịt . động vào hồ tây không yên được đâu !,1
ông này là cai_thầu ở đâu mà làm nâu vậy thế ai dám hợp_đồng,0
bao_giờ nó lấy chụp ảnh vẫn chưa muộn mà . toàn nóii ở tương_lai_thế,0
abe đúng là thật xàm l v,1
bà khùng điên nang lắm rồi,2
"bầu với bán rất hoành tá_tràng , chưa ráo ghế luân_chuyển , bổ_nhiệm vị_trí khác , mà hay nhất là cán_bộ mình rất giỏi , nhạc nào cũng nhẩy được , chẳng cần đúng chuyên_môn điều_hành được tất",1
"của quý của tiểu_đoàn r , quả này hết 3 tháng tân_binh thì cứ gọi là cán_bộ yêu hết_sức , vác đi văn_nghệ suốt ngày .",0
"thắng ok m chui từ cái cười cho ra nói_chuyện như thằng vô_học , đmm ai nc với m nhàu vô đây cắn bậy",2
con . quy nay . no . khung . nang . no_ngao da . het . thuoc . chua .,2
nó éo có biển mà còn tức dùm . việt nam có biển có đảo mà làm như_không có,0
m chắc cũng 1 ruột với bình lùn à,1
kỷ_nguyên mới sẽ khốn_nạn vl hơn,2
tưởng xuân hiển vcl ba chó vv,1
hợp_lý anh ưi 🙄,0
lê hoàng trọng bác cho tôi xin vd được không bác,0
thay ngu,1
chi dep qua c oi . su con cho do di_c . con mat day con cho phan quoc .,2
minh luc co cai cam qua vo la biết sua . nhung xau nhin nhon . nhin la biết cam_gia . xau . qua .,1
sếp lên live đi,0
bao_giờ bọn chó nó chết cùng thì mới không an_toàn,2
me nhà no,1
quá giống luôn,0
cười xỉu luôn,0
phi_quý dầu thơm mùi nhức đầu chết mẹ,1
"cỗ_bàn thế này vẫn chén được anh_em nhể gấu bốn mắt , phạm phương nga , độc muỗi . bọn m chỉ có không ăn cứt nát và lá xoan thôi",2
bộ quá bạn bị phê đá hả 😞 🖕 🏻,1
nhin mat la biết đai du roi . . chư đai gia noi j . . vang da thi có . . no wa pd oi,1
"dân mỹ muốn giàu thì phait đồng_lòng yêu_cầu tổng_thống giết hết bọn ăn_bám việt nam cộng_hòa . làm hạo tổn báo nhiêu kinh_phí mỹ , gánh nặng cho dân mỹ",2
thế_mà chúng_nó giật tít cộng gộp lại . tít lẽ_ra phải là muốn giết người ? hãy làm công_an,2
bóng già chuyển giới . cô cô nghe mắc ỉa . súc_vật lũ bongs chó tởm_lợm,2
không có dau thơm nào sin ma giá 100may cả . noi đơn_giản vậy thoi,0
t hả_dạ ghê_á,0
bạn trai nhà người_ta chưa bao_giờ làm tôi thất_vọng,0
giờ này nó ngồi trong đó . . tù . .,1
unesco chỉ cong nhận hồ 79 tuổi khi ra đi bác vẫn còn tr nh,2
con_nít còn biết cá chết do đâu mà !,0
nguyễn thịnh quá_đáng,0
"trận trước lượt_đi , và chắc_chắn lượt về lần trận cuối_cùng và chúng_ta sẽ chắc_chắn thắng được trận này . cố lên ! !",0
"trăm năm kiều vẫn là kiều , tộc_trưởng vô đối là điều hiển_nhiên !",0
"nít ranh gì , nghe 2 củ 1 trận là ông nghĩ đến có tiền mua bỉm sữa",0
abe đúng là thật xàm l v,1
khung qua linh oi tôi sau ma khung nua,2
đang sống ở thiên_đường xhcn đấy nhé,0
bà này giàu_sang thiệt,0
bây h cô đáng yêu deso ! ! 🌼 💛,0
"dư_luận viên là cái lũ không có não hơi đâu tranh_chấp với tụi đó , tụi đó nói cái nào lòi ra cái ngu đó liền mà cứ thích nói , không nói sợ ngta không biết nó ngu hay sao à",2
"t đang nợ 1tr , thêm chỗ này là 30tr à",1
"đi đúng luật rồi còn gì , chạy bên phải làn_đường v",0
nhìn là biết xạo lồn rồi . . hình_như đàn_ông mà,2
"đcm phat , noi nhu c",1
"mày lò cái mặt ra đây chứ đừng có núp_bóng cfs mà sủa bậy nha mày , m luôn coi_chừng t à 🙂",1
quản_trị lại chẳng biết cc j rồi . tiền thuế cno lấy của quản_trị đâu bằng tiền cúng của tụi giang_hồ,1
ngon mẹ gì mà ăn nhỉ,1
tóc_tai trông như cái đầu . .,1
i lóp du chu cà mo 💗,0
trần dần là cộngg sản nằm_vùng bên cali 😂,2
đình quang 😂 😂 thuyết_phục,0
"vay rồi bán_đảo , bán biển , bán sinh_mạng của người dân .",0
được anh oi,0
sách_lược diệt chủng dân_tộc việt_nam của tàu cộng !,2
đất_nước thối_nát,2
chào_mừng bạn đến việt_nam . xhcn do dân vì dân,2
nhin mặt nó là biết thuộc dạng tiểu_nhân rồi,1
huy nguyen đang si nghĩ tố cảnh anh tạ duy ân bưa chạy oành_oạch lên hvp mà e cười khùng,0
con qui cai chuyen di_lua gat . . may gat chi minh hieu . . sao lon,2
tự_hào vì có nhiều quản_trị fanpage ngu nhất thế_giới nữa,1
thúy vy mua cho d cái bận chơi m 🤣,0
cú có gai 🤣,1
"hay đấy , vừa_mới xme",0
thôi đừng cãi nhau nứa lo mh đi . mh cũng nguy nè mấy đứa,0
quan_chức để lại cức đái cho đời . . í lộn ! cái đức .,1
khau nghep nha_chê,0
quan chuc nha nc lam gi co tien_ung ho . . chj co tien chon duoi dat thoi . . ko gjam gui ngan hang so bj lô . 😂 😂,2
quản_trị ăn phân con j mà ngu thế . . ? ?,1
anh thì kinh oy 😛 😛,0
trần thành long xin vìdeo với ông,0
thu 3d may lắm ma_sao lon qua,1
chụp màn_hình làm con gì thế cl bò,1
những thằng luôn bảo không quan_tâm chính_trị thì đây . . cái này là chính_trị đấy . . có bệnh thì chữa bệnh giả . . ôm bệnh về người . . rồi lúc phát bệnh nặng thì chúng_nó đổ lỗi sao không đi xét_nghiệm sớm . . giai_đoạn cuối r . . gia_đình fai nhọc công chăm_sóc . . đôi_khi fai bán nhà mua thuốc chữa_trị r lại fai uống thuốc giả . . để rồi . . haizz . . tụi mày là quân giết người . .,2
tủn 3k nghe nói xạo l ồn quá tr,1
không thich việt nam thì cút sang campuchia quá mà sống dlv cho biết,2
"xàm , ăn_không rảnh_rỗi l , dịch không giúp được ai thì thôi còn chửi nhau đăng lên , chụp gạo đồ , trẻ trâu",2
"ui nói gì thằng quỵt gạo lắm đông của lào , chí phèo thế_giới chứ có cái vẹo",1
người_ta co xau hay tot thi moi người biet . neu co hieu không tot sao moi người thich . dan ba gi ma_cai mieng xau nhu vay cung co người lay .,2
đúng tính_cách à ấy luôn bây ơi . loài hợp quần,2
"mấy hôm trước đăng bài thấy hay hay , nhưng cái bài này là đéoo ưa nỗi ròi",1
địt con_mẹ cnó vẽ rađể ăn_chia với nhau ý mà . làm cổng 200ti để tế thằng tổ cnó à,2
bán ba cái nước_hoa xạo,1
"báo nhà_nước đăng nó mới biết có chuyện ồn_ào , lắm còn báo được thì nó làm_sao mà biết quốc_tế ? kemeno",0
"xe tắng thiết_giáp đáp lồn má mấy thằng ở trên , cmt ngu vl",1
đặc_công nước khoá 2011 2013 . tổ 1 mũi đặc_công 2 đại_đội 1 thuộc liên_đội 1 . vinh_dự là bộ_đội cụ hồ,0
mình cứ tưởng bắt lợn thật để thịt cơ_hóa ra là công_an đang làm nhiệm_vụ,2
tộc_trưởng buồi to như lõi giấy vệ_sinh,2
vailon,1
gáy to quá à ơi gà cao bằng,0
bồ môi vàng trog làng vét máng đó ăn hai à,0
mãnh_thú này giống với nhà em nhưng nhà em sợ mỗi xả với rau_má,0
bóng đỏ ! !,2
hải_văn trần chực bú cu tiệp hay gì,2
bên tâm_thần bệnh_viện kia lắm nghỉ tết à,1
hello . chi . .,0
tùng sói độ phùng trang mixi đứa thứ 2 tên gì ngầu đây ta,0
"k , h , ố , n n , ạ , n bọn lừa_đảo , suy_đồi đạo_đức , xem_thường pháp_luật . mong đây chỉ là bước khởi_đầu cho việc xem dân không ra gì .",1
tóm lại là con_gái hay trai . . 😶 😶 . . bực_mình vl nhìn hoài không ra 😑 😑,1
xăng đg được nhà_nước trợ_giá rẻ thế còn j nữa,0
tú said cái cười j vậy abe,1
tại c t chân_thật quá không quỷ m giống ma,1
sống chậm lại các bác ơi,0
không gáy được thì cay à 🤡 thích gáy đấy làm gì nhau,1
"nhà mặt_tiền cái l n , mặt l n thì có",1
mồ tổ cha mày chứ không tưởng_nhớ . mày không biết xem tin_tức lắm à,1
quản_trị ăn phân ngu j mà con thế . . ? ?,1
to be counted,0
xin hỏi nhà tiên_tri . sau đợt dịch này bọn 3 liệu có bị tiệt chủng không,2
vu quynh huong rất cười,1
con co rona dau mà hỏng tap vo coi mo di_nay vun on,2
cai vu veadan cung the thoi . dit cmcm ừ xum len được cai cc j,1
hoàng quyên,0
"địt_mẹ suốt ngày mị_dân , nâng bi tự sướng",1
", tết rồi đập heo thôi",0
"cho em ké tý ạ . ai bị đa nang buồng_trứng , vô_sinh hiếm_muộn , tắc vòi trứng , đau bụng kinh , kinh_nguyệt không đều , tắc kinh , vô kinh , viêm_nhiễm , nấm ngứa , . . con_trai tinh_trùng yếu , yếu sinh_lý nhắn_tin em tư_vấn nhé . đảm_bảo 1 người khoẻ 2 người cùng vui 098488291",0
bé ba vailone,2
đau chứ,0
tủnn tủnn trẩu,2
nguyễn đức khải cực_kỳ thuyết_phục 😆,0
1 tỷ đô xây được bao_nhiêu bệnh_viện và trường_học chợ trẻ_em . đem đi làm thẻ hội_viên 1tỷ đô chẳng khác_nào trưởng giả học làm sang,1
không giống con_giáp nào,1
không co lợi cho tỉnh nhưng có lợi cho quan . ngu gì mà không làm . cơ_mà 100 ha rừg đó nay đã đi đâu,2
lãnh_đạo ngu_dốt thì dân khổ thôi để vẽ chúng kiếm_ăn nhưng đâu biết hậu_quả vượt nắng thăng mưa cười,1
"thích thì nhích , ngon nhào zô kiếm_ăn .",0
c . a việt_nam mà mượn xe cái mẹ gì . mấy ông công_an phường ở sg không thấy cướp_giật là chạy lên lề trốn liền . sài_gòn nhiều chốt dân_phòng vậy_mà ngày nào cũng xảy ra cướp_giật mà toàn là hiệp_sĩ bắt vl cướp toàn à . mấy ông dân_phòng chả biết để làm gì nữa . haizz .,1
chị ba sống lang_thang ngoài đường tội chị ba qúa,2
"thành huy dear , distinguished guests of thuc coffee 🙈",0
em lại xạo lồn,1
giờ đue nhận_thức mới nhìn ra bản_chất của vịt cọng hành,2
người_ta chuyen gioi rôi . no lam lôn roi đê_đu thăng cha tyi bay .,2
võ thuần nguyễn có bán tiểu tiểu không,0
gia_đình tan_nát,0
cần info áo .,0
có tiền vay không đi_giải_phẫu cho thành con_gái đi ròi nc . . ngừoi đàn_bà có cây cà_rem 9 giữa . kk,2
sống chậm thôi m . n 😂,0
chuẩn_bị sẵn búa đi sói nhé,0
cho đỉa chỉ đi chi ơi . haha,0
dư_luận viên ngu cười lại còn lắm đứa hùa theo thể_hiện đầu_óc chó đúng là cặn_bã . lại còn thật lắm thằng bảo nữa tân tài_trợ phan anh việt chứ .,1
lu 🐕 ban . nuoc luôn,2
cực_kì thuyết_phục 👌,0
dân chống chống quan_chức không nhưng,1
cố mà đội bô tết . nó thí cho vài mà đồng tiêu .,2
mao chạch đông,0
nguyễn bích tb sang thì không tiếp nhá c,0
dui cùng em giây_phút bóp dú bóp lồnn taoo nss mà cừ bò .,2
"cẩu quan thì luôn có những sáng_kiến dị_hợm , mà không biết chúng có biết chữ để đọc báo ko ?",1
"tổng_bí_thư tô khác biệt_phái , luân_chuyển cán_bộ đi địa_phương trong thời_gian quá ngắn , không lâm gì đi du_lịch",2
đm train như cuccut mà vô quất 1 hơi 3 0 sợ thật v,1
duy trần gửi cho em xin vd với ạ,0
tái_liên quán nhé,0
linh_cẩu,2
không son tran nếu không thích bác có_thể bấm nút unlike mà chứ bác nói vậy éo ai cảm_thông đâu,1
bất_cần đời bú cần thôi anh nhỉ,0
mà nó lại rất ưa là dethuong,0
dm . . thằng assmin mặt l . . hiếp zdam thị_giác . .,2
thật riết tưởng idol là trâu_bò không đó 🥰,1
ờ ờ . nợ thì chúng m nợ nhé . t_t đéo có nợ ai dâu nhé t .,1
hải_yến tổ_sư con dở_người nghĩ mình hài_hước hay lòn gì bình_luận để ngta ỉa vào mặt à hải_yến ơi,2
thu hà cắt mỏ chừ,0
phim xịn rất đái 😮 😮,0
nguyễn loan ý anh ý là thịt à đi e 😝,0
ông_già mình quảng_cáo đô nhé,0
hiep pham mai_mốt đừng ăn nữa nhé chồng,0
"đại_dịch rồi , hi_vọng toàn_thể_nhân_dân thế_giới nói_chung và dân_tộc việt nam nói_riêng cùng nhau chung tay xua_đuổi đại_dịch chứ đừng làm những hành_động vô_ý_thức như_vậy , cấp_bách lắm rồi ! !",0
trông thầy giống bê đê vcl,0
thái_dương,0
troi oi tôi coi may người nu viec nam nay . tui muon đoi quân không dam ra đuong luon . .,0
nguyễn văn huân sống chậm làm đéo j,1
ca i lo n má ma_y mất da_y,2
đa_số thực_phẩm mà bọn quan lại ăn là an_toàn . . chúng có_ăn đồ chợ đéo đâu !,1
"không chết vì ô_nhiễm cũng chết vì hoá_chất , còn không lại chết vì tai_nạn giao_thông hoặc chết vì ung_thư hay bệnh_tật . quá_lắm là chết vì tàu xâm_lăng thôi . thằng quản_trị mày lo nhiều quá nên đăng_tải lung_tung chớ dân đông lào mình đồng , da sắt , c . . t bằng bù lon mà sợ chi hahahaha",2
một cây chúng chồng giá bằng người dân lấy lương 2 năm nhìn rất,1
co quô c thê đâu ma nhu c .,2
lần đầu được thầy 3 thả trym,0
1 phò cho hay,1
"kiểu này là quá liều r , đã bảo chơi ít th",1
em thấy sự hi_sinh của cô nhưng chưa thấy được thành_công của thầy,0
"cảnh_sát cơ_động nước văn_minh dân_chủ_nhiệm_vụ chính của họ là giữ trật_tự an_ninh , ngăn_chặn những người biểu_tình quá_khích trong khi cảnh_sát cơ_động việt nam thì chuyên đi cướp hiếp dân lành , cướp đất . cscđ cảnh_sát cướp đất hoặc sâu_xa là cộng_sản cướp đất .",2
đi học mà xâm hình thầy cười,2
nói qq gì đéo hiểu từ đầu đến đuôi,1
thôi anh im mẹ mồm đi . mặt như cc mà ý_thức như bờ phẹc,1
3 bài mà cứ từ từ 3,0
còn sức còn chơi 😎 😎,0
ok luôn,0
con c . a nhổ nuoc bọt với danh dan thì xloi vl song huề,1
còn đó nứng bị nó lồn rồi nên nó chọc người_ta luôn,1
câu chốt của anh tôi hay ok ok em học bài tiếp đây nhà bao việc,0
em sẽ đến đơm cái lỗ nhị thầy đêm giáng_sinh 🙃,2
quan thì ăn cái bụng to như trống . còn người dân thì ốm_yếu nuôi tụi nó,2
cái đb gì vậy ?,1
dân ngu cu đen thôi mà .,1
cách phân_biệt thằng ngu ba gà và ba vi thì đúng hơn đó thầy,2
tuyên_truyền sao rượu bằng mấy cái băng_rôn giăng kín lối ở xứ thiên_đường kaka . công_an còn uống hiệu_quả lái_xe rồi gây tai_nạn làm_gương nửa kia,2
sống chậm thoii 😑,0
hải_văn trần chực bú cu tiệp hay gì,1
"cái này bọn khựa , hay bọn tàu làm ấy nhỉ 3",2
ms cộng_sản 3 thui,2
chắc lạnh thì mặc 2 quân thôi nhưgn béo quá mà,0
làm chuyện ruồi bu . . diễn éo sâu !,1
cô thấy cưng dễ_thương quá yêu cô,0
tối thầy stream đá phò đi thầy ơi,2
nhật_ký yêu nước thế_thì mày bảo bố mỹ mày thử chọc vào thằng tầu đấy xem 2 hòn có còn hòn nào đúng vị_trí không hay nó chạy hết lên cổ_họng rồi,0
con này nó chửi cho đã rồi lên khóc_lóc xin_lỗi sao như bánh_tráng mặt lật dữ vậy_ta,1
cười cũng dzui mà bạn .,0
bán_dạo cũng bị bắt,0
ai ăn_nói bậy_bạ cho ông trần dan bây_giờ hãy stop dùng tiep tục nữa dat diều that là gian_ác,1
lúc đi thì xung sức . lúc về ôi mệt thôi rồi v,1
di_du m,1
"lúc hoạn_nạn đấm nhau với mẽo không thấy ai . giờ phất lên 1 cái ai cũng muốn khoác tay làm_bạn , cái thế_giới này có kinh_tế trong tay nó sướng là thế đấy",1
bà hổn láo quá,2
nhìn cô đẹp như katy perry,0
giấc mơ thiên_đường,0
"họ đã chọn nhà_máy môi_trường , con_người , tôm cá đã thua nhé",0
khóc cc . nước mắt_cá_sấu . đồ giả mà toàn chốt đơn r quăng . ngoài giới chỉ thấy mày bẩn_thỉu xạo lồn thôi cười,2
bữa_nay có thêm chị trang đi lang_thang từ 34 đen 38 rui và còn hơn_nữa,0
nghèo bày dạt nỏ . bién di_me oi,2
vào quán người_ta mà như bố đời,1
may la co người dai loan lay_my do my the bao sao ai cung ghet song cac cu vi lam di 9 phuong con 1 phuong de lay chong_nhe,2
834659597,0
trao huy trương luôn cho đồng_chí này,0
địt_mẹ minh hieu la đo ngu,2
câu cữa miệng đụ má nó 😁,1
thằng quản_trị hết tin_tức để đăng rồi à . đkm thì kệ mọe nó,1
đang lúc dầu sôi_lửa bỏng bay kiếm clmn hay gì á rồi đem bênh về đây cho nhà_nước nuôi tốn cơm tốn gạo,1
thương anh mong anh chết sớm cho đất_nước bớt đi một loại phân,1
"tiết_mục thư giãn cuối tuần của phobolsa tv . zâng , tâc ziêng là rất hay !",0
bo truong cho,2
vợ cuốc sư là bùi kim thành còn vợ_nhỏ là lisa phạm,0
tự nhận mình là thằng mặt thật heo,1
diệp đình huy phục cái địt_mẹ mày,1
lê thế hào cc dell bk cailoz j ve nghe thuat im,2
con nay noi chuyen qua la mat day cdm phai cho con nay mot bai hoc nho doi,2
cần lắm 1 đường link,0
ngta lớn ngta chua kêu tên mày thứ nhỏ mất_dạy tao cũng bị gạt đây thấy lgbt dễ_thương mua ủng_hộ live nào tao cũng coi may đm mua ve_xịt 3phút đéo nghe mùi j thu làm_ăn_gian_dối không tồn_tại được lâu đâu nhỏ hon ngta mà hổn láo,2
"vậy_mà mày nói tiếng vn , đẻ ra tại việt nam đấy quản_trị chó à",1
clip của thằng mặt lồn vks long an yêu_cầu giết quách hồ duy hải vì giam_giữ loại này rất cực ảnh_hưởng an_ninh tình_hình đến chính_trị,1
và bộ_tộc mixi cũng từ đó ra_đời dưới sự lãnh_đạo của tộc_trưởng người cao bằng buồi to như lõi giấy vệ_sinh,2
không biết anh tuân có ngy chưa nữa 😌 😌 mê ảnh quá,0
"tình_yêu là khi bạn yêu 1 người thật lòng thì bạn sẽ yêu luôn cả vợ và con anh ấy , mù quán vcl 🤣",1
"mấy em cứ quăng miếng bvs ra đây , rồi xài cái hiệu gì . . chị 3 tài_trợ cho xài tới mãn_kinh luôn .",1
hn thu nguyên mấy thằng nhơ_bẩn cả nc việt_nam,2
xa_tít đằng xa_tít đằng xa,0
chúng_nó đéo còn gì để làm mà nên mới sống nhanh với sống chậm v,2
"chúng mài không hiểu ý anh chung , xin phép ở đây là phải đến tận nhà anh , mang cái bao_thơ dầy dầy chút , lãnh_đạo nói là phải hiểu chứ 😂",1
tại thằng dân . . cái j cũng tại dân đmcs chứ t đóng thuế nuôi chúng m bú c nhau à,2
con beat căng ditnhauhong,1
nhật tân em có muốn vô cổ_phần không ? vô thì chở đi,0
bảo_vệ thằng nào nhiều tiền hơn nhé . hị hị,1
sa i tiê n âm phu mang đơ i đu ng roi ta no i bê dê o việt nam_ai cung xinh ai cung đe_p sao be de o tư ba n no xâ u ma no ao no nô banh xax sa i tiê n am phu ma ng đơ i kk,2
"ồ , tự_nhiên add làm e nhớ mấy ông áo vàng cho lính đánh xe taxi chặn đường để bắt sai làn",2
đến đây từ tiktok . xem xem người này như thế_nào . ra là như thế này . co thế này mà đi đến đâu vệ_sỹ và fan bủa_vây tới đó . éo hỉu,2
bài này kiểu quảng_cáo compack hay gì mà,0
hình_như thằng này là thằng muốn ăn_gỏi mc phan anh đây mà 3,2
23 23 cười đái_tháo_đường với cô minh hiếu,0
ây long bùi buồi lông,2
"có_thể là do thế_lực thù_địch lợi_dụng những hôm đêm_tối đã ra đào_bới bờ kè , khiến cho bờ kè của sạt_lở . đây là 1 trong những chiêu trò kích_động người dân bị bè_lũ phản_động . 3",2
cái con này nó chết cũng không sửa_đổi,2
xin video ạ,0
nó fake tài_khoản hèn vl biết gì đâu anh 😆,1
10 lên nghe chị gáy tới 2h sáng lun ei,0
tìm ra sự khác_biệt nào mấy mem 😂 😂,0
nguyễn anh tú ê coi nè tú giờ mới nhớ ra xa bờ .,0
ghi kiểu này mới nhìn vào tưởng trung quốc muốn đổi sang quốc_tịch việt nam 🤣,0
chúng_mày điên hết rồii,1
ý_thức của nó thấp hơn điểm_hóa của em . . 😌 😌,2
"m lảm_nhảm cái đéo gì thế , sai lè còn cãi , ở việt nam dân cái hay nhất nhà chối tội đổ lỗi thanh_minh , từ thằng quan tới thằng ! , sai lè thế kia mà còn lái đi đâu_đâu để cãi , chúng_mày vác cái đth sương chúng m , còn dân việt nam ! bên đó với nhưng người sau_này sẽ qua thì sao ?",1
thua !,0
"hồi nào tới giờ cứ ngỡ lưu vĩnh phúc là anh hùng tàu giúp dân nam_diệt pháp , không ngờ hắn là thổ_phỉ còn ác hơn cả quân_pháp .",2
chúc nkyn luôn bình an 😍 👍,0
like mạnh,0
"gười ở người thật nam dạy_đời , nhắc_nhở việt ở mỹ lâu năm à . .",1
"chỉ hơn ba chục tỷ thì tù mọt_gông ! đã khó_khăn phải ăn tầm vài trăm đến nhiều nghìn_tỷ thì mới được xét hoàn_cảnh ăn , mới được vài_ba năm tù hoặc hưởng án_treo .",0
thời liên luôn xô còn ngây_thơ ms trả thôi . h mà trả là đó sau chục cái tàu mẽo ở hôm,0
bảo tín tối à lên luôn đi,0
nhiệt quần què ms đầu_vào cảm_rảm như chó h khen cc,1
"bọn này vô_học , lại thích khoe_khoang để lấy thành_tích , viết những câu chữ tối nghĩa .",2
3k hàng f1 😂 😂 hàng fake loại 1 thì nói đại đi 😂 😂,0
bác_sĩ chu xin hãy an_nghỉ . hi_vọng tất_cả y bác_sĩ ở tiền_tuyến rồi sẽ được bình_an,0
trần bình an đâu mình tưởng là bài nước_ngoài trùng với tên của bài thần_tượng mình nên mới nói vậy chứ thật_ra mình nghe rồi nha_😝,0
"thầy lồn được cái sủa dơ , yêu thầy 3",1
bọn gian_thương chứ thời đó làm gì có thương_nhân .,0
tường_vi tao luôn cảm_ơn mày vì mày là con_người việt nam không phải . ây ai,2
"cu hoi may tram dbqh thi se biết , vi ho la nhung người bieu quyet thong qua",0
an đặng travel official bả giờ chảnh lắm mày page của fan lấy hình làm meme chế clip mục_đích vui bả nói_chuyện kiểu như_không cần ấy rồi report động nulo cũng vậy làm vậy fan đổi qua anti bả luôn,0
kimthy lê sao bít cu nta tí_hon,1
"còn mày có con cũng ngu lắm , đẻ con ra cẩn_thận đó",1
thằng điên văn vở câu like rẻ_tiền cút,1
các cụ dưới chưa lên bắt xuống pha trà cho các cụ nhỉ,2
nông hải_yến nghe nói 165 cầu giấy kìa bạn,0
nguyễn thanh tín thằng đàn_bà mồm dính cut à,2
tôi rất đáng yêu nhé,0
thằng quản_trị này muốn ăn chửi đây mà,1
lúc đấy tòi súng chắc stream thay ô già,0
"không phải lổi của csvn tàn_ác mà chính người việt nam tự nhận mình và thích_thú mình là con thú , lại khoái mình vl là dân nô_lệ . ai thích mình là con ông trời , giơ tay lên . thấy không , im_re",2
giờ không đánh cũng đã khai chính cờ đỏ sao vàng là bọn k . h . ủ . n . g b . ố . cần phải dẹp ngay bọn k . h . ủ . n . g b . ố cờ đỏ sao vàng này ra khỏi xã_hội việt_nam và cả nhân_loại của thế_giới 😉,2
ai là bà của con ?,0
chị gái chả không sưng mặt lên nhắn_tin,0
"chẳng_qua dân mình ngu_dốt , học luật giao_thông thì bố thằng nào làm bậy địt_mẹ",1
cường sirô khắc đông lào 🙂,1
vụ này mà con nhung mặt lồn không đi tù thì sẽ có khối đồng_chí phải đi thay .,1
dư_luận thằng viên đinh bá trung ! ! thớt nào mày cũng bình_luận không có não_thế,1
chị chửi để chị cứu nhân độ thế ! cưng dễ sợ hahhaa,0
"nữ_sinh chạm vào mà công_an đi tù 9 tháng , công_an chạm vào má chị bán hàng rong chảy_máu tạm đình_chỉ z báo còn viết thêm chị ấy chăn_dắt ăn_xin mới ghê",1
bị tam than_my co giam dinh than kinh ong nay chua ?,1
tỏ_tình kiểu gì khi mất huy_hiệu fc 🙂,0
mình nghe không thấy hay mấy hay_là chưa nghe kĩ lời nhỉ,0
"như con cặc ,",1
thần_tượng lúc nhiỏ của tôi,0
bọn vl tào_lao đăng phản_động bà_con nên cảnh_giác,0
thầy và các đồ đệ ! chỉ là dân_chúng dọn nhà thôi mà ngươi làm ta giật_thót mình ! tộ sư,0
thánh kiếm đâu za cái này . mà đọc cái bình_luận của thằng kia song . tôi đi đái đéo hết bc,1
mỗi cái gif cũng nhiều like vl,0
tiến chiểu chúng giàu_có thiệt nhưng có giúp_đỡ ai đâu có gì là chúng_nó bay đi trốn hết à,2
em nói_chuyện hay lắm dễ_thương lắm,0
xin link,0
iris nguyễn tuyet bui thi các chế cẩn_thận nha_😂,0
"ờ thảo_nào cứ cán_bộ , công_an là bụng phệ . ! ! 15tỷ usd bay đâu không thấy .",2
luật_pháp việt nam thật hài,1
"dân đen ăn lồn hết rồi , đcm d",1
"không biết tốt xấu ! chất phát như nào nhưng nghe 10 đời chồng thì phát khiếp r , không_lẽ 10 lần chồng đều là lỗi của ck ! phải xem_xét_lại nếu như_ai còn khen ! miền tây 2 đời chồng là với họ nhưng 10 đời thì thật là kịn khủng tởm",1
được vliz à ơii . .,0
anh trung weeboo,2
với idol luôn_luôn,0
yy,0
thằng assmin nhãm shitt . . đành_rằng page này là chửi . nhưng mày là assmin thì chỉ nên viết gợi_ý thôi . . để mem nó chửi . . mày dành chửi kiểu đó thì chơi thế đéo nào . .,2
một nhà_sư người thái lan đã said,0
tâm nguyễn bác ơi ngta đi chuyên_cơ có phòng cách_ly riêng bác vừa xuống sân_bay đã được đưa vào bệnh_viện thì lây đéo nào được bác ? ?,0
chào em ! hôm_nay em đẹp lắm luôn . bọn chị ủng_hộ em ! em hãy dùng văn_hóa chửi chửi đau chửi đớn con chó linh em nhé . chào em .,2
đm ngươ i ta ơ tu ma ba n mă t thă ng phi_a sau cươ i như trâ y hô i va i a,2
mà mệt nói thì nói mẹ đi,1
đm biết ngay được mấy anh_em nhật_ký yêu nước thật tôn_vinh làm idol mà,1
"đinh bá trung ơi nếu không có ai đồng_ý với ý_kiến của mày thì mày nên xem_lại đi , 1 người cũng đéo có mà cứ cãi . mày hút thuốc trên xe thì tao xịt thẳng vào mõm mày trước khi lên xe chứ đợi mày gây cháy xe nữa à . mượn lời quản_trị tý nhé thằng lỏng bao",1
thần_kinh nhỉ,1
trung_tâm_thần,1
vcl đúng một ổ dư_luận viên đang thủ_dâm tinh_thần với nhau . tôi ngưỡng_mộ à phan anh quá . còn nhà_nước hả . một nghìn tôi cũng không đóng_góp . vì tôi quá hiểu bản_chất chính quền việt nam rồi .,2
ok baby,0
chỉnh lại ông bô . xe với trả cộ ẩu vl,1
quần què,1
nhà tiên_tri già lẫn rồi nói tào_lao rồi nước mỹ hiện_giờ đã chết hơn 100 người rồi .,2
thương cô ba,0
chi oi chi chua gap bac ky dau . chi ma gap roi chi không con kip keu mot tieng troi dau chi ak . it nhat chi cung nghi den người nha chi chu . chi o dai loan ma chi dang noi tieng viet ma . chi tu chui minh thoi . nguoi ta không xem noi ra ji nen người_ta goi chi vay thay loi xi nhuc do .,2
ý_thức rất tuyệt 👏,0
si đa mà xông_pha hiến máu là có thật,2
"rồ mẽo mất não , từng chửi bố nó vì coi thời_sự rồ nga 😃",1
ngày trọng_đại của đất_nước mà_lại vô_ý_thức cho nó ngồi_tù làm_gương cho kẻ khác,0
mày chửi đi quản_trị . đúng nghề chửi đấy,1
giở chúng sẽ câu_kết với nhau nguy_hiểm hơn độc_ác hơn khốn_nạn hơn . . v . . v,1
akatski akashi nói đúng với nói thật thôi chứ có gì đâu mà anti ? thật bộ anti đéo có não hay gì mà chuyện vậy cũng nói cho được ?,1
bong gia xam cười qua,2
không biêt vụ này ở đâu,0
lên chức để nhét con_cháu vào thây bã . . bã không bỏ chức đó nên đuổi luôn 3,1
linh mít lên cầu giấy mà tìm phòng bạn êii 🤣,0
sau hom nay lam khanh chi xau vay ta . hom nay trang diem khac khac sao do .,0
tr ơi ! hãy uống nữa đi cho một giọt nước_đái nghe đắng_cay trong quần,1
"từ_thiện cái máu l gì kiểu này . có lòng sao đéo đến cái mái ấm , xóm nghèo , xóm lao_động mà phát gạo tận_tay . địt_mẹ khoanh chân 1 chỗ bỏ 1 cục tiền mua 1 đống gạo xong vứt 1 đống xong ghi 3 cái chữ kiểu gạo free đây bu zo bu zo mỗi người 1 bịch",1
t thấy thật khánh chi nói_chuyện chớt chớt sao á ta,1
"tâm nguyễn_phát_ngôn đúng chất não cứt . người việt mà đéo về việt thì ông muốn họ sang trung_quốc à ? giàu thì cũng tiền họ làm ra , có xin nhà ông đéo đâu ? họ về đéo ảnh_hưởng đến đất_nước là được . ý_kiến cái đéo gì .",1
con nay không co an hoc nen moi thật co hanh dong nhu the . de người_ta chua minh không nhuc à,1
thằng chó này 3,1
"báo_chí việt_nam như cái củ căc_vậy , tụi nó có con có cháu có ba có mẹ , mà ăn ở không có đức , v thôi cho con ở nhà mẹ_di , cho di_học làm mẹ gì , an nói xạo xược , ăn không nói có mà cũng bày_đặt đẻ con , giáo_dục con , cho con di_học đm t khinh cái xã_hội vn , khinh cái đám báo_chí",2
sống chậm quá mọi người ơi,0
lâm_ly rồi cũng sẽ thôi đến bi_đát dẫn .,2
đừng chửi nữa,0
cái địt cụ nhà chúng_nó ? việt nam nhiều giáo_sư tiến_sỹ nhất thế_giới mà chẳng thằng lồn nào hiểu chất_độc nó là cái gì ? ? bọn bú lồn ăn tục nói_phét thôi,2
thầy book giáo_án mới cho e à be cứu e với,0
nhiệt quần què ms đầu_vào cảm_rảm như chó h khen cc quá,1
"trời_ơi . da c đẹp ghê luôn , bóng mịn căng nữa 💜",0
"ca i đo la chuyê n ơ dươ i huyê n , trên chi nh phu sao nă m được ma vơ đu a , nê u_ho la m tư tro n vai đê n tô t thi_ca ho ca la ng la m quan thif kho ma lên tiê ng , co n . mô t khi tă c tra ch thi m cư ma_tư do ma khiê u_na i , lu c đo ai ba o m pha n đô ng ? ?",0
không phải chê gì chứ khả_năng win của sbtc quá cao . sela kidz clear với petland toàn những thanh_niên chuyên_nghiệp try hard vcl sao những ông_già bên kia chơi lại . còn thầy lồn thì t xin mạng phép bỏ_qua không nói tới coi như sbtc 4 đánh 6,2
cac ban thay không con nay không bao gio xin loi that long no lai chui nua thay không cac ban vay thi cac ban co tin va tha thu cho no duoc không,0
gam thua cái củ cặc nhé ! !,1
"phụ_nữ cần 1 thằng chồng buồi to như lõi giấy vệ_sinh , giống như bà phù_thủy cần anh trưởng làng",0
ép cung,0
"những người đã chết vì bom nguyên_tử chắc buồn cho hậu_duệ ,",0
"không biê t_tư khi na o mi nh không ma n chuyê n chi nh tri nư a , chuyê n gi đê n thi kê me no cư la m viê c mi nh đam_mê",1
hẳn là thủy_triều_đỏ,0
có cái ngu nào bằng cái ngu này ? ? làm_việc thì cũng phải có chừng_mực thôi !,1
bức_xúc đỏ mặt,1
vừa_lòng tao lắm tao dui rần chớt 🤣 trần đòn câu cáp treo cá_sấu á chứ câu like gì cô hiếu có làm gì bả đâu mà vô kím chuyện 🤣 🤣 😂 😂,0
"ba mươi không tiền nếu đốt thì cháy được khoảng bao_lâu , nếu đốt từng tờ cũng không khỏi 1 ngày , thôi ráng đợi đến ngày lành tháng tốt rồi đốt cho cựu bộ_trưởng xài nha , vì tới giờ_phút đó bộ_trưởng muốn xài thì cũng phải lấy lửa đốt mới xài được chứ phải o ?",2
cán_bộ giờ có còn ai nghe bác nói nữa đâu,1
do dat gil đi đâu thế này gil,0
chết vì hòa bình thà lưu_danh như một anh_hùng còn hơn chết trong nỗi ô_nhục,0
nguyễn long vlin thật lun á bọn vô_ý_thức,2
nan,1
sam đuôi hình tam_giác có gai so đuôi hình hình_tròn trơn nhưng so vẫn chén ok nếu biết chế_biến phải tuyệt_đối_bỏ ruột,0
trung cũng có xe nè mn . anh tiệp tuổi gì .,0
thì kệ con_mẹ bạn làm như bạn là trung_tâm vũ_trụ ai cũng cần bạn z ? thể_hiện quan_điểm con cak .,2
ưng không,0
bọn này tôi đề_nghị pháp_luật cho ra hết đào,1
ngủ cung phai ngồi đây nữa . . kk nc cung ghê 😍 🤣 🤣,0
phạm văn lộc idol viết như thế_nào thì vẫn là idol em hí hí . em chấp_nhận hết á,0
lu 🐕 ban nuoc .,2
"chắc lại kiểu quen với cấp dưới ở việt_nam . cứ nghĩ họ cố đấm ăn xôi , nào_ngờ nó tố_cáo nuôn .",0
"à ha chào cụ tiên_sư trần mần , hay mình khoái nghe hài của cụ , coi_chừng cụ nhé em ncov nó quặc vô là cụ đi đấy , còn giờ này cụ chỉ có dương_vật teo chứ sao mà cúm dơi cúm mèo được",0
che nao cung lung_linh_nhe,0
ông noi sai sai sao tl cô bâng tiên symaa cung nhu tcq cung vl cô bâng ts luât cuâ đhl hâ nôi,2
"nai xừ , lm ra tiền cho miễn_phí thì mốt nó sống phụ_thuộc vào mình à , mốt th nhà giàu chết thì chắc nhà nghèo cũng chết luôn",0
ấy vậy_mà mới có thằng ít tóc cất_công sang tận bển khom lưng hửi đít thằng mao chó .,2
đem hẳn đặc_sản ra trình_làng,0
các bạn cứ mạnh_dạn tỏ_tình đi . biết_đâu lại thành người_dưng thì sao,0
chó cộng_sản bán_nước hại dân .,2
mọi người buồn thì qua page em nha page hợp tâm_trạng v,0
tien loc truong l ấy bạn,1
"từ từ , nướng nướng cái đéo gì cơ ? nó không phải joke nhạt , mà nó là joke kiểu của bọn vô_học á bạn . tôi không thích chõ_mõm vào việc của người khác , nhưng có_lẽ là bạn nên xem_lại bạn của mình đấy , thật",1
gdd t với t làm được gì cho xã_hội thig lquan đéo gì tới m với cái ch đang nói ? thành_phần như m tốt nhất nhập_tịch trung quốc đi . xấu mặt việt nam lắm,1
3 4tr bán còn 300k đến 400k . . nói xạo nói ngu còn nói cho to . . lên_mặt dạy_đời bán hàng dễ_thương mồm mày ngày thường ăn phải gai tre nên giờ tối lại xộn lào à v,1
yêu câ u chi ta bi ch loan lên chương tri nh đô ng cơ bay ra đa o cu a su 30 la gi ?,2
jack gầy lắm à_ơi muốn tăng cân thì nhắn_tin em nhé,0
thiên_tai hạn_hán cũng đổ lỗi cho chính_phủ . vậy có_lẽ tao cũng_nên coi mày là thất_bại của việc bố_mẹ mày làm_tình phải không thằng quản_trị óc chó chó ?,1
"phản_đối là đúng rồi . mồm thì phát_biểu là tôi sẽ rời ghế để đi ngắm biển chứ không_thể chết ở vp được . rồi lại đi xúi bọn người_làm , làm_việc hết_sức mình . đúng là cái bọn chó lợn . 😃",1
đám trị chỉ có ngựa này,1
cái thớt idol live này đăng tin toàn để chúng chửi,2
đụ má mặt nhìn như đàn_ông,1
"ơ , thế bà_già của mụ này ngoại_tình với ông hồ lòi ra mụ à ?",1
xàm lồn quá thằng bóng ơi,1
đạt mà xuân hết nghĩa_là tôi củng mất,0
chị ba quốc dân 🤣,0
tu bi không tình_yêu . .,0
đũng là đ có trải nghiệm riêng nên rất khó 🙂,1
diện trần óc chó choá thật .,2
cđmm nhung,1
tùng sói thíchh ghee nta có ảnh ọt là vui r,0
đã full ảo hình .,0
con nay dien nang qua,1
uii được thực_sự,0
ở bển thì có bệnh_nhân 31 ở mình thì có bệnh_nhân 17 chịu thật_sự,0
thăng cảnh_sát giao_thông ngủm thật hôm mùng 2 tết lê được nay mạng . . chúc_mừng nhe . .,1
anh anh cái củ cc đấm vào mỏm luôn cmm giờ,1
luật_rừng của quá xứ đông lào,2
anh ba dữ quá,2
chị vàng_ngọc ít mất_dạy hơn chị ba,2
đóng vào hoàng mai ka là chạy vô_tư,0
tất_nhiên . có chết ngay được đâu,0
người tâm_lý hung_hăng bất_ổn cho ra đường khác_nào thả chó dại chưa rọ_mõm ra cổng đâu .,0
dân có phải toàn đầu bó đâu . mà đcm lấy cái lý_do thuỷ_triều đỏ ra loè nhau,1
"hoan banana tự_nhiên kêu nó câm , m có vấn_đề về thần_kinh không",2
nguyễn phương linh các bé không hiểu mỉa_mai là gì,0
phú nguyễn kế_hoạch 20 năm 😂 😂,0
hèn với giặc ác với dân nói nhiều rồi lắm,1
nhin nhu tk mao trach_dong,0
rambo vẫn lắm phải tự ngã xe mới chịu được . sang cả thái lan tấu hài,1
đcm chửi hay lắm . chửi hay lắm,1
xin phép moi người cho tôi chũi con chó 1 cái v,1
con chó điên,2
tiền có_thể kiếm cả đời . nhưng mạng mỗi người chỉ có 1 . hãy tự vì mình trước_tiên đã !,0
ơ tưởng thầy chơi gay 😢,2
td yêu quỷ nói chả đúng gì cá,2
dám phản_động hả ? kk .,0
"việt cộng là cái thứ sinh ra từ thành_phần bần cố_nông , đã là bần cố_nông thì chả có đứa nào được học_hành tử_tế đến_nơi , đến chốn . hậu_quả là bọn việt cộng nó quản_lý , điều_hành đất_nước như cái con c , ngóc lên không nổi , nên phải bán đất_nước cho bọn mọi_rợ tàu để có cái mà ăn dọng chứ !",2
ha anh tri đuôi nó tròn là con_so còn hình tam_giác là con sam đó chú ăn con_so mới chết .,0
cùng dùng mà công_dụng khác nhau,0
nói gì tầm này nữa . .,0
alo alo 😜,0
cô ba ơi cê . ngư_ta đi chị ơi,0
nguyễn mạnh hưởng cặn_bã cái địt thag bố m,2
quá chời quá đất kon tiết,0
đinh phước bình_luận trên thì không thấy chửi mà bình_luận này lại quay ra chửi chắc là thấy gái nên nứng hết cả buồi nên không dám chửi bác ạ,2
thần_kinh_tọa,1
dũng trần người việt sang mỹ xong thật bay dìa cái thành người thứ 34,2
đã phát_hiện ra nguyên_nhân . . gây ô_nhiễm là đây,0
chửi cái l linh cá lon,2
mạng mẽo như đầu bạn 😏,1
tộc_trưởng có_thể mai_mối cho dân nữ không,0
máu cộng_sản ăn vào . rùi nên luôn vậy người,2
cái đó là thiếu nha bạn còn cái loại đi bắt_bẻ như bạn mà cũng bắt_bẻ ngu như bò ? chính tã là chính gì ?,2
tóm lại bạn cũng như linh nóc toàn là lũ thất_học vì một_chút tiền lợi_nhuận chửi nhau kiếm tiền,2
! cánh hoa đây,1
ngoc chu đme đang ăn sáng 🙂,1
trường đang 🤣 🤣,0
"năm ông là năm ông , lục tổ là lục tổ , sao lại năm ông lục tổ . xưa kia lục tổ huệ năng là tổ thứ sáu được ngũ tổ hoằng nhẫn trao y bát ! . năm ông , lục tổ của bác công lại là 11 ông_tổ phải không bác ? ?",0
hahaha . . nghe mùi chắc là cũng sắm kha_khá rồi chớ gì,0
"cái miệng cua con bong thuôi này chuoi ngta sẽ bị ung thu hong , lưoi miệng cực kô ?",2
"vụ vl này nghe lâu rồi mà , có vụ yêu_đương rồi tặng quà nữa , rồi tặng thẻ game nữa , bá đạo thật , làm như dễ lừa quá , tình_yêu làm như trò_đùa kk .",0
"không chết vì ô_nhiễm cũng chết vì hoá_chất , còn không lại chết vì tai_nạn giao_thông hoặc chết vì ung_thư hay bệnh_tật . quá_lắm là chết vì tàu xâm_lăng thôi . thằng quản_trị mày lo nhiều quá nên đăng_tải lung_tung chớ dân đông lào mình đồng , da sắt , lắm c . . t bằng bù lon mà sợ chi hahahaha",1
bắn chết mẹ nó đi,2
tưởng không có tuổi luôn với vong ba gà,1
nói ý_kiến của luôn mình mà bị gọi là phản_động . . xàm vl,2
quỳnh như 😊 😊,0
e mua bay với bàn xoa rồi sếp ơi . tổng_hết 100k . chát quá,0
"lúc trước không biết page nào có share bình_luận các thứ , ông thầy nói_chuyện ngu vl . đang tranh_luận thì xóa_cmt , xong bảo nó phát_ngôn bừa_bãi , tag người này người khác vào làm_chứng để lập biên_bản . trong khi mọi người hỏi nó nói gì thì kêu nó nói bậy nên xóa_cmt , chưa kịp chụp ảnh . v",2
cc j zay,1
"bố ơi vào đây bố , khều cho con ít donate .",0
anh sinh_viên nghèo hải phòng và con cave già sa đéc !,2
diệp đình huy thật phục cái địt_mẹ mày,1
biết_bao_nhiêu vụ đi bắt người bị quay xong bảo bắt_bớ dân lành ? thì đm bây_giờ công_an nó chờ đủ hết mọi thủ_tục cần_thiết nó mới dám bắt chứ không thì đm cư_dân mạng chửi sml ra à ?,1
cuối đời rồi ông trần dần cũng nghĩ ra được để sam hoi đoàn_kết để còn một_số_thành_phần chống cộng nghĩ_lại,2
"ta chuẩn_bị quay về để đưa đất_nước ngang_hàng với thế_giới văn_minh bạn ơi , để cho bộ_trưởng bộ công_an , và công_an các tỉnh dẹp hết bọn siêng ăn_không chịu làm , tôi bạn , cùng tất_cả các bác , các anh , tài_giỏi , các nhà_báo , nhà_văn . các thí_sinh thi đường lên đỉnh olympia , cùng các nhà lão_thành ta cùng nhau về , đưa người dân_nghèo phát_triển ngang_hàng với các nước tư_bản hiện_đại",0
idol tôi có khác . phải v chứ ai như cái con phò tiệp tiệp j đó . đm nó như 1 con đàn_bà .,2
nghĩ mà chán hazz,0
tiên_tri gi gọi là tri thần_kinh,1
cái lồn,1
"nó chửi cho đúng chứ không luôn thấy là nó chửi sai . nó chửi cho khôn ra chứ nó chửi không phải là để cho tụt_hậu , cho đi xuống . . tuy văn_phong thô_tục nhưng nó thật . . nên đéo thể cãi được , phải xấu_hổ thì phải thay_đổi",1
mày cứ nghĩ mày là ông cễnh con à,1
sống chậm thui mọi người,0
nam chứ không phai nu,0
chúng_mày luôn ít tuổi phải không lũ không,2
mọi người vào facebook con này làm_việc nó đi,0
quan_ngại sâu_sắc,1
cũg chưa biết tin ai được m ơi đồn như lời,1
sao no van len mang được thế,0
"si cam on ma , hen chi tôi thay nghi nghi dieu bat thuong , con hon nghe si ho quan len dong ! !",0
tú ông ngu suẩn nhìn mặt và thái_độ sặc_mùi quá âm_hộ,1
quan trong la sau nay con moc nhieu nha may nhu the nua không moi qua trong,0
cờ giáo_hội . . tựng trưng cho hòa bình_công_lý 😑 😑 không biết à,0
"tội chú bộ_trưởng , sống liêm chính không tham_nhũng , nên làm cả đời không đủ tiền mua tvi , máy_tính và smartphone nên không_thể_nào cập_nhật được những thông_tin mà báo , đài_đăng về thực_phẩm kém chất_lượng .",0
tụi trung nó qua việt nam mặc áo_dài luôn rồi ah . các bạn bò vô cho mình tí ý_kiến với ! ! thanks các bạn,2
"hô người việt dùng hàng việt đâu hết rồi , làm mẫu đi chứ",1
tuyết nhung phan update cho bạn mình,0
thôi anh im đi,1
tien su no lam mom ? . .,1
add lồn cái là gì,1
đời là thế thôi 😅,0
đầu đến_nỗi vậy lá quốc_kỳ mà thật dân_tộc dưới sự lãnh_đạo của đảng mà không có đủ khả_năng mà phụ_thuộc vào trung quốc quá vậy xao quá đi,0
phá_sản r làm đĩ đực thôi abr,2
tội_nghiệp cô quá đi 😭 😭,0
"cái thằng tung cựa . . nó lại đi trước chúng_ta à ! đã duyệt bao_nhiêu cái tượng_đài , tốn bao_nhiêu tiền tỷ rồi mà . . không có cái nào to nhất để đập là sao hả . . các đồng_chí ! về viết kiểm_điểm hết cho tôi . .",2
"ji nhung sếp nhung đâu , tag vô kk",0
thằng già kia đứng cười chứ,1
vũ văn hiệp học_trò như đách lồn,2
"pakistan nó dùng luôn máy_bay tàu nã máy_bay pháp của ấn chưa kịp cất_cánh . mỹ giờ nghĩ tới triều_tiên là teo mẹ 2 trứng dái rồi chứ nói gì đến tàu . việt nam thì khỏi phải bàn , sợ tới 3 đời sau",1
ghép cl nhé,1
thiếu nốt cái live là anh chăng khác gì bọn cô rê an,2
sao chi dep wa vay ta,0
nó đéo làm như_vậy thì gọi đéo gì là dư_luận viên ?,1
phương loan trend của tít ngày_xưa 😂,0
"không phải năng_khiếu bạn ơi , cái bài này mấy ông ấy đi nhuyễn hết cả rồi còn đâu , dân còn lạ gì",1
phải công_nhận hôm này ngài tiên_tri trần dần nói haykk . . hôm_nay ngài dám đội nón cối rồi,0
hahaha 🤭 🤭 nghe tới tl mắc cười quá 🤣 🤣,1
anh tôi đẹp hơn,0
hoang vo hay,0
"cần xử_tử con thật thú máu lạnh này vì nếu để nó sống , xã_hội sẽ nguy_hiểm hơn !",1
thộn 😂,0
con đĩ linh nc ngu vãi ! ai xuống thăm nó chưa nhỉ,2
vl cứ thấy cờ lạ lạ là bảo cờ phản_động,0
nên lập kênh mới là trungg cho nó nhắc đến kỉ_niệm này mà đừng gáy sớm nữa thầy,0
xin tên nhạc .,0
sợ vl đi lấy le với gái chịu,1
cái nào tốt th khen cái nào xấu là chê quản_trị có tầm nhìn thấu đáu sáng_suốt . chứ không phải bọn ngu_đần mê mụi không phân_biệt đúng sai . người_ta thấy sai người_ta nói thì bị cho là việt tân,2
vui_vẻ cc cứ theo à độ mà triển,1
tuổi đó mà làm lãnh_đạo ở việt nam thì chắc_chắn là rau_sạch của sếp . . 😂,2
"này thì bố_láo , cho nhập kho gấp . không xử nghiêm tụi nó nhờn mặt không coi luật_pháp ra gì .",0
cả tiểu tiểu nữa,0
đức mạnh gaga,0
"hiê u_pê đê nhu c , miê ng sửa như cho , đâ u ngu như bo , ba n thân bo ng va ng ma bẩn_thỉu kk",2
bị khùng r 🤪 😨 nói tiền nhiều mà giựt tiền cô minh hiếu 🤣 🤣,1
"dân của dcs với tàu thôi quá nhá , đéo phải hợp_đồng .",2
chắc trong chuyện vui có liên_quan đến bú ku 🤣 🤣,1
những chú d . â . m l . o . ạ . n viên đâu tôi muốn thấy cái m . õ . m c . h . ó của mấy bạn,1
lưu_ý nhà thằng nam có bộ sưu_tập tượng rất đẹp .,0
sẽ cố_gắng thích_nghi,0
chúng_nó đ . ớ . p c . ư . ớ . p thật có tổ_chức .,2
phuk cho mụ tiến về làm trưởng ban chăm_sóc sức_khỏe cho cán_bộ . ahihi,2
một lần x6 xem anh_em có trầm_trồ,0
"đang nói đến sự bịa_đặt của từ_thiên_đường xã_hội chủ_nghĩa . lại tổ lái sang từ khác để lấp_liếm à . thôi trả_lời đi , có tài_liệu nào chứng_minh từ này có ko . hay toàn từ mồm bọn chống cộng ra",2
trường giang ý mình là họ đều không có ý_thức như nhau cả . . biết mình có_mang bệnh trong người mà chẳng chịu đi cách_li rồi mang mầm bệnh trong người đi lây sang cho người khác tội cho người_ta lắmm,2
sơn tùng vẫn yên_ổn nhé . ai nghi_ngờ cách_ly luôn rồi . không bận lắm thì về nhà đỡ sợ,0
hồi đấy thấy khánh phương đẹp_trai nhất trong nhạc trẻ,0
thầy lồn,1
đi kiếm con linh nó đỏ sẫm do đánh chết mẹ nó đi rất thật ừ_ho,1
quản_trị sao mày bố_láo thế,2
trước_kia hơn d,0
tôi này bằng diết người quá ác mong các cấp lệnh đạo trên xem giúp gđ họ,0
dân mà gạt tay vậy chắc tô lâm nó cho vào tội cưỡng_hiếp nun,1
thả icon sớm cũng bị nói thế_giới này thật kỳ_lạ,0
mê tik tok xem cười muốn chết kk,0
hello cả nhà,0
các bạn xem thời_sự việt nam lúc 19 h tối qua mới thấy đáng buồn cho cái chế_độ này . biển đã như vậy_mà chúng_nó vẫn cố khuyến_khích người dân đi biển để phát_triển du_lịch . lợi_ích chúng_nó vẫn đặt lên hàng_đầu con_người chỉ là muỗi thôi,0
nhieu tuoi mak theo vet xe do mat l ol,0
lao gia khung tien tri cai con c .,2
thân ? chửi học_trò như 1 con chó . . thương cái lồl . .,2
và bộ_tộc mixi cũng từ bằng ra_đời dưới sự lãnh_đạo của tộc_trưởng người cao đó buồi to như lõi giấy vệ_sinh,1
sếp nhà người_ta không làm mình thất_vọng,0
và đây là giải_pháp,0
tưởng con lợn 😑,0
"mỗi tháng 7 8 triệu khổ lắm anh_em ạ . . toàn phải ăn tôm_hùm , cua_biển thôi",0
thoại trần thâu ông im mẹ nó ik,1
hậu_duệ mặt_dày,1
thằng mặt l này đi trên đường tưởng thần_kinh đấy,1
"93 nguyễn tao theo_dõi linda từ 2013 tới bây_giờ rồi chứ không phải mới_đây mà biết hay không biết , tụi nó bình_luận ít có xàm lồn quá nên vl bị chửi là vừa , rồi nói bình_luận khen mà cũng bị chửi là do tụi nó bình_luận khen trên đầu trên cổ người_ta đm ai không chửi",1
anh đánh_máy giỏi tên ! dám quá biến đường_đường là chủ_tịch của một thành_phố thủ_đô trở_thành thật nói_láo ! tiên_sư anh đánh_máy !,1
chị hay cú có gai,1
con_mẹ nó,2
người đi ô_tô nói cái đ gì cũng đúng v,1
"chỉ 1 2 đất_nước trong nội_chiến vẫn đã làm được điều như này vào 60n trước . . ôi ! , tôi yêu mọi người của tôi biết nhường nào !",2
ma ba ơi con khổ quá ma giúp con đi,0
chị ba vàng_ngọc có cây nọc giữa háng,1
chi ba vang that không so lua . chi ba giup e . khoa cai mieng con ho xuan huong o viet nam không biết no được bao nhieu tien ma si nhuc con người_ta 1 cach kinh tom,2
phương minn hay cố_tình vào đây để bán đồ online sống sạch lên,2
rất,1
thâ t sư kho chi u mâ y tha nh phâ n vô y thư c vcl . nga y xưa cu ng co mâ y lâ n mă c i a đi ra với công cô ng hay chơ tơ i lươ t được i a . đu ca i lz ma dô nhi n ca i thôi quyê t đi nh nhi n i a tơ i khi vê nha va đê n giơ co đi đâu mă c i a cu ng nhi n tơ i vê nha i a luôn a,2
m pk thầy ba giống con gà điểm nào không thao hoang,2
theo phản_động thôi,0
là người nổi_tiếng mà cách ăn_mặc văn_hóa không bằng thằng ăn_xin,1
ông ở lại là thảm_họa cho việt nam cả nước mong ông về đi ông làm tổng_bí_thư cả nước treo cờ dủ cả năm,2
nhận lương cao mà củng chẳng làm_nên trò_trống gì ! ! toàn p . h . á h . o . ạ . i và t . h . a . m n . h . ũ . n . g,2
phương hoa mà chưa qen ngắn_vậy đấy bạn ui kakaa,0
ngày_xưa trả báo thì chầy ngày_nay quả_báo một giây nhãn_tiền,0
bán rẻ tổ_quốc,2
vcl mấy thằng liệt não,2
mấy thằg óc chó chó,2
d m hải_quan không tham_nhũng mang đầu tao đi mà chặt,2
vl v,1
hồ_sơ cần gì nhể 🤣,0
thằng quản_trị chắc theo công_giáo nên suốt ngày thiên_đường,2
cố_vấn cấp cao cho đàn c hó,2
"mấy chú mà có quen 1 thằng ăn_chơi hoang_tàn , se sua diêm_dúa cộng thêm cái tính láo_toét éo có tự_trọng . . suốt ngày mở_miệng là nổ mà cứ hỏi mượn tiền . . mấy chú tính sao ? liệu cho nó vay bao_lâu thì nản ?",1
okela,0
gián_điệp là vũ_khí hủy_diệt,0
hai vu hai vu mô phật .,0
nó lại hợp_lí vlone,0
"đi ống tinh hot_girl , nghe vui_tai hơn",1
nguyễn hạnh mai_phục cái máu lồn,1
ôi con đàn_bà ngu hại nc hại dân . . giau thi kêu bố m xung đi vao quá công quỷ để phòng chóng cái tác_hại cua m tiền con mặt lồn,1
giờ trung_thu nó là mùa sinh_sản rồii . . đêm 14 là chúng_nó bắt_đầu phối giống,0
nghe như bị hiếp_dâm vậy đó,1
bhxh đóng để lấy tiền bù thâm_hụt ngân_sách thôi chứ không phải vì công_nhân ! đóng cho cố vào không biết có lãnh được không nữa !,2
chuẩn_bị sub kênh mới cho abe,0
đcm . nó đóng thuế_nghìn tỉ thì nó được quyền giết người à con chó,1
toàn những ông vua không ngai nhưng đầy quyền_lực và quá đặc_biệt rất giàu . .,1
ship à 10 hộp ra bắc ninh nào,0
mình không thích đi ô_tô thích xe_đạp nên khỏi cố,0
rất tiếc ông chọn để cái quá đãn chó chết nhầm phục_vụ,1
vừa khóc vừa cười v,0
lisa là con phản_động . . . sao bằng cô này,1
người trong sd ngro mà tối cổ 🗿,1
ý_thức cộng_đồng đ có thì ac sống làm_chi z trời 🥴,1
cà_khịa,0
yêu cô va i ca l,0
dừa 🙂,0
tuổi này chỉ bọn đa_cấp nói mới nghe thôi vl,1
con nay lắm mat dai,1
tốn thật mất 1 phút cuộc_đời,1
5c và 5đ,0
"ngô thanh vân coi đi có nhục quốc_thể không . gọi fan vô chửi như là chửi cái đứa công_an sĩ nước mỹ mặc áo_dài không quần ý , rồi dạy cho cựu vdv nay vô gu ghồ tìm_hiểu xem mảnh vải đỏ có hình sao vàng là cờ của nước nào .",1
góp vui một_tí 3,0
tội_nghiệp chị ấy quá . trẻ khỏe mà đi cướp_giật của người tàn_tật không chấp_nhận được,0
tụi nước_ngoài ngu như bò . không có bôi_trơn thì sao mà nhận_thầu được,2
đại văn phạm đjs v,1
linh_chi tôm cua ghe_thui,0
bổ chết moẹ abe bây_giờ,2
hên là đọc quá còn được tiếng việt,1
não chó,2
nghe có vẻ hư trúc nhưng lại rất mộ dung phục,0
"thôi chết mẹ , hôm nọ thì con_mẹ nấm thối kêu_gào ông trum ông vại này_nọ , giờ lại đến vl idol trần dần . đang tự hỏi , không biết con_mẹ nấm thối có phải là cộng_sản nằm_vùng không ?",1
"bọn xu_nịnh là những kẻ làm hư cán_bộ , và là những kẻ yếu_kém chuyên_môn nhất .",2
kiểu_cách nc y_trang,0
"ở việt nam thì có_thể , tôi nhấn_mạnh là có_thể thôi trở_thành trend vì bạn là người nổi_tiếng , còn sang nước_ngoài bạn nhìn tấm ảnh đi , trông như đồ quê_mùa học làm dân_chơi",1
bác cho e hỏi làm tấm này như thế_nào z,0
"page thối_nát . . cứ ông_ổng như lợn rống . . có giỏi về đây mà cách_mạng , luôn tao theo . .",1
uống nước là đi tù,1
cố_gắng giữ sức_khỏe nha bác trần dần đất_nước mong bác về nước cống_hiến cho đất_nước,0
"đừng lấy lí_do trời mưa nên không stream được nha anh già , anh trốn việc hơi lâu r đấy kệ con_mẹ giải đi , mấy giải thái lan ai mà thèm , em chỉ thèm giải ao làng của anh thôi",1
bú cu không thầy,2
bảo yêu nước thương nước . mà cứ chỉ chờ khi bệnh rồi là lại về và bê đê lây_lan dịch . có mà ghét việt nam thì có 😔,0
đánh_giá đề thi toán chiều nay phòng thi nóng vcc được cái giám_thị xinh và đề cx dễ hơn năm_ngoái nên cx khá ok,1
nó in tiền như in giấy_lộn thế này bảo sao không lạm_phát .,2
cứ hình_sự_hóa cái tội bỏ hóa_chất vào thức_ăn và quản_lý_hóa_chất nhập về việt nam thát kỹ vào .,0
chị ba thử đăng video chửi tổng_thống mĩ đii,1
cái loai pe de thiet thoi nam,1
này thì nhây v,0
giá đã niêm_yết . ngu mua đắc_chí để thằng quản_trị sủa . tuy_nhiên cũng phải chấn_chỉnh cho nề_nếp,2
trò này trong sg đã chơi từ những năm trước 75 nhỉ nhớ có cảnh này trong film ván bài lật ngữa hay biệt_động sg gì đấy . .,0
thuốc_lào đấyy,0
sai vl,1
người hải ngoại duy_nhất làm người dân trong nước lo_lắng về sức_khỏe nghệ_sĩ nhân_dân nhà tiên_tri vũ_trụ trần dần ! 😂 😂,0
sao lon dung la mieng cho không quá the moc với nga,1
chi ba dep het tuyet với,0
"hà_nội sẽ được đổi tên thành tp mao trạch đông , đg biên_giới việt_nam sẽ được mở_rộng ra tới tây tạng . giải_phóng đài_loan sẽ là nhiệm_vụ hàng_đầu của nhân_dân xhcn , đế_quốc mỹ và bọn tay_sai sẽ phải cút khỏi biển đông và biển nam hải . cùng với thượng_hải , bắc không",2
đình quang add em vơii 😞,0
nói thô_thiển thì nghe như đấm vào tai ấy . . chưa bh nghe được hết nửa bài 😞 sao giờ gu nghe nhạc của mọi người mặn thế_cơ chứ_lại 🌚 🌚,0
dạng như con mụ thật bộ y_tế khóc khi bệnh_nhân uống phải thuốc giả vậy á,1
không có cảnh_sát giao_thông nào tốt cả .,1
thôi bỏ đi mà làm người,1
nói mấy người nghèo cho chết đói . v trước đó gửi đồ về cho minh hiếu làm từ_thiện dell gì,1
nói về thương_mại tiger nude cũng hiểu 1 chút đó,0
"bọn ricon toàn ngu học , thắng nó nói bố fifa lo vậy sao trận gặp psg thì bố fifa đâu chúng_nó không nói ?",2
cưng ghê,0
"riêng tôi là tôi ghét tên đàn_bà ncq , đã 40 tuổi rồi mà hành xử không khác gì một thằng nhóc mới 18 .",1
bình_luận dạo để kiếm anh người_yêu cục_súc,0
mặc áo đó stream đi abe,1
cương chó con_người chứ con đặng đâu,1
đinh phước tao nói mày xàm lồn nhai_lại như máy con bò dưới quê t thì đ ai bênh m đâu,1
trần thanh khi câu mà m nhắn qua cho t nào đuỹ lone khốn_nạn ghê quá là t hiểu r đó,1
ca n me ca i lơ i vi tu i na y,1
không có tiền mà xạo lồn,1
"mai phùng mạnh ừ nhầm mất , quê quá đii",0
nói j thì nói nghe giọng khàn khàn éo thể_nào yêu được 😅,1
"mấy thằng thằng bóng_lộn xàm lòn ,",2
con này đúng là sạo lồn 9 phương củng không chừa phương nào hết,1
"cái bọn bang đảng búa liềm này rất láo , vô_sỉ . miệng thì bù lu_bù loa dân làm_chủ , nhà_nước quản , can bộ là đầy tôi nhưng xin hỏi có thằng đầy tôi nào mà láo như vậy ko , không hề trình_báo_công_việc mình làm , tiến_trình và kết_quả ra sao cho chủ , lại giữ bí",2
con mắt của tôi không còn thấy ánh_sáng,0
"lâm nhi việt_nam cũng tư_bản thôi , mấy thằng lãnh_đạo nhà giàu 3 họ nứt vách như tiểu bá_tước chứ dân đen có được gì đâu",2
sale khô gà 50,0
chi ba la vang ngoc,0
tao chỉ mong bóng_đá thua mẹ luôn mấy trận đầu cho xong . . đỡ tốn tiền thuế của bố 😠,1
quản_trị m éo làm được cái chi mà tối_ngày đi vạch lá tìm sâu mà nói ! có tài thì bỏ face và làm j đó thực_tế đi .,1
nguyễn đăng dự nhục mặt fan mu v bạn,2
bọn vô_ý_thức,1
"muốn công_ty phá_sản , nhân_viên thất_nghiệp hay gì mà nghỉ , đã đi lm kiếm tiền chưa mà mạnh_miệng vậy",0
tên ăn hô nói_tục . . đô trưởng hn . .,2
. mở_miệng ra phật phật . . mà đỉ cười này_nọ . . ô ế cửa phật,2
chị minh hiếu đẹp quá,0
"lời nghe và hiểu được 2 câu , chắc t phải học lại trình nghe hiểu lớp 1 😨 😨",0
nhờ nó tố_cáo mà khỏi ai thắc_mắc thằng nào là thằng mặt heo 😃 😃,1
lệ mai hay quá eim mei ei . .,0
quản_trị cũng biết ông này à ?,0
"jack hát nhạc_vàng thì hợp , luyến_láy như c",2
chúc_mừng thầy mongg thầy ra những giáo_án xịn xò mới_mẻ hơn susan . . v . v,0
võ cẩm loan mày không thích co hang vô thi m dùng có . coi . ko bằng log nách ba . tuc ha,1
đậu_xanh rau_má thằng dư_luận viên nào vào đỡ dùm cái chủ_đề này cái v ? giải_thích sao định_hướng xhcn mà lỗ nhiều vậy ?,2
anh lân phỏng_vấn với bác nào đối_đầu mạnh xem mới nhiều ý_kiến hay .,0
đất_nước việt nam bây_giờ giống như trung quốc hồi cách_mạng văn_hóa quá . bệnh thành_tích và gia_đình_trị con ông cháu cha đưa lên . bất_tài vô_dụng tham_nhũng chảy máu chất_xám lừa dân . tức nước vỡ bờ sớm_muộn chúng_nó cũng bán rẻ đất_nước này,2
quan kiểu này chém chết,2
vũ thanh huyền vậy bạn đã làm được cái con cặc gì lớn_lao để thể_hiện_tình_yêu nước của bạn chưa ?,1
lý_do 1 đứa con_gái chấp_nhận yêu xa là thằng kia nó giàu vailou . hết . . ! !,1
phá hết đi rồi chết . cuộc_sống thật mong_manh,1
"nhà nói_dóc , nhà ảo_tưởng chứ biết con_mẹ gì mà tiên_tri 😄 🤣 😂 😂 😃 😂 😭 😢 😘",1
bu ng như con heo vâ y ma ba i đă t ba n thuô c gia m cân . uô ng đi rô i chê t .,1
made in vietnam,0
"mấy tụi dư_luận viên hay nói đu càng này_nọ . nảo chúng bị nhồi nên úng rồi . thật_ra đu càng đâu dể . đu càng tốn cả triệu đô . chỉ có ở tụi quan lớn tham nhủng . chứ bò đỏ ấu trỉ umê bưng bô lương ba đồng làm gì có cửa đu , chỉ biết làm chốt_thí . . ha_ha",1
"địt_mẹ lũ chó bán_nước hại dân , ăn nhiều cho mập thây",2
"cộng_sản luôn đúng , nếu cộng_sản sai thì mày là thằng phản_động",2
gia cát bị đồng_bóng à,1
"tư chân ly gia , tư tươ ng gia , đa o đư c gia , đươ ng lô i gia , bâ u_cư gia , luâ t pha p_gia no sinh ra đu thư gia va sư dô i tra , lư a_lô c , xa hô i na y đa la xa hô i suy đô i thô i na t đê n mo i rơ .",2
tphcm trong tương_lai sẽ là thủ_đô thì phải . vì người ngu sẽ bỏ hết thủ_đô hn quá,2
bú l ngọc thật trinh sẽ tinh,1
có cc nè em,2
tứ_chi phát_triển mà não đéo phát_triển 😔,1
30 03 con đ . ĩ l . oz thúi 🦋 😂 😂,2
ngồn_ngộn quá như 1 đống thịt nhìn,1
"chỉ có_thể là vin mong họ làm_giàu và mang thương_hiệu quốc_gia và chia_sẻ với đồng_bào . họ làm ra tiền vì họ giỏi họ biết cho đi , kính_nể họ . còn bầy chó cắn càn không chấp",0
hay wa wa chi oi,0
dòng_họ cao_sang mà có người bị vậy không tiền để trị bệnh tội ghê .,2
yêu thầy ba rất cẹt 😚,0
con xài sim mobi,0
linh việt_kiều đâu vl có ở việt nam đâu mà kiếm,1
phía sau thằng đàn_ông thất_bại là con đàn_bà xui dại v,0
ai biết mimosa là ai không ạ,0
i love you chu cà_mo cô,0
mấy loại này bỏ_tù chục năm vì gieo_rắc mầm bệnh cho nó chừa .,0
tết để quả tóc tomboy loi_choi,0
"ông_già tham rất lồn . . tay một cái , mồm một cái",2
lại vì huệ như ngang tầm với chủ_tịch i chi minh có đúng không nhỉ các bác cho em ý_kiến,1
"đối_với tôi ,",0
chung tiến không biết xem sinh_vật,0
hai chi em ba nay mat dai an noi tuc tiu lon roi an noi mat dai hai chi em may no khoe,1
anh 3 ngu vải ra hahaha,0
tóc_tai trông như cái đầu . luôn .,1
"nhuc quá may sự oai_phong cua mày dau , dám chiu dám chơi sợ gi , tổng_tài co vl len",1
"chế_độ tốt sinh ra con_người tốt . hết xả súng da đen , trẻ_em , cộng_sản mỹ lại làm 3 cái_trò này . .",2
bọn chó sủa bậy,1
"thảo_nào dân bắc triều tiên ai cũng ngủ tốt , ăn khoẻ , thật tăng cân nhanh . .",2
uầy chơi gắt_thế,0
hèn gì ai cũng cố_gắng bán nhà bán đất bán ruộng bán trâu để cho con_em vào làm nhà_nước,0
thuyết_phục 😂,0
trần công_luận đem đi tư hi nh cho no le pha t chi cho no mê t,1
nghiệp ghê,0
"ch ! ch_khỏe , ch ! ch phê , đê_mê tối_ngày v",1
"phan p nhưng chắc mình xa nhau lắm , làm_quen rồi anh có dám đến với em nì",0
quản_trị sao mày bố_láo thế,1
nghe tới bạn_bè óc chó nổi cục . . ớn xạo cười không hà . . thứ ăn cháo đá bát em thấy nhiều chị ơi . . bớt giận bớt giận 🤫,2
"nhìn à độ y_như_rằng quay lẹ đi tao còn đi ngủ , mặt không có tinh_thần lun",0
bùi thị minh thư không ngon mà,0
năng sinh_tồn ngáo đá hả chưa có làm j bạn bạn mà chửi người_ta,1
cái chính_quyền như cái lờ,2
những chú dâm_loạn viên đâu tôi muốn thấy cái mõm chó của mấy bạn,2
chính_phủ nhật xin vái ảng cộng_sản việt nam 1 vái dài rất đái,2
nq nỗi tiếng koa tiền . . ở_truồng cũng nói sang . . nq bình_thường mặc đồ đẹp mắc tky cũng cho la hàq dạt rẻ_tiền . . đúq là đời,1
không sợ địch mạnh sợ đồng_đội thiếu suy_nghĩ 🤣 🤣,0
cho vang,0
tay cô gái to vl,1
bo n cho chi biê t ăn thôi,1
"93 nguyễn thế bây_giờ còn chửi ai không , tụi bây cũng ít rảnh lồn quá mà , vô bình_luận cũng đàng_hoàng gì . . nói trên đầu người_ta không chứ đàng_hoàng gì",2
nó xui vl,2
có lúa rồi không ngán mẽo và noto ngay vã vào mặt đanh_thép .,0
vâng ạ nhưng em buồn vai lon anh ưi 😞,1
giờ mà muốn vô_tư không lo_nghĩ gì thì chỉ có_thể là vào viện tâm_thần thuii,0
một pha óc quá chó chó của à . ý_thức như ruồi của à,1
